Invalid HTTP_HOST header: 'r2.quantumcoresoftware.com'. You may need to add 'r2.quantumcoresoftware.com' to ALLOWED_HOSTS.
Traceback (most recent call last):
  File "/home/hightech/virtualenv/r2.quantumcoresoftware.com/air/3.10/lib/python3.10/site-packages/django/core/handlers/exception.py", line 55, in inner
    response = get_response(request)
  File "/home/hightech/virtualenv/r2.quantumcoresoftware.com/air/3.10/lib/python3.10/site-packages/django/utils/deprecation.py", line 119, in __call__
    response = self.process_request(request)
  File "/home/hightech/virtualenv/r2.quantumcoresoftware.com/air/3.10/lib/python3.10/site-packages/django/middleware/security.py", line 28, in process_request
    host = self.redirect_host or request.get_host()
  File "/home/hightech/virtualenv/r2.quantumcoresoftware.com/air/3.10/lib/python3.10/site-packages/django/http/request.py", line 202, in get_host
    raise DisallowedHost(msg)
django.core.exceptions.DisallowedHost: Invalid HTTP_HOST header: 'r2.quantumcoresoftware.com'. You may need to add 'r2.quantumcoresoftware.com' to ALLOWED_HOSTS.
Not Found: /favicon.ico
Not Found: /favicon.ico
Not Found: /favicon.ico
Not Found: /favicon.ico
Not Found: /favicon.ico
Not Found: /static/img/breadcrumb-bg.jpg
Not Found: /static/css/service.css
Not Found: /static/css/blog.css
Not Found: /static/css/contact.css
Not Found: /static/img/breadcrumb-bg.jpg
Not Found: /static/css/service.css
Not Found: /static/css/blog.css
Not Found: /static/img/breadcrumb-bg.jpg
Not Found: /favicon.ico
Not Found: /wordpress/
Not Found: /favicon.ico
Not Found: /favicon.ico
Not Found: /apple-touch-icon-precomposed.png
Not Found: /static/img/logo.png
Not Found: /favicon.ico
Not Found: /apple-touch-icon.png
Not Found: /static/img/logo.png
Not Found: /favicon.ico
Not Found: /favicon.ico
Not Found: /favicon.ico
Not Found: /favicon.ico
Not Found: /favicon.ico
Not Found: /favicon.ico
Not Found: /favicon.ico
Not Found: /favicon.ico
Not Found: /favicon.ico
Not Found: /static/css/contact.css
Not Found: /static/css/contact.css
Not Found: /favicon.ico
Internal Server Error: /
Traceback (most recent call last):
  File "/home/hightech/virtualenv/r2.quantumcoresoftware.com/air/3.10/lib/python3.10/site-packages/django/db/backends/utils.py", line 105, in _execute
    return self.cursor.execute(sql, params)
  File "/home/hightech/virtualenv/r2.quantumcoresoftware.com/air/3.10/lib/python3.10/site-packages/django/db/backends/sqlite3/base.py", line 360, in execute
    return super().execute(query, params)
sqlite3.OperationalError: no such table: main_inquiry

The above exception was the direct cause of the following exception:

Traceback (most recent call last):
  File "/home/hightech/virtualenv/r2.quantumcoresoftware.com/air/3.10/lib/python3.10/site-packages/django/core/handlers/exception.py", line 55, in inner
    response = get_response(request)
  File "/home/hightech/virtualenv/r2.quantumcoresoftware.com/air/3.10/lib/python3.10/site-packages/django/core/handlers/base.py", line 197, in _get_response
    response = wrapped_callback(request, *callback_args, **callback_kwargs)
  File "/home/hightech/r2.quantumcoresoftware.com/air/main/views.py", line 11, in index
    inquiry = form.save()  # Save to database
  File "/home/hightech/virtualenv/r2.quantumcoresoftware.com/air/3.10/lib/python3.10/site-packages/django/forms/models.py", line 554, in save
    self.instance.save()
  File "/home/hightech/virtualenv/r2.quantumcoresoftware.com/air/3.10/lib/python3.10/site-packages/django/db/models/base.py", line 902, in save
    self.save_base(
  File "/home/hightech/virtualenv/r2.quantumcoresoftware.com/air/3.10/lib/python3.10/site-packages/django/db/models/base.py", line 1008, in save_base
    updated = self._save_table(
  File "/home/hightech/virtualenv/r2.quantumcoresoftware.com/air/3.10/lib/python3.10/site-packages/django/db/models/base.py", line 1169, in _save_table
    results = self._do_insert(
  File "/home/hightech/virtualenv/r2.quantumcoresoftware.com/air/3.10/lib/python3.10/site-packages/django/db/models/base.py", line 1210, in _do_insert
    return manager._insert(
  File "/home/hightech/virtualenv/r2.quantumcoresoftware.com/air/3.10/lib/python3.10/site-packages/django/db/models/manager.py", line 87, in manager_method
    return getattr(self.get_queryset(), name)(*args, **kwargs)
  File "/home/hightech/virtualenv/r2.quantumcoresoftware.com/air/3.10/lib/python3.10/site-packages/django/db/models/query.py", line 1868, in _insert
    return query.get_compiler(using=using).execute_sql(returning_fields)
  File "/home/hightech/virtualenv/r2.quantumcoresoftware.com/air/3.10/lib/python3.10/site-packages/django/db/models/sql/compiler.py", line 1882, in execute_sql
    cursor.execute(sql, params)
  File "/home/hightech/virtualenv/r2.quantumcoresoftware.com/air/3.10/lib/python3.10/site-packages/django/db/backends/utils.py", line 122, in execute
    return super().execute(sql, params)
  File "/home/hightech/virtualenv/r2.quantumcoresoftware.com/air/3.10/lib/python3.10/site-packages/django/db/backends/utils.py", line 79, in execute
    return self._execute_with_wrappers(
  File "/home/hightech/virtualenv/r2.quantumcoresoftware.com/air/3.10/lib/python3.10/site-packages/django/db/backends/utils.py", line 92, in _execute_with_wrappers
    return executor(sql, params, many, context)
  File "/home/hightech/virtualenv/r2.quantumcoresoftware.com/air/3.10/lib/python3.10/site-packages/django/db/backends/utils.py", line 100, in _execute
    with self.db.wrap_database_errors:
  File "/home/hightech/virtualenv/r2.quantumcoresoftware.com/air/3.10/lib/python3.10/site-packages/django/db/utils.py", line 91, in __exit__
    raise dj_exc_value.with_traceback(traceback) from exc_value
  File "/home/hightech/virtualenv/r2.quantumcoresoftware.com/air/3.10/lib/python3.10/site-packages/django/db/backends/utils.py", line 105, in _execute
    return self.cursor.execute(sql, params)
  File "/home/hightech/virtualenv/r2.quantumcoresoftware.com/air/3.10/lib/python3.10/site-packages/django/db/backends/sqlite3/base.py", line 360, in execute
    return super().execute(query, params)
django.db.utils.OperationalError: no such table: main_inquiry
Internal Server Error: /
Traceback (most recent call last):
  File "/home/hightech/virtualenv/r2.quantumcoresoftware.com/air/3.10/lib/python3.10/site-packages/django/db/backends/utils.py", line 105, in _execute
    return self.cursor.execute(sql, params)
  File "/home/hightech/virtualenv/r2.quantumcoresoftware.com/air/3.10/lib/python3.10/site-packages/django/db/backends/sqlite3/base.py", line 360, in execute
    return super().execute(query, params)
sqlite3.OperationalError: no such table: main_inquiry

The above exception was the direct cause of the following exception:

Traceback (most recent call last):
  File "/home/hightech/virtualenv/r2.quantumcoresoftware.com/air/3.10/lib/python3.10/site-packages/django/core/handlers/exception.py", line 55, in inner
    response = get_response(request)
  File "/home/hightech/virtualenv/r2.quantumcoresoftware.com/air/3.10/lib/python3.10/site-packages/django/core/handlers/base.py", line 197, in _get_response
    response = wrapped_callback(request, *callback_args, **callback_kwargs)
  File "/home/hightech/r2.quantumcoresoftware.com/air/main/views.py", line 11, in index
    inquiry = form.save()  # Save to database
  File "/home/hightech/virtualenv/r2.quantumcoresoftware.com/air/3.10/lib/python3.10/site-packages/django/forms/models.py", line 554, in save
    self.instance.save()
  File "/home/hightech/virtualenv/r2.quantumcoresoftware.com/air/3.10/lib/python3.10/site-packages/django/db/models/base.py", line 902, in save
    self.save_base(
  File "/home/hightech/virtualenv/r2.quantumcoresoftware.com/air/3.10/lib/python3.10/site-packages/django/db/models/base.py", line 1008, in save_base
    updated = self._save_table(
  File "/home/hightech/virtualenv/r2.quantumcoresoftware.com/air/3.10/lib/python3.10/site-packages/django/db/models/base.py", line 1169, in _save_table
    results = self._do_insert(
  File "/home/hightech/virtualenv/r2.quantumcoresoftware.com/air/3.10/lib/python3.10/site-packages/django/db/models/base.py", line 1210, in _do_insert
    return manager._insert(
  File "/home/hightech/virtualenv/r2.quantumcoresoftware.com/air/3.10/lib/python3.10/site-packages/django/db/models/manager.py", line 87, in manager_method
    return getattr(self.get_queryset(), name)(*args, **kwargs)
  File "/home/hightech/virtualenv/r2.quantumcoresoftware.com/air/3.10/lib/python3.10/site-packages/django/db/models/query.py", line 1868, in _insert
    return query.get_compiler(using=using).execute_sql(returning_fields)
  File "/home/hightech/virtualenv/r2.quantumcoresoftware.com/air/3.10/lib/python3.10/site-packages/django/db/models/sql/compiler.py", line 1882, in execute_sql
    cursor.execute(sql, params)
  File "/home/hightech/virtualenv/r2.quantumcoresoftware.com/air/3.10/lib/python3.10/site-packages/django/db/backends/utils.py", line 122, in execute
    return super().execute(sql, params)
  File "/home/hightech/virtualenv/r2.quantumcoresoftware.com/air/3.10/lib/python3.10/site-packages/django/db/backends/utils.py", line 79, in execute
    return self._execute_with_wrappers(
  File "/home/hightech/virtualenv/r2.quantumcoresoftware.com/air/3.10/lib/python3.10/site-packages/django/db/backends/utils.py", line 92, in _execute_with_wrappers
    return executor(sql, params, many, context)
  File "/home/hightech/virtualenv/r2.quantumcoresoftware.com/air/3.10/lib/python3.10/site-packages/django/db/backends/utils.py", line 100, in _execute
    with self.db.wrap_database_errors:
  File "/home/hightech/virtualenv/r2.quantumcoresoftware.com/air/3.10/lib/python3.10/site-packages/django/db/utils.py", line 91, in __exit__
    raise dj_exc_value.with_traceback(traceback) from exc_value
  File "/home/hightech/virtualenv/r2.quantumcoresoftware.com/air/3.10/lib/python3.10/site-packages/django/db/backends/utils.py", line 105, in _execute
    return self.cursor.execute(sql, params)
  File "/home/hightech/virtualenv/r2.quantumcoresoftware.com/air/3.10/lib/python3.10/site-packages/django/db/backends/sqlite3/base.py", line 360, in execute
    return super().execute(query, params)
django.db.utils.OperationalError: no such table: main_inquiry
Not Found: /favicon.ico
Internal Server Error: /
Traceback (most recent call last):
  File "/home/hightech/virtualenv/r2.quantumcoresoftware.com/air/3.10/lib/python3.10/site-packages/django/db/backends/utils.py", line 105, in _execute
    return self.cursor.execute(sql, params)
  File "/home/hightech/virtualenv/r2.quantumcoresoftware.com/air/3.10/lib/python3.10/site-packages/django/db/backends/sqlite3/base.py", line 360, in execute
    return super().execute(query, params)
sqlite3.OperationalError: no such table: main_inquiry

The above exception was the direct cause of the following exception:

Traceback (most recent call last):
  File "/home/hightech/virtualenv/r2.quantumcoresoftware.com/air/3.10/lib/python3.10/site-packages/django/core/handlers/exception.py", line 55, in inner
    response = get_response(request)
  File "/home/hightech/virtualenv/r2.quantumcoresoftware.com/air/3.10/lib/python3.10/site-packages/django/core/handlers/base.py", line 197, in _get_response
    response = wrapped_callback(request, *callback_args, **callback_kwargs)
  File "/home/hightech/r2.quantumcoresoftware.com/air/main/views.py", line 11, in index
    inquiry = form.save()  # Save to database
  File "/home/hightech/virtualenv/r2.quantumcoresoftware.com/air/3.10/lib/python3.10/site-packages/django/forms/models.py", line 554, in save
    self.instance.save()
  File "/home/hightech/virtualenv/r2.quantumcoresoftware.com/air/3.10/lib/python3.10/site-packages/django/db/models/base.py", line 902, in save
    self.save_base(
  File "/home/hightech/virtualenv/r2.quantumcoresoftware.com/air/3.10/lib/python3.10/site-packages/django/db/models/base.py", line 1008, in save_base
    updated = self._save_table(
  File "/home/hightech/virtualenv/r2.quantumcoresoftware.com/air/3.10/lib/python3.10/site-packages/django/db/models/base.py", line 1169, in _save_table
    results = self._do_insert(
  File "/home/hightech/virtualenv/r2.quantumcoresoftware.com/air/3.10/lib/python3.10/site-packages/django/db/models/base.py", line 1210, in _do_insert
    return manager._insert(
  File "/home/hightech/virtualenv/r2.quantumcoresoftware.com/air/3.10/lib/python3.10/site-packages/django/db/models/manager.py", line 87, in manager_method
    return getattr(self.get_queryset(), name)(*args, **kwargs)
  File "/home/hightech/virtualenv/r2.quantumcoresoftware.com/air/3.10/lib/python3.10/site-packages/django/db/models/query.py", line 1868, in _insert
    return query.get_compiler(using=using).execute_sql(returning_fields)
  File "/home/hightech/virtualenv/r2.quantumcoresoftware.com/air/3.10/lib/python3.10/site-packages/django/db/models/sql/compiler.py", line 1882, in execute_sql
    cursor.execute(sql, params)
  File "/home/hightech/virtualenv/r2.quantumcoresoftware.com/air/3.10/lib/python3.10/site-packages/django/db/backends/utils.py", line 122, in execute
    return super().execute(sql, params)
  File "/home/hightech/virtualenv/r2.quantumcoresoftware.com/air/3.10/lib/python3.10/site-packages/django/db/backends/utils.py", line 79, in execute
    return self._execute_with_wrappers(
  File "/home/hightech/virtualenv/r2.quantumcoresoftware.com/air/3.10/lib/python3.10/site-packages/django/db/backends/utils.py", line 92, in _execute_with_wrappers
    return executor(sql, params, many, context)
  File "/home/hightech/virtualenv/r2.quantumcoresoftware.com/air/3.10/lib/python3.10/site-packages/django/db/backends/utils.py", line 100, in _execute
    with self.db.wrap_database_errors:
  File "/home/hightech/virtualenv/r2.quantumcoresoftware.com/air/3.10/lib/python3.10/site-packages/django/db/utils.py", line 91, in __exit__
    raise dj_exc_value.with_traceback(traceback) from exc_value
  File "/home/hightech/virtualenv/r2.quantumcoresoftware.com/air/3.10/lib/python3.10/site-packages/django/db/backends/utils.py", line 105, in _execute
    return self.cursor.execute(sql, params)
  File "/home/hightech/virtualenv/r2.quantumcoresoftware.com/air/3.10/lib/python3.10/site-packages/django/db/backends/sqlite3/base.py", line 360, in execute
    return super().execute(query, params)
django.db.utils.OperationalError: no such table: main_inquiry
Not Found: /favicon.ico
Internal Server Error: /admin/main/inquiry/
Traceback (most recent call last):
  File "/home/hightech/virtualenv/r2.quantumcoresoftware.com/air/3.10/lib/python3.10/site-packages/django/db/backends/utils.py", line 105, in _execute
    return self.cursor.execute(sql, params)
  File "/home/hightech/virtualenv/r2.quantumcoresoftware.com/air/3.10/lib/python3.10/site-packages/django/db/backends/sqlite3/base.py", line 360, in execute
    return super().execute(query, params)
sqlite3.OperationalError: no such table: main_inquiry

The above exception was the direct cause of the following exception:

Traceback (most recent call last):
  File "/home/hightech/virtualenv/r2.quantumcoresoftware.com/air/3.10/lib/python3.10/site-packages/django/core/handlers/exception.py", line 55, in inner
    response = get_response(request)
  File "/home/hightech/virtualenv/r2.quantumcoresoftware.com/air/3.10/lib/python3.10/site-packages/django/core/handlers/base.py", line 197, in _get_response
    response = wrapped_callback(request, *callback_args, **callback_kwargs)
  File "/home/hightech/virtualenv/r2.quantumcoresoftware.com/air/3.10/lib/python3.10/site-packages/django/contrib/admin/options.py", line 719, in wrapper
    return self.admin_site.admin_view(view)(*args, **kwargs)
  File "/home/hightech/virtualenv/r2.quantumcoresoftware.com/air/3.10/lib/python3.10/site-packages/django/utils/decorators.py", line 192, in _view_wrapper
    result = _process_exception(request, e)
  File "/home/hightech/virtualenv/r2.quantumcoresoftware.com/air/3.10/lib/python3.10/site-packages/django/utils/decorators.py", line 190, in _view_wrapper
    response = view_func(request, *args, **kwargs)
  File "/home/hightech/virtualenv/r2.quantumcoresoftware.com/air/3.10/lib/python3.10/site-packages/django/views/decorators/cache.py", line 80, in _view_wrapper
    response = view_func(request, *args, **kwargs)
  File "/home/hightech/virtualenv/r2.quantumcoresoftware.com/air/3.10/lib/python3.10/site-packages/django/contrib/admin/sites.py", line 246, in inner
    return view(request, *args, **kwargs)
  File "/home/hightech/virtualenv/r2.quantumcoresoftware.com/air/3.10/lib/python3.10/site-packages/django/utils/decorators.py", line 48, in _wrapper
    return bound_method(*args, **kwargs)
  File "/home/hightech/virtualenv/r2.quantumcoresoftware.com/air/3.10/lib/python3.10/site-packages/django/utils/decorators.py", line 192, in _view_wrapper
    result = _process_exception(request, e)
  File "/home/hightech/virtualenv/r2.quantumcoresoftware.com/air/3.10/lib/python3.10/site-packages/django/utils/decorators.py", line 190, in _view_wrapper
    response = view_func(request, *args, **kwargs)
  File "/home/hightech/virtualenv/r2.quantumcoresoftware.com/air/3.10/lib/python3.10/site-packages/django/contrib/admin/options.py", line 2024, in changelist_view
    cl = self.get_changelist_instance(request)
  File "/home/hightech/virtualenv/r2.quantumcoresoftware.com/air/3.10/lib/python3.10/site-packages/django/contrib/admin/options.py", line 867, in get_changelist_instance
    return ChangeList(
  File "/home/hightech/virtualenv/r2.quantumcoresoftware.com/air/3.10/lib/python3.10/site-packages/django/contrib/admin/views/main.py", line 146, in __init__
    self.get_results(request)
  File "/home/hightech/virtualenv/r2.quantumcoresoftware.com/air/3.10/lib/python3.10/site-packages/django/contrib/admin/views/main.py", line 313, in get_results
    result_count = paginator.count
  File "/home/hightech/virtualenv/r2.quantumcoresoftware.com/air/3.10/lib/python3.10/site-packages/django/utils/functional.py", line 47, in __get__
    res = instance.__dict__[self.name] = self.func(instance)
  File "/home/hightech/virtualenv/r2.quantumcoresoftware.com/air/3.10/lib/python3.10/site-packages/django/core/paginator.py", line 110, in count
    return c()
  File "/home/hightech/virtualenv/r2.quantumcoresoftware.com/air/3.10/lib/python3.10/site-packages/django/db/models/query.py", line 604, in count
    return self.query.get_count(using=self.db)
  File "/home/hightech/virtualenv/r2.quantumcoresoftware.com/air/3.10/lib/python3.10/site-packages/django/db/models/sql/query.py", line 644, in get_count
    return obj.get_aggregation(using, {"__count": Count("*")})["__count"]
  File "/home/hightech/virtualenv/r2.quantumcoresoftware.com/air/3.10/lib/python3.10/site-packages/django/db/models/sql/query.py", line 626, in get_aggregation
    result = compiler.execute_sql(SINGLE)
  File "/home/hightech/virtualenv/r2.quantumcoresoftware.com/air/3.10/lib/python3.10/site-packages/django/db/models/sql/compiler.py", line 1623, in execute_sql
    cursor.execute(sql, params)
  File "/home/hightech/virtualenv/r2.quantumcoresoftware.com/air/3.10/lib/python3.10/site-packages/django/db/backends/utils.py", line 122, in execute
    return super().execute(sql, params)
  File "/home/hightech/virtualenv/r2.quantumcoresoftware.com/air/3.10/lib/python3.10/site-packages/django/db/backends/utils.py", line 79, in execute
    return self._execute_with_wrappers(
  File "/home/hightech/virtualenv/r2.quantumcoresoftware.com/air/3.10/lib/python3.10/site-packages/django/db/backends/utils.py", line 92, in _execute_with_wrappers
    return executor(sql, params, many, context)
  File "/home/hightech/virtualenv/r2.quantumcoresoftware.com/air/3.10/lib/python3.10/site-packages/django/db/backends/utils.py", line 100, in _execute
    with self.db.wrap_database_errors:
  File "/home/hightech/virtualenv/r2.quantumcoresoftware.com/air/3.10/lib/python3.10/site-packages/django/db/utils.py", line 91, in __exit__
    raise dj_exc_value.with_traceback(traceback) from exc_value
  File "/home/hightech/virtualenv/r2.quantumcoresoftware.com/air/3.10/lib/python3.10/site-packages/django/db/backends/utils.py", line 105, in _execute
    return self.cursor.execute(sql, params)
  File "/home/hightech/virtualenv/r2.quantumcoresoftware.com/air/3.10/lib/python3.10/site-packages/django/db/backends/sqlite3/base.py", line 360, in execute
    return super().execute(query, params)
django.db.utils.OperationalError: no such table: main_inquiry
Not Found: /static/css/contact.css
[ERROR] [UID:1788][1307705] wsgiAppHandler pApp->start_response() return NULL.
Traceback (most recent call last):
  File "/home/hightech/virtualenv/r2.quantumcoresoftware.com/air/3.10/lib/python3.10/site-packages/django/core/handlers/exception.py", line 55, in inner
    response = get_response(request)
  File "/home/hightech/virtualenv/r2.quantumcoresoftware.com/air/3.10/lib/python3.10/site-packages/django/core/handlers/base.py", line 181, in _get_response
    callback, callback_args, callback_kwargs = self.resolve_request(request)
  File "/home/hightech/virtualenv/r2.quantumcoresoftware.com/air/3.10/lib/python3.10/site-packages/django/core/handlers/base.py", line 313, in resolve_request
    resolver_match = resolver.resolve(request.path_info)
  File "/home/hightech/virtualenv/r2.quantumcoresoftware.com/air/3.10/lib/python3.10/site-packages/django/urls/resolvers.py", line 666, in resolve
    for pattern in self.url_patterns:
  File "/home/hightech/virtualenv/r2.quantumcoresoftware.com/air/3.10/lib/python3.10/site-packages/django/utils/functional.py", line 47, in __get__
    res = instance.__dict__[self.name] = self.func(instance)
  File "/home/hightech/virtualenv/r2.quantumcoresoftware.com/air/3.10/lib/python3.10/site-packages/django/urls/resolvers.py", line 718, in url_patterns
    patterns = getattr(self.urlconf_module, "urlpatterns", self.urlconf_module)
  File "/home/hightech/virtualenv/r2.quantumcoresoftware.com/air/3.10/lib/python3.10/site-packages/django/utils/functional.py", line 47, in __get__
    res = instance.__dict__[self.name] = self.func(instance)
  File "/home/hightech/virtualenv/r2.quantumcoresoftware.com/air/3.10/lib/python3.10/site-packages/django/urls/resolvers.py", line 711, in urlconf_module
    return import_module(self.urlconf_name)
  File "/opt/alt/python310/lib64/python3.10/importlib/__init__.py", line 126, in import_module
    return _bootstrap._gcd_import(name[level:], package, level)
  File "<frozen importlib._bootstrap>", line 1050, in _gcd_import
  File "<frozen importlib._bootstrap>", line 1027, in _find_and_load
  File "<frozen importlib._bootstrap>", line 1006, in _find_and_load_unlocked
  File "<frozen importlib._bootstrap>", line 688, in _load_unlocked
  File "<frozen importlib._bootstrap_external>", line 883, in exec_module
  File "<frozen importlib._bootstrap>", line 241, in _call_with_frames_removed
  File "/home/hightech/r2.quantumcoresoftware.com/air/air/urls.py", line 24, in <module>
    path('',include('main.urls'))
  File "/home/hightech/virtualenv/r2.quantumcoresoftware.com/air/3.10/lib/python3.10/site-packages/django/urls/conf.py", line 39, in include
    urlconf_module = import_module(urlconf_module)
  File "/opt/alt/python310/lib64/python3.10/importlib/__init__.py", line 126, in import_module
    return _bootstrap._gcd_import(name[level:], package, level)
  File "<frozen importlib._bootstrap>", line 1050, in _gcd_import
  File "<frozen importlib._bootstrap>", line 1027, in _find_and_load
  File "<frozen importlib._bootstrap>", line 1006, in _find_and_load_unlocked
  File "<frozen importlib._bootstrap>", line 688, in _load_unlocked
  File "<frozen importlib._bootstrap_external>", line 883, in exec_module
  File "<frozen importlib._bootstrap>", line 241, in _call_with_frames_removed
  File "/home/hightech/r2.quantumcoresoftware.com/air/main/urls.py", line 2, in <module>
    from .views import index
  File "/home/hightech/r2.quantumcoresoftware.com/air/main/views.py", line 5, in <module>
    from .forms import InquiryForm, ContactForm
  File "/home/hightech/r2.quantumcoresoftware.com/air/main/forms.py", line 2, in <module>
    from .models import Inquiry, Contact
ImportError: cannot import name 'Contact' from 'main.models' (/home/hightech/r2.quantumcoresoftware.com/air/main/models.py)

During handling of the above exception, another exception occurred:

Traceback (most recent call last):
  File "/home/hightech/virtualenv/r2.quantumcoresoftware.com/air/3.10/lib/python3.10/site-packages/django/core/handlers/exception.py", line 55, in inner
    response = get_response(request)
  File "/home/hightech/virtualenv/r2.quantumcoresoftware.com/air/3.10/lib/python3.10/site-packages/django/utils/deprecation.py", line 120, in __call__
    response = response or self.get_response(request)
  File "/home/hightech/virtualenv/r2.quantumcoresoftware.com/air/3.10/lib/python3.10/site-packages/django/core/handlers/exception.py", line 57, in inner
    response = response_for_exception(request, exc)
  File "/home/hightech/virtualenv/r2.quantumcoresoftware.com/air/3.10/lib/python3.10/site-packages/django/core/handlers/exception.py", line 141, in response_for_exception
    response = handle_uncaught_exception(
  File "/home/hightech/virtualenv/r2.quantumcoresoftware.com/air/3.10/lib/python3.10/site-packages/django/core/handlers/exception.py", line 182, in handle_uncaught_exception
    return debug.technical_500_response(request, *exc_info)
  File "/home/hightech/virtualenv/r2.quantumcoresoftware.com/air/3.10/lib/python3.10/site-packages/django/views/debug.py", line 69, in technical_500_response
    html = reporter.get_traceback_html()
  File "/home/hightech/virtualenv/r2.quantumcoresoftware.com/air/3.10/lib/python3.10/site-packages/django/views/debug.py", line 428, in get_traceback_html
    c = Context(self.get_traceback_data(), use_l10n=False)
  File "/home/hightech/virtualenv/r2.quantumcoresoftware.com/air/3.10/lib/python3.10/site-packages/django/views/debug.py", line 411, in get_traceback_data
    c["raising_view_name"] = get_caller(self.request)
  File "/home/hightech/virtualenv/r2.quantumcoresoftware.com/air/3.10/lib/python3.10/site-packages/django/views/debug.py", line 102, in get_caller
    resolver_match = resolve(request.path)
  File "/home/hightech/virtualenv/r2.quantumcoresoftware.com/air/3.10/lib/python3.10/site-packages/django/urls/base.py", line 25, in resolve
    return get_resolver(urlconf).resolve(path)
  File "/home/hightech/virtualenv/r2.quantumcoresoftware.com/air/3.10/lib/python3.10/site-packages/django/urls/resolvers.py", line 666, in resolve
    for pattern in self.url_patterns:
  File "/home/hightech/virtualenv/r2.quantumcoresoftware.com/air/3.10/lib/python3.10/site-packages/django/utils/functional.py", line 47, in __get__
    res = instance.__dict__[self.name] = self.func(instance)
  File "/home/hightech/virtualenv/r2.quantumcoresoftware.com/air/3.10/lib/python3.10/site-packages/django/urls/resolvers.py", line 718, in url_patterns
    patterns = getattr(self.urlconf_module, "urlpatterns", self.urlconf_module)
  File "/home/hightech/virtualenv/r2.quantumcoresoftware.com/air/3.10/lib/python3.10/site-packages/django/utils/functional.py", line 47, in __get__
    res = instance.__dict__[self.name] = self.func(instance)
  File "/home/hightech/virtualenv/r2.quantumcoresoftware.com/air/3.10/lib/python3.10/site-packages/django/urls/resolvers.py", line 711, in urlconf_module
    return import_module(self.urlconf_name)
  File "/opt/alt/python310/lib64/python3.10/importlib/__init__.py", line 126, in import_module
    return _bootstrap._gcd_import(name[level:], package, level)
  File "<frozen importlib._bootstrap>", line 1050, in _gcd_import
  File "<frozen importlib._bootstrap>", line 1027, in _find_and_load
  File "<frozen importlib._bootstrap>", line 1006, in _find_and_load_unlocked
  File "<frozen importlib._bootstrap>", line 688, in _load_unlocked
  File "<frozen importlib._bootstrap_external>", line 883, in exec_module
  File "<frozen importlib._bootstrap>", line 241, in _call_with_frames_removed
  File "/home/hightech/r2.quantumcoresoftware.com/air/air/urls.py", line 24, in <module>
    path('',include('main.urls'))
  File "/home/hightech/virtualenv/r2.quantumcoresoftware.com/air/3.10/lib/python3.10/site-packages/django/urls/conf.py", line 39, in include
    urlconf_module = import_module(urlconf_module)
  File "/opt/alt/python310/lib64/python3.10/importlib/__init__.py", line 126, in import_module
    return _bootstrap._gcd_import(name[level:], package, level)
  File "<frozen importlib._bootstrap>", line 1050, in _gcd_import
  File "<frozen importlib._bootstrap>", line 1027, in _find_and_load
  File "<frozen importlib._bootstrap>", line 1006, in _find_and_load_unlocked
  File "<frozen importlib._bootstrap>", line 688, in _load_unlocked
  File "<frozen importlib._bootstrap_external>", line 883, in exec_module
  File "<frozen importlib._bootstrap>", line 241, in _call_with_frames_removed
  File "/home/hightech/r2.quantumcoresoftware.com/air/main/urls.py", line 2, in <module>
    from .views import index
  File "/home/hightech/r2.quantumcoresoftware.com/air/main/views.py", line 5, in <module>
    from .forms import InquiryForm, ContactForm
  File "/home/hightech/r2.quantumcoresoftware.com/air/main/forms.py", line 2, in <module>
    from .models import Inquiry, Contact
ImportError: cannot import name 'Contact' from 'main.models' (/home/hightech/r2.quantumcoresoftware.com/air/main/models.py)

During handling of the above exception, another exception occurred:

Traceback (most recent call last):
  File "/home/hightech/virtualenv/r2.quantumcoresoftware.com/air/3.10/lib/python3.10/site-packages/django/core/handlers/exception.py", line 55, in inner
    response = get_response(request)
  File "/home/hightech/virtualenv/r2.quantumcoresoftware.com/air/3.10/lib/python3.10/site-packages/django/utils/deprecation.py", line 120, in __call__
    response = response or self.get_response(request)
  File "/home/hightech/virtualenv/r2.quantumcoresoftware.com/air/3.10/lib/python3.10/site-packages/django/core/handlers/exception.py", line 57, in inner
    response = response_for_exception(request, exc)
  File "/home/hightech/virtualenv/r2.quantumcoresoftware.com/air/3.10/lib/python3.10/site-packages/django/core/handlers/exception.py", line 141, in response_for_exception
    response = handle_uncaught_exception(
  File "/home/hightech/virtualenv/r2.quantumcoresoftware.com/air/3.10/lib/python3.10/site-packages/django/core/handlers/exception.py", line 182, in handle_uncaught_exception
    return debug.technical_500_response(request, *exc_info)
  File "/home/hightech/virtualenv/r2.quantumcoresoftware.com/air/3.10/lib/python3.10/site-packages/django/views/debug.py", line 69, in technical_500_response
    html = reporter.get_traceback_html()
  File "/home/hightech/virtualenv/r2.quantumcoresoftware.com/air/3.10/lib/python3.10/site-packages/django/views/debug.py", line 428, in get_traceback_html
    c = Context(self.get_traceback_data(), use_l10n=False)
  File "/home/hightech/virtualenv/r2.quantumcoresoftware.com/air/3.10/lib/python3.10/site-packages/django/views/debug.py", line 411, in get_traceback_data
    c["raising_view_name"] = get_caller(self.request)
  File "/home/hightech/virtualenv/r2.quantumcoresoftware.com/air/3.10/lib/python3.10/site-packages/django/views/debug.py", line 102, in get_caller
    resolver_match = resolve(request.path)
  File "/home/hightech/virtualenv/r2.quantumcoresoftware.com/air/3.10/lib/python3.10/site-packages/django/urls/base.py", line 25, in resolve
    return get_resolver(urlconf).resolve(path)
  File "/home/hightech/virtualenv/r2.quantumcoresoftware.com/air/3.10/lib/python3.10/site-packages/django/urls/resolvers.py", line 666, in resolve
    for pattern in self.url_patterns:
  File "/home/hightech/virtualenv/r2.quantumcoresoftware.com/air/3.10/lib/python3.10/site-packages/django/utils/functional.py", line 47, in __get__
    res = instance.__dict__[self.name] = self.func(instance)
  File "/home/hightech/virtualenv/r2.quantumcoresoftware.com/air/3.10/lib/python3.10/site-packages/django/urls/resolvers.py", line 718, in url_patterns
    patterns = getattr(self.urlconf_module, "urlpatterns", self.urlconf_module)
  File "/home/hightech/virtualenv/r2.quantumcoresoftware.com/air/3.10/lib/python3.10/site-packages/django/utils/functional.py", line 47, in __get__
    res = instance.__dict__[self.name] = self.func(instance)
  File "/home/hightech/virtualenv/r2.quantumcoresoftware.com/air/3.10/lib/python3.10/site-packages/django/urls/resolvers.py", line 711, in urlconf_module
    return import_module(self.urlconf_name)
  File "/opt/alt/python310/lib64/python3.10/importlib/__init__.py", line 126, in import_module
    return _bootstrap._gcd_import(name[level:], package, level)
  File "<frozen importlib._bootstrap>", line 1050, in _gcd_import
  File "<frozen importlib._bootstrap>", line 1027, in _find_and_load
  File "<frozen importlib._bootstrap>", line 1006, in _find_and_load_unlocked
  File "<frozen importlib._bootstrap>", line 688, in _load_unlocked
  File "<frozen importlib._bootstrap_external>", line 883, in exec_module
  File "<frozen importlib._bootstrap>", line 241, in _call_with_frames_removed
  File "/home/hightech/r2.quantumcoresoftware.com/air/air/urls.py", line 24, in <module>
    path('',include('main.urls'))
  File "/home/hightech/virtualenv/r2.quantumcoresoftware.com/air/3.10/lib/python3.10/site-packages/django/urls/conf.py", line 39, in include
    urlconf_module = import_module(urlconf_module)
  File "/opt/alt/python310/lib64/python3.10/importlib/__init__.py", line 126, in import_module
    return _bootstrap._gcd_import(name[level:], package, level)
  File "<frozen importlib._bootstrap>", line 1050, in _gcd_import
  File "<frozen importlib._bootstrap>", line 1027, in _find_and_load
  File "<frozen importlib._bootstrap>", line 1006, in _find_and_load_unlocked
  File "<frozen importlib._bootstrap>", line 688, in _load_unlocked
  File "<frozen importlib._bootstrap_external>", line 883, in exec_module
  File "<frozen importlib._bootstrap>", line 241, in _call_with_frames_removed
  File "/home/hightech/r2.quantumcoresoftware.com/air/main/urls.py", line 2, in <module>
    from .views import index
  File "/home/hightech/r2.quantumcoresoftware.com/air/main/views.py", line 5, in <module>
    from .forms import InquiryForm, ContactForm
  File "/home/hightech/r2.quantumcoresoftware.com/air/main/forms.py", line 2, in <module>
    from .models import Inquiry, Contact
ImportError: cannot import name 'Contact' from 'main.models' (/home/hightech/r2.quantumcoresoftware.com/air/main/models.py)

During handling of the above exception, another exception occurred:

Traceback (most recent call last):
  File "/home/hightech/virtualenv/r2.quantumcoresoftware.com/air/3.10/lib/python3.10/site-packages/django/core/handlers/exception.py", line 55, in inner
    response = get_response(request)
  File "/home/hightech/virtualenv/r2.quantumcoresoftware.com/air/3.10/lib/python3.10/site-packages/django/utils/deprecation.py", line 120, in __call__
    response = response or self.get_response(request)
  File "/home/hightech/virtualenv/r2.quantumcoresoftware.com/air/3.10/lib/python3.10/site-packages/django/core/handlers/exception.py", line 57, in inner
    response = response_for_exception(request, exc)
  File "/home/hightech/virtualenv/r2.quantumcoresoftware.com/air/3.10/lib/python3.10/site-packages/django/core/handlers/exception.py", line 141, in response_for_exception
    response = handle_uncaught_exception(
  File "/home/hightech/virtualenv/r2.quantumcoresoftware.com/air/3.10/lib/python3.10/site-packages/django/core/handlers/exception.py", line 182, in handle_uncaught_exception
    return debug.technical_500_response(request, *exc_info)
  File "/home/hightech/virtualenv/r2.quantumcoresoftware.com/air/3.10/lib/python3.10/site-packages/django/views/debug.py", line 69, in technical_500_response
    html = reporter.get_traceback_html()
  File "/home/hightech/virtualenv/r2.quantumcoresoftware.com/air/3.10/lib/python3.10/site-packages/django/views/debug.py", line 428, in get_traceback_html
    c = Context(self.get_traceback_data(), use_l10n=False)
  File "/home/hightech/virtualenv/r2.quantumcoresoftware.com/air/3.10/lib/python3.10/site-packages/django/views/debug.py", line 411, in get_traceback_data
    c["raising_view_name"] = get_caller(self.request)
  File "/home/hightech/virtualenv/r2.quantumcoresoftware.com/air/3.10/lib/python3.10/site-packages/django/views/debug.py", line 102, in get_caller
    resolver_match = resolve(request.path)
  File "/home/hightech/virtualenv/r2.quantumcoresoftware.com/air/3.10/lib/python3.10/site-packages/django/urls/base.py", line 25, in resolve
    return get_resolver(urlconf).resolve(path)
  File "/home/hightech/virtualenv/r2.quantumcoresoftware.com/air/3.10/lib/python3.10/site-packages/django/urls/resolvers.py", line 666, in resolve
    for pattern in self.url_patterns:
  File "/home/hightech/virtualenv/r2.quantumcoresoftware.com/air/3.10/lib/python3.10/site-packages/django/utils/functional.py", line 47, in __get__
    res = instance.__dict__[self.name] = self.func(instance)
  File "/home/hightech/virtualenv/r2.quantumcoresoftware.com/air/3.10/lib/python3.10/site-packages/django/urls/resolvers.py", line 718, in url_patterns
    patterns = getattr(self.urlconf_module, "urlpatterns", self.urlconf_module)
  File "/home/hightech/virtualenv/r2.quantumcoresoftware.com/air/3.10/lib/python3.10/site-packages/django/utils/functional.py", line 47, in __get__
    res = instance.__dict__[self.name] = self.func(instance)
  File "/home/hightech/virtualenv/r2.quantumcoresoftware.com/air/3.10/lib/python3.10/site-packages/django/urls/resolvers.py", line 711, in urlconf_module
    return import_module(self.urlconf_name)
  File "/opt/alt/python310/lib64/python3.10/importlib/__init__.py", line 126, in import_module
    return _bootstrap._gcd_import(name[level:], package, level)
  File "<frozen importlib._bootstrap>", line 1050, in _gcd_import
  File "<frozen importlib._bootstrap>", line 1027, in _find_and_load
  File "<frozen importlib._bootstrap>", line 1006, in _find_and_load_unlocked
  File "<frozen importlib._bootstrap>", line 688, in _load_unlocked
  File "<frozen importlib._bootstrap_external>", line 883, in exec_module
  File "<frozen importlib._bootstrap>", line 241, in _call_with_frames_removed
  File "/home/hightech/r2.quantumcoresoftware.com/air/air/urls.py", line 24, in <module>
    path('',include('main.urls'))
  File "/home/hightech/virtualenv/r2.quantumcoresoftware.com/air/3.10/lib/python3.10/site-packages/django/urls/conf.py", line 39, in include
    urlconf_module = import_module(urlconf_module)
  File "/opt/alt/python310/lib64/python3.10/importlib/__init__.py", line 126, in import_module
    return _bootstrap._gcd_import(name[level:], package, level)
  File "<frozen importlib._bootstrap>", line 1050, in _gcd_import
  File "<frozen importlib._bootstrap>", line 1027, in _find_and_load
  File "<frozen importlib._bootstrap>", line 1006, in _find_and_load_unlocked
  File "<frozen importlib._bootstrap>", line 688, in _load_unlocked
  File "<frozen importlib._bootstrap_external>", line 883, in exec_module
  File "<frozen importlib._bootstrap>", line 241, in _call_with_frames_removed
  File "/home/hightech/r2.quantumcoresoftware.com/air/main/urls.py", line 2, in <module>
    from .views import index
  File "/home/hightech/r2.quantumcoresoftware.com/air/main/views.py", line 5, in <module>
    from .forms import InquiryForm, ContactForm
  File "/home/hightech/r2.quantumcoresoftware.com/air/main/forms.py", line 2, in <module>
    from .models import Inquiry, Contact
ImportError: cannot import name 'Contact' from 'main.models' (/home/hightech/r2.quantumcoresoftware.com/air/main/models.py)

During handling of the above exception, another exception occurred:

Traceback (most recent call last):
  File "/home/hightech/virtualenv/r2.quantumcoresoftware.com/air/3.10/lib/python3.10/site-packages/django/core/handlers/exception.py", line 55, in inner
    response = get_response(request)
  File "/home/hightech/virtualenv/r2.quantumcoresoftware.com/air/3.10/lib/python3.10/site-packages/django/utils/deprecation.py", line 120, in __call__
    response = response or self.get_response(request)
  File "/home/hightech/virtualenv/r2.quantumcoresoftware.com/air/3.10/lib/python3.10/site-packages/django/core/handlers/exception.py", line 57, in inner
    response = response_for_exception(request, exc)
  File "/home/hightech/virtualenv/r2.quantumcoresoftware.com/air/3.10/lib/python3.10/site-packages/django/core/handlers/exception.py", line 141, in response_for_exception
    response = handle_uncaught_exception(
  File "/home/hightech/virtualenv/r2.quantumcoresoftware.com/air/3.10/lib/python3.10/site-packages/django/core/handlers/exception.py", line 182, in handle_uncaught_exception
    return debug.technical_500_response(request, *exc_info)
  File "/home/hightech/virtualenv/r2.quantumcoresoftware.com/air/3.10/lib/python3.10/site-packages/django/views/debug.py", line 69, in technical_500_response
    html = reporter.get_traceback_html()
  File "/home/hightech/virtualenv/r2.quantumcoresoftware.com/air/3.10/lib/python3.10/site-packages/django/views/debug.py", line 428, in get_traceback_html
    c = Context(self.get_traceback_data(), use_l10n=False)
  File "/home/hightech/virtualenv/r2.quantumcoresoftware.com/air/3.10/lib/python3.10/site-packages/django/views/debug.py", line 411, in get_traceback_data
    c["raising_view_name"] = get_caller(self.request)
  File "/home/hightech/virtualenv/r2.quantumcoresoftware.com/air/3.10/lib/python3.10/site-packages/django/views/debug.py", line 102, in get_caller
    resolver_match = resolve(request.path)
  File "/home/hightech/virtualenv/r2.quantumcoresoftware.com/air/3.10/lib/python3.10/site-packages/django/urls/base.py", line 25, in resolve
    return get_resolver(urlconf).resolve(path)
  File "/home/hightech/virtualenv/r2.quantumcoresoftware.com/air/3.10/lib/python3.10/site-packages/django/urls/resolvers.py", line 666, in resolve
    for pattern in self.url_patterns:
  File "/home/hightech/virtualenv/r2.quantumcoresoftware.com/air/3.10/lib/python3.10/site-packages/django/utils/functional.py", line 47, in __get__
    res = instance.__dict__[self.name] = self.func(instance)
  File "/home/hightech/virtualenv/r2.quantumcoresoftware.com/air/3.10/lib/python3.10/site-packages/django/urls/resolvers.py", line 718, in url_patterns
    patterns = getattr(self.urlconf_module, "urlpatterns", self.urlconf_module)
  File "/home/hightech/virtualenv/r2.quantumcoresoftware.com/air/3.10/lib/python3.10/site-packages/django/utils/functional.py", line 47, in __get__
    res = instance.__dict__[self.name] = self.func(instance)
  File "/home/hightech/virtualenv/r2.quantumcoresoftware.com/air/3.10/lib/python3.10/site-packages/django/urls/resolvers.py", line 711, in urlconf_module
    return import_module(self.urlconf_name)
  File "/opt/alt/python310/lib64/python3.10/importlib/__init__.py", line 126, in import_module
    return _bootstrap._gcd_import(name[level:], package, level)
  File "<frozen importlib._bootstrap>", line 1050, in _gcd_import
  File "<frozen importlib._bootstrap>", line 1027, in _find_and_load
  File "<frozen importlib._bootstrap>", line 1006, in _find_and_load_unlocked
  File "<frozen importlib._bootstrap>", line 688, in _load_unlocked
  File "<frozen importlib._bootstrap_external>", line 883, in exec_module
  File "<frozen importlib._bootstrap>", line 241, in _call_with_frames_removed
  File "/home/hightech/r2.quantumcoresoftware.com/air/air/urls.py", line 24, in <module>
    path('',include('main.urls'))
  File "/home/hightech/virtualenv/r2.quantumcoresoftware.com/air/3.10/lib/python3.10/site-packages/django/urls/conf.py", line 39, in include
    urlconf_module = import_module(urlconf_module)
  File "/opt/alt/python310/lib64/python3.10/importlib/__init__.py", line 126, in import_module
    return _bootstrap._gcd_import(name[level:], package, level)
  File "<frozen importlib._bootstrap>", line 1050, in _gcd_import
  File "<frozen importlib._bootstrap>", line 1027, in _find_and_load
  File "<frozen importlib._bootstrap>", line 1006, in _find_and_load_unlocked
  File "<frozen importlib._bootstrap>", line 688, in _load_unlocked
  File "<frozen importlib._bootstrap_external>", line 883, in exec_module
  File "<frozen importlib._bootstrap>", line 241, in _call_with_frames_removed
  File "/home/hightech/r2.quantumcoresoftware.com/air/main/urls.py", line 2, in <module>
    from .views import index
  File "/home/hightech/r2.quantumcoresoftware.com/air/main/views.py", line 5, in <module>
    from .forms import InquiryForm, ContactForm
  File "/home/hightech/r2.quantumcoresoftware.com/air/main/forms.py", line 2, in <module>
    from .models import Inquiry, Contact
ImportError: cannot import name 'Contact' from 'main.models' (/home/hightech/r2.quantumcoresoftware.com/air/main/models.py)

During handling of the above exception, another exception occurred:

Traceback (most recent call last):
  File "/home/hightech/virtualenv/r2.quantumcoresoftware.com/air/3.10/lib/python3.10/site-packages/django/core/handlers/exception.py", line 55, in inner
    response = get_response(request)
  File "/home/hightech/virtualenv/r2.quantumcoresoftware.com/air/3.10/lib/python3.10/site-packages/django/utils/deprecation.py", line 120, in __call__
    response = response or self.get_response(request)
  File "/home/hightech/virtualenv/r2.quantumcoresoftware.com/air/3.10/lib/python3.10/site-packages/django/core/handlers/exception.py", line 57, in inner
    response = response_for_exception(request, exc)
  File "/home/hightech/virtualenv/r2.quantumcoresoftware.com/air/3.10/lib/python3.10/site-packages/django/core/handlers/exception.py", line 141, in response_for_exception
    response = handle_uncaught_exception(
  File "/home/hightech/virtualenv/r2.quantumcoresoftware.com/air/3.10/lib/python3.10/site-packages/django/core/handlers/exception.py", line 182, in handle_uncaught_exception
    return debug.technical_500_response(request, *exc_info)
  File "/home/hightech/virtualenv/r2.quantumcoresoftware.com/air/3.10/lib/python3.10/site-packages/django/views/debug.py", line 69, in technical_500_response
    html = reporter.get_traceback_html()
  File "/home/hightech/virtualenv/r2.quantumcoresoftware.com/air/3.10/lib/python3.10/site-packages/django/views/debug.py", line 428, in get_traceback_html
    c = Context(self.get_traceback_data(), use_l10n=False)
  File "/home/hightech/virtualenv/r2.quantumcoresoftware.com/air/3.10/lib/python3.10/site-packages/django/views/debug.py", line 411, in get_traceback_data
    c["raising_view_name"] = get_caller(self.request)
  File "/home/hightech/virtualenv/r2.quantumcoresoftware.com/air/3.10/lib/python3.10/site-packages/django/views/debug.py", line 102, in get_caller
    resolver_match = resolve(request.path)
  File "/home/hightech/virtualenv/r2.quantumcoresoftware.com/air/3.10/lib/python3.10/site-packages/django/urls/base.py", line 25, in resolve
    return get_resolver(urlconf).resolve(path)
  File "/home/hightech/virtualenv/r2.quantumcoresoftware.com/air/3.10/lib/python3.10/site-packages/django/urls/resolvers.py", line 666, in resolve
    for pattern in self.url_patterns:
  File "/home/hightech/virtualenv/r2.quantumcoresoftware.com/air/3.10/lib/python3.10/site-packages/django/utils/functional.py", line 47, in __get__
    res = instance.__dict__[self.name] = self.func(instance)
  File "/home/hightech/virtualenv/r2.quantumcoresoftware.com/air/3.10/lib/python3.10/site-packages/django/urls/resolvers.py", line 718, in url_patterns
    patterns = getattr(self.urlconf_module, "urlpatterns", self.urlconf_module)
  File "/home/hightech/virtualenv/r2.quantumcoresoftware.com/air/3.10/lib/python3.10/site-packages/django/utils/functional.py", line 47, in __get__
    res = instance.__dict__[self.name] = self.func(instance)
  File "/home/hightech/virtualenv/r2.quantumcoresoftware.com/air/3.10/lib/python3.10/site-packages/django/urls/resolvers.py", line 711, in urlconf_module
    return import_module(self.urlconf_name)
  File "/opt/alt/python310/lib64/python3.10/importlib/__init__.py", line 126, in import_module
    return _bootstrap._gcd_import(name[level:], package, level)
  File "<frozen importlib._bootstrap>", line 1050, in _gcd_import
  File "<frozen importlib._bootstrap>", line 1027, in _find_and_load
  File "<frozen importlib._bootstrap>", line 1006, in _find_and_load_unlocked
  File "<frozen importlib._bootstrap>", line 688, in _load_unlocked
  File "<frozen importlib._bootstrap_external>", line 883, in exec_module
  File "<frozen importlib._bootstrap>", line 241, in _call_with_frames_removed
  File "/home/hightech/r2.quantumcoresoftware.com/air/air/urls.py", line 24, in <module>
    path('',include('main.urls'))
  File "/home/hightech/virtualenv/r2.quantumcoresoftware.com/air/3.10/lib/python3.10/site-packages/django/urls/conf.py", line 39, in include
    urlconf_module = import_module(urlconf_module)
  File "/opt/alt/python310/lib64/python3.10/importlib/__init__.py", line 126, in import_module
    return _bootstrap._gcd_import(name[level:], package, level)
  File "<frozen importlib._bootstrap>", line 1050, in _gcd_import
  File "<frozen importlib._bootstrap>", line 1027, in _find_and_load
  File "<frozen importlib._bootstrap>", line 1006, in _find_and_load_unlocked
  File "<frozen importlib._bootstrap>", line 688, in _load_unlocked
  File "<frozen importlib._bootstrap_external>", line 883, in exec_module
  File "<frozen importlib._bootstrap>", line 241, in _call_with_frames_removed
  File "/home/hightech/r2.quantumcoresoftware.com/air/main/urls.py", line 2, in <module>
    from .views import index
  File "/home/hightech/r2.quantumcoresoftware.com/air/main/views.py", line 5, in <module>
    from .forms import InquiryForm, ContactForm
  File "/home/hightech/r2.quantumcoresoftware.com/air/main/forms.py", line 2, in <module>
    from .models import Inquiry, Contact
ImportError: cannot import name 'Contact' from 'main.models' (/home/hightech/r2.quantumcoresoftware.com/air/main/models.py)

During handling of the above exception, another exception occurred:

Traceback (most recent call last):
  File "/home/hightech/virtualenv/r2.quantumcoresoftware.com/air/3.10/lib/python3.10/site-packages/django/core/handlers/exception.py", line 55, in inner
    response = get_response(request)
  File "/home/hightech/virtualenv/r2.quantumcoresoftware.com/air/3.10/lib/python3.10/site-packages/django/utils/deprecation.py", line 120, in __call__
    response = response or self.get_response(request)
  File "/home/hightech/virtualenv/r2.quantumcoresoftware.com/air/3.10/lib/python3.10/site-packages/django/core/handlers/exception.py", line 57, in inner
    response = response_for_exception(request, exc)
  File "/home/hightech/virtualenv/r2.quantumcoresoftware.com/air/3.10/lib/python3.10/site-packages/django/core/handlers/exception.py", line 141, in response_for_exception
    response = handle_uncaught_exception(
  File "/home/hightech/virtualenv/r2.quantumcoresoftware.com/air/3.10/lib/python3.10/site-packages/django/core/handlers/exception.py", line 182, in handle_uncaught_exception
    return debug.technical_500_response(request, *exc_info)
  File "/home/hightech/virtualenv/r2.quantumcoresoftware.com/air/3.10/lib/python3.10/site-packages/django/views/debug.py", line 69, in technical_500_response
    html = reporter.get_traceback_html()
  File "/home/hightech/virtualenv/r2.quantumcoresoftware.com/air/3.10/lib/python3.10/site-packages/django/views/debug.py", line 428, in get_traceback_html
    c = Context(self.get_traceback_data(), use_l10n=False)
  File "/home/hightech/virtualenv/r2.quantumcoresoftware.com/air/3.10/lib/python3.10/site-packages/django/views/debug.py", line 411, in get_traceback_data
    c["raising_view_name"] = get_caller(self.request)
  File "/home/hightech/virtualenv/r2.quantumcoresoftware.com/air/3.10/lib/python3.10/site-packages/django/views/debug.py", line 102, in get_caller
    resolver_match = resolve(request.path)
  File "/home/hightech/virtualenv/r2.quantumcoresoftware.com/air/3.10/lib/python3.10/site-packages/django/urls/base.py", line 25, in resolve
    return get_resolver(urlconf).resolve(path)
  File "/home/hightech/virtualenv/r2.quantumcoresoftware.com/air/3.10/lib/python3.10/site-packages/django/urls/resolvers.py", line 666, in resolve
    for pattern in self.url_patterns:
  File "/home/hightech/virtualenv/r2.quantumcoresoftware.com/air/3.10/lib/python3.10/site-packages/django/utils/functional.py", line 47, in __get__
    res = instance.__dict__[self.name] = self.func(instance)
  File "/home/hightech/virtualenv/r2.quantumcoresoftware.com/air/3.10/lib/python3.10/site-packages/django/urls/resolvers.py", line 718, in url_patterns
    patterns = getattr(self.urlconf_module, "urlpatterns", self.urlconf_module)
  File "/home/hightech/virtualenv/r2.quantumcoresoftware.com/air/3.10/lib/python3.10/site-packages/django/utils/functional.py", line 47, in __get__
    res = instance.__dict__[self.name] = self.func(instance)
  File "/home/hightech/virtualenv/r2.quantumcoresoftware.com/air/3.10/lib/python3.10/site-packages/django/urls/resolvers.py", line 711, in urlconf_module
    return import_module(self.urlconf_name)
  File "/opt/alt/python310/lib64/python3.10/importlib/__init__.py", line 126, in import_module
    return _bootstrap._gcd_import(name[level:], package, level)
  File "<frozen importlib._bootstrap>", line 1050, in _gcd_import
  File "<frozen importlib._bootstrap>", line 1027, in _find_and_load
  File "<frozen importlib._bootstrap>", line 1006, in _find_and_load_unlocked
  File "<frozen importlib._bootstrap>", line 688, in _load_unlocked
  File "<frozen importlib._bootstrap_external>", line 883, in exec_module
  File "<frozen importlib._bootstrap>", line 241, in _call_with_frames_removed
  File "/home/hightech/r2.quantumcoresoftware.com/air/air/urls.py", line 24, in <module>
    path('',include('main.urls'))
  File "/home/hightech/virtualenv/r2.quantumcoresoftware.com/air/3.10/lib/python3.10/site-packages/django/urls/conf.py", line 39, in include
    urlconf_module = import_module(urlconf_module)
  File "/opt/alt/python310/lib64/python3.10/importlib/__init__.py", line 126, in import_module
    return _bootstrap._gcd_import(name[level:], package, level)
  File "<frozen importlib._bootstrap>", line 1050, in _gcd_import
  File "<frozen importlib._bootstrap>", line 1027, in _find_and_load
  File "<frozen importlib._bootstrap>", line 1006, in _find_and_load_unlocked
  File "<frozen importlib._bootstrap>", line 688, in _load_unlocked
  File "<frozen importlib._bootstrap_external>", line 883, in exec_module
  File "<frozen importlib._bootstrap>", line 241, in _call_with_frames_removed
  File "/home/hightech/r2.quantumcoresoftware.com/air/main/urls.py", line 2, in <module>
    from .views import index
  File "/home/hightech/r2.quantumcoresoftware.com/air/main/views.py", line 5, in <module>
    from .forms import InquiryForm, ContactForm
  File "/home/hightech/r2.quantumcoresoftware.com/air/main/forms.py", line 2, in <module>
    from .models import Inquiry, Contact
ImportError: cannot import name 'Contact' from 'main.models' (/home/hightech/r2.quantumcoresoftware.com/air/main/models.py)

During handling of the above exception, another exception occurred:

Traceback (most recent call last):
  File "/home/hightech/virtualenv/r2.quantumcoresoftware.com/air/3.10/lib/python3.10/site-packages/django/core/handlers/exception.py", line 55, in inner
    response = get_response(request)
  File "/home/hightech/virtualenv/r2.quantumcoresoftware.com/air/3.10/lib/python3.10/site-packages/django/utils/deprecation.py", line 120, in __call__
    response = response or self.get_response(request)
  File "/home/hightech/virtualenv/r2.quantumcoresoftware.com/air/3.10/lib/python3.10/site-packages/django/core/handlers/exception.py", line 57, in inner
    response = response_for_exception(request, exc)
  File "/home/hightech/virtualenv/r2.quantumcoresoftware.com/air/3.10/lib/python3.10/site-packages/django/core/handlers/exception.py", line 141, in response_for_exception
    response = handle_uncaught_exception(
  File "/home/hightech/virtualenv/r2.quantumcoresoftware.com/air/3.10/lib/python3.10/site-packages/django/core/handlers/exception.py", line 182, in handle_uncaught_exception
    return debug.technical_500_response(request, *exc_info)
  File "/home/hightech/virtualenv/r2.quantumcoresoftware.com/air/3.10/lib/python3.10/site-packages/django/views/debug.py", line 69, in technical_500_response
    html = reporter.get_traceback_html()
  File "/home/hightech/virtualenv/r2.quantumcoresoftware.com/air/3.10/lib/python3.10/site-packages/django/views/debug.py", line 428, in get_traceback_html
    c = Context(self.get_traceback_data(), use_l10n=False)
  File "/home/hightech/virtualenv/r2.quantumcoresoftware.com/air/3.10/lib/python3.10/site-packages/django/views/debug.py", line 411, in get_traceback_data
    c["raising_view_name"] = get_caller(self.request)
  File "/home/hightech/virtualenv/r2.quantumcoresoftware.com/air/3.10/lib/python3.10/site-packages/django/views/debug.py", line 102, in get_caller
    resolver_match = resolve(request.path)
  File "/home/hightech/virtualenv/r2.quantumcoresoftware.com/air/3.10/lib/python3.10/site-packages/django/urls/base.py", line 25, in resolve
    return get_resolver(urlconf).resolve(path)
  File "/home/hightech/virtualenv/r2.quantumcoresoftware.com/air/3.10/lib/python3.10/site-packages/django/urls/resolvers.py", line 666, in resolve
    for pattern in self.url_patterns:
  File "/home/hightech/virtualenv/r2.quantumcoresoftware.com/air/3.10/lib/python3.10/site-packages/django/utils/functional.py", line 47, in __get__
    res = instance.__dict__[self.name] = self.func(instance)
  File "/home/hightech/virtualenv/r2.quantumcoresoftware.com/air/3.10/lib/python3.10/site-packages/django/urls/resolvers.py", line 718, in url_patterns
    patterns = getattr(self.urlconf_module, "urlpatterns", self.urlconf_module)
  File "/home/hightech/virtualenv/r2.quantumcoresoftware.com/air/3.10/lib/python3.10/site-packages/django/utils/functional.py", line 47, in __get__
    res = instance.__dict__[self.name] = self.func(instance)
  File "/home/hightech/virtualenv/r2.quantumcoresoftware.com/air/3.10/lib/python3.10/site-packages/django/urls/resolvers.py", line 711, in urlconf_module
    return import_module(self.urlconf_name)
  File "/opt/alt/python310/lib64/python3.10/importlib/__init__.py", line 126, in import_module
    return _bootstrap._gcd_import(name[level:], package, level)
  File "<frozen importlib._bootstrap>", line 1050, in _gcd_import
  File "<frozen importlib._bootstrap>", line 1027, in _find_and_load
  File "<frozen importlib._bootstrap>", line 1006, in _find_and_load_unlocked
  File "<frozen importlib._bootstrap>", line 688, in _load_unlocked
  File "<frozen importlib._bootstrap_external>", line 883, in exec_module
  File "<frozen importlib._bootstrap>", line 241, in _call_with_frames_removed
  File "/home/hightech/r2.quantumcoresoftware.com/air/air/urls.py", line 24, in <module>
    path('',include('main.urls'))
  File "/home/hightech/virtualenv/r2.quantumcoresoftware.com/air/3.10/lib/python3.10/site-packages/django/urls/conf.py", line 39, in include
    urlconf_module = import_module(urlconf_module)
  File "/opt/alt/python310/lib64/python3.10/importlib/__init__.py", line 126, in import_module
    return _bootstrap._gcd_import(name[level:], package, level)
  File "<frozen importlib._bootstrap>", line 1050, in _gcd_import
  File "<frozen importlib._bootstrap>", line 1027, in _find_and_load
  File "<frozen importlib._bootstrap>", line 1006, in _find_and_load_unlocked
  File "<frozen importlib._bootstrap>", line 688, in _load_unlocked
  File "<frozen importlib._bootstrap_external>", line 883, in exec_module
  File "<frozen importlib._bootstrap>", line 241, in _call_with_frames_removed
  File "/home/hightech/r2.quantumcoresoftware.com/air/main/urls.py", line 2, in <module>
    from .views import index
  File "/home/hightech/r2.quantumcoresoftware.com/air/main/views.py", line 5, in <module>
    from .forms import InquiryForm, ContactForm
  File "/home/hightech/r2.quantumcoresoftware.com/air/main/forms.py", line 2, in <module>
    from .models import Inquiry, Contact
ImportError: cannot import name 'Contact' from 'main.models' (/home/hightech/r2.quantumcoresoftware.com/air/main/models.py)

During handling of the above exception, another exception occurred:

Traceback (most recent call last):
  File "/home/hightech/virtualenv/r2.quantumcoresoftware.com/air/3.10/lib/python3.10/site-packages/django/core/handlers/wsgi.py", line 124, in __call__
    response = self.get_response(request)
  File "/home/hightech/virtualenv/r2.quantumcoresoftware.com/air/3.10/lib/python3.10/site-packages/django/core/handlers/base.py", line 140, in get_response
    response = self._middleware_chain(request)
  File "/home/hightech/virtualenv/r2.quantumcoresoftware.com/air/3.10/lib/python3.10/site-packages/django/core/handlers/exception.py", line 57, in inner
    response = response_for_exception(request, exc)
  File "/home/hightech/virtualenv/r2.quantumcoresoftware.com/air/3.10/lib/python3.10/site-packages/django/core/handlers/exception.py", line 141, in response_for_exception
    response = handle_uncaught_exception(
  File "/home/hightech/virtualenv/r2.quantumcoresoftware.com/air/3.10/lib/python3.10/site-packages/django/core/handlers/exception.py", line 182, in handle_uncaught_exception
    return debug.technical_500_response(request, *exc_info)
  File "/home/hightech/virtualenv/r2.quantumcoresoftware.com/air/3.10/lib/python3.10/site-packages/django/views/debug.py", line 69, in technical_500_response
    html = reporter.get_traceback_html()
  File "/home/hightech/virtualenv/r2.quantumcoresoftware.com/air/3.10/lib/python3.10/site-packages/django/views/debug.py", line 428, in get_traceback_html
    c = Context(self.get_traceback_data(), use_l10n=False)
  File "/home/hightech/virtualenv/r2.quantumcoresoftware.com/air/3.10/lib/python3.10/site-packages/django/views/debug.py", line 411, in get_traceback_data
    c["raising_view_name"] = get_caller(self.request)
  File "/home/hightech/virtualenv/r2.quantumcoresoftware.com/air/3.10/lib/python3.10/site-packages/django/views/debug.py", line 102, in get_caller
    resolver_match = resolve(request.path)
  File "/home/hightech/virtualenv/r2.quantumcoresoftware.com/air/3.10/lib/python3.10/site-packages/django/urls/base.py", line 25, in resolve
    return get_resolver(urlconf).resolve(path)
  File "/home/hightech/virtualenv/r2.quantumcoresoftware.com/air/3.10/lib/python3.10/site-packages/django/urls/resolvers.py", line 666, in resolve
    for pattern in self.url_patterns:
  File "/home/hightech/virtualenv/r2.quantumcoresoftware.com/air/3.10/lib/python3.10/site-packages/django/utils/functional.py", line 47, in __get__
    res = instance.__dict__[self.name] = self.func(instance)
  File "/home/hightech/virtualenv/r2.quantumcoresoftware.com/air/3.10/lib/python3.10/site-packages/django/urls/resolvers.py", line 718, in url_patterns
    patterns = getattr(self.urlconf_module, "urlpatterns", self.urlconf_module)
  File "/home/hightech/virtualenv/r2.quantumcoresoftware.com/air/3.10/lib/python3.10/site-packages/django/utils/functional.py", line 47, in __get__
    res = instance.__dict__[self.name] = self.func(instance)
  File "/home/hightech/virtualenv/r2.quantumcoresoftware.com/air/3.10/lib/python3.10/site-packages/django/urls/resolvers.py", line 711, in urlconf_module
    return import_module(self.urlconf_name)
  File "/opt/alt/python310/lib64/python3.10/importlib/__init__.py", line 126, in import_module
    return _bootstrap._gcd_import(name[level:], package, level)
  File "<frozen importlib._bootstrap>", line 1050, in _gcd_import
  File "<frozen importlib._bootstrap>", line 1027, in _find_and_load
  File "<frozen importlib._bootstrap>", line 1006, in _find_and_load_unlocked
  File "<frozen importlib._bootstrap>", line 688, in _load_unlocked
  File "<frozen importlib._bootstrap_external>", line 883, in exec_module
  File "<frozen importlib._bootstrap>", line 241, in _call_with_frames_removed
  File "/home/hightech/r2.quantumcoresoftware.com/air/air/urls.py", line 24, in <module>
    path('',include('main.urls'))
  File "/home/hightech/virtualenv/r2.quantumcoresoftware.com/air/3.10/lib/python3.10/site-packages/django/urls/conf.py", line 39, in include
    urlconf_module = import_module(urlconf_module)
  File "/opt/alt/python310/lib64/python3.10/importlib/__init__.py", line 126, in import_module
    return _bootstrap._gcd_import(name[level:], package, level)
  File "<frozen importlib._bootstrap>", line 1050, in _gcd_import
  File "<frozen importlib._bootstrap>", line 1027, in _find_and_load
  File "<frozen importlib._bootstrap>", line 1006, in _find_and_load_unlocked
  File "<frozen importlib._bootstrap>", line 688, in _load_unlocked
  File "<frozen importlib._bootstrap_external>", line 883, in exec_module
  File "<frozen importlib._bootstrap>", line 241, in _call_with_frames_removed
  File "/home/hightech/r2.quantumcoresoftware.com/air/main/urls.py", line 2, in <module>
    from .views import index
  File "/home/hightech/r2.quantumcoresoftware.com/air/main/views.py", line 5, in <module>
    from .forms import InquiryForm, ContactForm
  File "/home/hightech/r2.quantumcoresoftware.com/air/main/forms.py", line 2, in <module>
    from .models import Inquiry, Contact
ImportError: cannot import name 'Contact' from 'main.models' (/home/hightech/r2.quantumcoresoftware.com/air/main/models.py)
[ERROR] [UID:1788][1307705] wsgiAppHandler pApp->start_response() return NULL.
Traceback (most recent call last):
  File "/home/hightech/virtualenv/r2.quantumcoresoftware.com/air/3.10/lib/python3.10/site-packages/django/core/handlers/exception.py", line 55, in inner
    response = get_response(request)
  File "/home/hightech/virtualenv/r2.quantumcoresoftware.com/air/3.10/lib/python3.10/site-packages/django/core/handlers/base.py", line 181, in _get_response
    callback, callback_args, callback_kwargs = self.resolve_request(request)
  File "/home/hightech/virtualenv/r2.quantumcoresoftware.com/air/3.10/lib/python3.10/site-packages/django/core/handlers/base.py", line 313, in resolve_request
    resolver_match = resolver.resolve(request.path_info)
  File "/home/hightech/virtualenv/r2.quantumcoresoftware.com/air/3.10/lib/python3.10/site-packages/django/urls/resolvers.py", line 666, in resolve
    for pattern in self.url_patterns:
  File "/home/hightech/virtualenv/r2.quantumcoresoftware.com/air/3.10/lib/python3.10/site-packages/django/utils/functional.py", line 47, in __get__
    res = instance.__dict__[self.name] = self.func(instance)
  File "/home/hightech/virtualenv/r2.quantumcoresoftware.com/air/3.10/lib/python3.10/site-packages/django/urls/resolvers.py", line 718, in url_patterns
    patterns = getattr(self.urlconf_module, "urlpatterns", self.urlconf_module)
  File "/home/hightech/virtualenv/r2.quantumcoresoftware.com/air/3.10/lib/python3.10/site-packages/django/utils/functional.py", line 47, in __get__
    res = instance.__dict__[self.name] = self.func(instance)
  File "/home/hightech/virtualenv/r2.quantumcoresoftware.com/air/3.10/lib/python3.10/site-packages/django/urls/resolvers.py", line 711, in urlconf_module
    return import_module(self.urlconf_name)
  File "/opt/alt/python310/lib64/python3.10/importlib/__init__.py", line 126, in import_module
    return _bootstrap._gcd_import(name[level:], package, level)
  File "<frozen importlib._bootstrap>", line 1050, in _gcd_import
  File "<frozen importlib._bootstrap>", line 1027, in _find_and_load
  File "<frozen importlib._bootstrap>", line 1006, in _find_and_load_unlocked
  File "<frozen importlib._bootstrap>", line 688, in _load_unlocked
  File "<frozen importlib._bootstrap_external>", line 883, in exec_module
  File "<frozen importlib._bootstrap>", line 241, in _call_with_frames_removed
  File "/home/hightech/r2.quantumcoresoftware.com/air/air/urls.py", line 24, in <module>
    path('',include('main.urls'))
  File "/home/hightech/virtualenv/r2.quantumcoresoftware.com/air/3.10/lib/python3.10/site-packages/django/urls/conf.py", line 39, in include
    urlconf_module = import_module(urlconf_module)
  File "/opt/alt/python310/lib64/python3.10/importlib/__init__.py", line 126, in import_module
    return _bootstrap._gcd_import(name[level:], package, level)
  File "<frozen importlib._bootstrap>", line 1050, in _gcd_import
  File "<frozen importlib._bootstrap>", line 1027, in _find_and_load
  File "<frozen importlib._bootstrap>", line 1006, in _find_and_load_unlocked
  File "<frozen importlib._bootstrap>", line 688, in _load_unlocked
  File "<frozen importlib._bootstrap_external>", line 883, in exec_module
  File "<frozen importlib._bootstrap>", line 241, in _call_with_frames_removed
  File "/home/hightech/r2.quantumcoresoftware.com/air/main/urls.py", line 2, in <module>
    from .views import index
  File "/home/hightech/r2.quantumcoresoftware.com/air/main/views.py", line 5, in <module>
    from .forms import InquiryForm, ContactForm
  File "/home/hightech/r2.quantumcoresoftware.com/air/main/forms.py", line 2, in <module>
    from .models import Inquiry, Contact
ImportError: cannot import name 'Contact' from 'main.models' (/home/hightech/r2.quantumcoresoftware.com/air/main/models.py)

During handling of the above exception, another exception occurred:

Traceback (most recent call last):
  File "/home/hightech/virtualenv/r2.quantumcoresoftware.com/air/3.10/lib/python3.10/site-packages/django/core/handlers/exception.py", line 55, in inner
    response = get_response(request)
  File "/home/hightech/virtualenv/r2.quantumcoresoftware.com/air/3.10/lib/python3.10/site-packages/django/utils/deprecation.py", line 120, in __call__
    response = response or self.get_response(request)
  File "/home/hightech/virtualenv/r2.quantumcoresoftware.com/air/3.10/lib/python3.10/site-packages/django/core/handlers/exception.py", line 57, in inner
    response = response_for_exception(request, exc)
  File "/home/hightech/virtualenv/r2.quantumcoresoftware.com/air/3.10/lib/python3.10/site-packages/django/core/handlers/exception.py", line 141, in response_for_exception
    response = handle_uncaught_exception(
  File "/home/hightech/virtualenv/r2.quantumcoresoftware.com/air/3.10/lib/python3.10/site-packages/django/core/handlers/exception.py", line 182, in handle_uncaught_exception
    return debug.technical_500_response(request, *exc_info)
  File "/home/hightech/virtualenv/r2.quantumcoresoftware.com/air/3.10/lib/python3.10/site-packages/django/views/debug.py", line 69, in technical_500_response
    html = reporter.get_traceback_html()
  File "/home/hightech/virtualenv/r2.quantumcoresoftware.com/air/3.10/lib/python3.10/site-packages/django/views/debug.py", line 428, in get_traceback_html
    c = Context(self.get_traceback_data(), use_l10n=False)
  File "/home/hightech/virtualenv/r2.quantumcoresoftware.com/air/3.10/lib/python3.10/site-packages/django/views/debug.py", line 411, in get_traceback_data
    c["raising_view_name"] = get_caller(self.request)
  File "/home/hightech/virtualenv/r2.quantumcoresoftware.com/air/3.10/lib/python3.10/site-packages/django/views/debug.py", line 102, in get_caller
    resolver_match = resolve(request.path)
  File "/home/hightech/virtualenv/r2.quantumcoresoftware.com/air/3.10/lib/python3.10/site-packages/django/urls/base.py", line 25, in resolve
    return get_resolver(urlconf).resolve(path)
  File "/home/hightech/virtualenv/r2.quantumcoresoftware.com/air/3.10/lib/python3.10/site-packages/django/urls/resolvers.py", line 666, in resolve
    for pattern in self.url_patterns:
  File "/home/hightech/virtualenv/r2.quantumcoresoftware.com/air/3.10/lib/python3.10/site-packages/django/utils/functional.py", line 47, in __get__
    res = instance.__dict__[self.name] = self.func(instance)
  File "/home/hightech/virtualenv/r2.quantumcoresoftware.com/air/3.10/lib/python3.10/site-packages/django/urls/resolvers.py", line 718, in url_patterns
    patterns = getattr(self.urlconf_module, "urlpatterns", self.urlconf_module)
  File "/home/hightech/virtualenv/r2.quantumcoresoftware.com/air/3.10/lib/python3.10/site-packages/django/utils/functional.py", line 47, in __get__
    res = instance.__dict__[self.name] = self.func(instance)
  File "/home/hightech/virtualenv/r2.quantumcoresoftware.com/air/3.10/lib/python3.10/site-packages/django/urls/resolvers.py", line 711, in urlconf_module
    return import_module(self.urlconf_name)
  File "/opt/alt/python310/lib64/python3.10/importlib/__init__.py", line 126, in import_module
    return _bootstrap._gcd_import(name[level:], package, level)
  File "<frozen importlib._bootstrap>", line 1050, in _gcd_import
  File "<frozen importlib._bootstrap>", line 1027, in _find_and_load
  File "<frozen importlib._bootstrap>", line 1006, in _find_and_load_unlocked
  File "<frozen importlib._bootstrap>", line 688, in _load_unlocked
  File "<frozen importlib._bootstrap_external>", line 883, in exec_module
  File "<frozen importlib._bootstrap>", line 241, in _call_with_frames_removed
  File "/home/hightech/r2.quantumcoresoftware.com/air/air/urls.py", line 24, in <module>
    path('',include('main.urls'))
  File "/home/hightech/virtualenv/r2.quantumcoresoftware.com/air/3.10/lib/python3.10/site-packages/django/urls/conf.py", line 39, in include
    urlconf_module = import_module(urlconf_module)
  File "/opt/alt/python310/lib64/python3.10/importlib/__init__.py", line 126, in import_module
    return _bootstrap._gcd_import(name[level:], package, level)
  File "<frozen importlib._bootstrap>", line 1050, in _gcd_import
  File "<frozen importlib._bootstrap>", line 1027, in _find_and_load
  File "<frozen importlib._bootstrap>", line 1006, in _find_and_load_unlocked
  File "<frozen importlib._bootstrap>", line 688, in _load_unlocked
  File "<frozen importlib._bootstrap_external>", line 883, in exec_module
  File "<frozen importlib._bootstrap>", line 241, in _call_with_frames_removed
  File "/home/hightech/r2.quantumcoresoftware.com/air/main/urls.py", line 2, in <module>
    from .views import index
  File "/home/hightech/r2.quantumcoresoftware.com/air/main/views.py", line 5, in <module>
    from .forms import InquiryForm, ContactForm
  File "/home/hightech/r2.quantumcoresoftware.com/air/main/forms.py", line 2, in <module>
    from .models import Inquiry, Contact
ImportError: cannot import name 'Contact' from 'main.models' (/home/hightech/r2.quantumcoresoftware.com/air/main/models.py)

During handling of the above exception, another exception occurred:

Traceback (most recent call last):
  File "/home/hightech/virtualenv/r2.quantumcoresoftware.com/air/3.10/lib/python3.10/site-packages/django/core/handlers/exception.py", line 55, in inner
    response = get_response(request)
  File "/home/hightech/virtualenv/r2.quantumcoresoftware.com/air/3.10/lib/python3.10/site-packages/django/utils/deprecation.py", line 120, in __call__
    response = response or self.get_response(request)
  File "/home/hightech/virtualenv/r2.quantumcoresoftware.com/air/3.10/lib/python3.10/site-packages/django/core/handlers/exception.py", line 57, in inner
    response = response_for_exception(request, exc)
  File "/home/hightech/virtualenv/r2.quantumcoresoftware.com/air/3.10/lib/python3.10/site-packages/django/core/handlers/exception.py", line 141, in response_for_exception
    response = handle_uncaught_exception(
  File "/home/hightech/virtualenv/r2.quantumcoresoftware.com/air/3.10/lib/python3.10/site-packages/django/core/handlers/exception.py", line 182, in handle_uncaught_exception
    return debug.technical_500_response(request, *exc_info)
  File "/home/hightech/virtualenv/r2.quantumcoresoftware.com/air/3.10/lib/python3.10/site-packages/django/views/debug.py", line 69, in technical_500_response
    html = reporter.get_traceback_html()
  File "/home/hightech/virtualenv/r2.quantumcoresoftware.com/air/3.10/lib/python3.10/site-packages/django/views/debug.py", line 428, in get_traceback_html
    c = Context(self.get_traceback_data(), use_l10n=False)
  File "/home/hightech/virtualenv/r2.quantumcoresoftware.com/air/3.10/lib/python3.10/site-packages/django/views/debug.py", line 411, in get_traceback_data
    c["raising_view_name"] = get_caller(self.request)
  File "/home/hightech/virtualenv/r2.quantumcoresoftware.com/air/3.10/lib/python3.10/site-packages/django/views/debug.py", line 102, in get_caller
    resolver_match = resolve(request.path)
  File "/home/hightech/virtualenv/r2.quantumcoresoftware.com/air/3.10/lib/python3.10/site-packages/django/urls/base.py", line 25, in resolve
    return get_resolver(urlconf).resolve(path)
  File "/home/hightech/virtualenv/r2.quantumcoresoftware.com/air/3.10/lib/python3.10/site-packages/django/urls/resolvers.py", line 666, in resolve
    for pattern in self.url_patterns:
  File "/home/hightech/virtualenv/r2.quantumcoresoftware.com/air/3.10/lib/python3.10/site-packages/django/utils/functional.py", line 47, in __get__
    res = instance.__dict__[self.name] = self.func(instance)
  File "/home/hightech/virtualenv/r2.quantumcoresoftware.com/air/3.10/lib/python3.10/site-packages/django/urls/resolvers.py", line 718, in url_patterns
    patterns = getattr(self.urlconf_module, "urlpatterns", self.urlconf_module)
  File "/home/hightech/virtualenv/r2.quantumcoresoftware.com/air/3.10/lib/python3.10/site-packages/django/utils/functional.py", line 47, in __get__
    res = instance.__dict__[self.name] = self.func(instance)
  File "/home/hightech/virtualenv/r2.quantumcoresoftware.com/air/3.10/lib/python3.10/site-packages/django/urls/resolvers.py", line 711, in urlconf_module
    return import_module(self.urlconf_name)
  File "/opt/alt/python310/lib64/python3.10/importlib/__init__.py", line 126, in import_module
    return _bootstrap._gcd_import(name[level:], package, level)
  File "<frozen importlib._bootstrap>", line 1050, in _gcd_import
  File "<frozen importlib._bootstrap>", line 1027, in _find_and_load
  File "<frozen importlib._bootstrap>", line 1006, in _find_and_load_unlocked
  File "<frozen importlib._bootstrap>", line 688, in _load_unlocked
  File "<frozen importlib._bootstrap_external>", line 883, in exec_module
  File "<frozen importlib._bootstrap>", line 241, in _call_with_frames_removed
  File "/home/hightech/r2.quantumcoresoftware.com/air/air/urls.py", line 24, in <module>
    path('',include('main.urls'))
  File "/home/hightech/virtualenv/r2.quantumcoresoftware.com/air/3.10/lib/python3.10/site-packages/django/urls/conf.py", line 39, in include
    urlconf_module = import_module(urlconf_module)
  File "/opt/alt/python310/lib64/python3.10/importlib/__init__.py", line 126, in import_module
    return _bootstrap._gcd_import(name[level:], package, level)
  File "<frozen importlib._bootstrap>", line 1050, in _gcd_import
  File "<frozen importlib._bootstrap>", line 1027, in _find_and_load
  File "<frozen importlib._bootstrap>", line 1006, in _find_and_load_unlocked
  File "<frozen importlib._bootstrap>", line 688, in _load_unlocked
  File "<frozen importlib._bootstrap_external>", line 883, in exec_module
  File "<frozen importlib._bootstrap>", line 241, in _call_with_frames_removed
  File "/home/hightech/r2.quantumcoresoftware.com/air/main/urls.py", line 2, in <module>
    from .views import index
  File "/home/hightech/r2.quantumcoresoftware.com/air/main/views.py", line 5, in <module>
    from .forms import InquiryForm, ContactForm
  File "/home/hightech/r2.quantumcoresoftware.com/air/main/forms.py", line 2, in <module>
    from .models import Inquiry, Contact
ImportError: cannot import name 'Contact' from 'main.models' (/home/hightech/r2.quantumcoresoftware.com/air/main/models.py)

During handling of the above exception, another exception occurred:

Traceback (most recent call last):
  File "/home/hightech/virtualenv/r2.quantumcoresoftware.com/air/3.10/lib/python3.10/site-packages/django/core/handlers/exception.py", line 55, in inner
    response = get_response(request)
  File "/home/hightech/virtualenv/r2.quantumcoresoftware.com/air/3.10/lib/python3.10/site-packages/django/utils/deprecation.py", line 120, in __call__
    response = response or self.get_response(request)
  File "/home/hightech/virtualenv/r2.quantumcoresoftware.com/air/3.10/lib/python3.10/site-packages/django/core/handlers/exception.py", line 57, in inner
    response = response_for_exception(request, exc)
  File "/home/hightech/virtualenv/r2.quantumcoresoftware.com/air/3.10/lib/python3.10/site-packages/django/core/handlers/exception.py", line 141, in response_for_exception
    response = handle_uncaught_exception(
  File "/home/hightech/virtualenv/r2.quantumcoresoftware.com/air/3.10/lib/python3.10/site-packages/django/core/handlers/exception.py", line 182, in handle_uncaught_exception
    return debug.technical_500_response(request, *exc_info)
  File "/home/hightech/virtualenv/r2.quantumcoresoftware.com/air/3.10/lib/python3.10/site-packages/django/views/debug.py", line 69, in technical_500_response
    html = reporter.get_traceback_html()
  File "/home/hightech/virtualenv/r2.quantumcoresoftware.com/air/3.10/lib/python3.10/site-packages/django/views/debug.py", line 428, in get_traceback_html
    c = Context(self.get_traceback_data(), use_l10n=False)
  File "/home/hightech/virtualenv/r2.quantumcoresoftware.com/air/3.10/lib/python3.10/site-packages/django/views/debug.py", line 411, in get_traceback_data
    c["raising_view_name"] = get_caller(self.request)
  File "/home/hightech/virtualenv/r2.quantumcoresoftware.com/air/3.10/lib/python3.10/site-packages/django/views/debug.py", line 102, in get_caller
    resolver_match = resolve(request.path)
  File "/home/hightech/virtualenv/r2.quantumcoresoftware.com/air/3.10/lib/python3.10/site-packages/django/urls/base.py", line 25, in resolve
    return get_resolver(urlconf).resolve(path)
  File "/home/hightech/virtualenv/r2.quantumcoresoftware.com/air/3.10/lib/python3.10/site-packages/django/urls/resolvers.py", line 666, in resolve
    for pattern in self.url_patterns:
  File "/home/hightech/virtualenv/r2.quantumcoresoftware.com/air/3.10/lib/python3.10/site-packages/django/utils/functional.py", line 47, in __get__
    res = instance.__dict__[self.name] = self.func(instance)
  File "/home/hightech/virtualenv/r2.quantumcoresoftware.com/air/3.10/lib/python3.10/site-packages/django/urls/resolvers.py", line 718, in url_patterns
    patterns = getattr(self.urlconf_module, "urlpatterns", self.urlconf_module)
  File "/home/hightech/virtualenv/r2.quantumcoresoftware.com/air/3.10/lib/python3.10/site-packages/django/utils/functional.py", line 47, in __get__
    res = instance.__dict__[self.name] = self.func(instance)
  File "/home/hightech/virtualenv/r2.quantumcoresoftware.com/air/3.10/lib/python3.10/site-packages/django/urls/resolvers.py", line 711, in urlconf_module
    return import_module(self.urlconf_name)
  File "/opt/alt/python310/lib64/python3.10/importlib/__init__.py", line 126, in import_module
    return _bootstrap._gcd_import(name[level:], package, level)
  File "<frozen importlib._bootstrap>", line 1050, in _gcd_import
  File "<frozen importlib._bootstrap>", line 1027, in _find_and_load
  File "<frozen importlib._bootstrap>", line 1006, in _find_and_load_unlocked
  File "<frozen importlib._bootstrap>", line 688, in _load_unlocked
  File "<frozen importlib._bootstrap_external>", line 883, in exec_module
  File "<frozen importlib._bootstrap>", line 241, in _call_with_frames_removed
  File "/home/hightech/r2.quantumcoresoftware.com/air/air/urls.py", line 24, in <module>
    path('',include('main.urls'))
  File "/home/hightech/virtualenv/r2.quantumcoresoftware.com/air/3.10/lib/python3.10/site-packages/django/urls/conf.py", line 39, in include
    urlconf_module = import_module(urlconf_module)
  File "/opt/alt/python310/lib64/python3.10/importlib/__init__.py", line 126, in import_module
    return _bootstrap._gcd_import(name[level:], package, level)
  File "<frozen importlib._bootstrap>", line 1050, in _gcd_import
  File "<frozen importlib._bootstrap>", line 1027, in _find_and_load
  File "<frozen importlib._bootstrap>", line 1006, in _find_and_load_unlocked
  File "<frozen importlib._bootstrap>", line 688, in _load_unlocked
  File "<frozen importlib._bootstrap_external>", line 883, in exec_module
  File "<frozen importlib._bootstrap>", line 241, in _call_with_frames_removed
  File "/home/hightech/r2.quantumcoresoftware.com/air/main/urls.py", line 2, in <module>
    from .views import index
  File "/home/hightech/r2.quantumcoresoftware.com/air/main/views.py", line 5, in <module>
    from .forms import InquiryForm, ContactForm
  File "/home/hightech/r2.quantumcoresoftware.com/air/main/forms.py", line 2, in <module>
    from .models import Inquiry, Contact
ImportError: cannot import name 'Contact' from 'main.models' (/home/hightech/r2.quantumcoresoftware.com/air/main/models.py)

During handling of the above exception, another exception occurred:

Traceback (most recent call last):
  File "/home/hightech/virtualenv/r2.quantumcoresoftware.com/air/3.10/lib/python3.10/site-packages/django/core/handlers/exception.py", line 55, in inner
    response = get_response(request)
  File "/home/hightech/virtualenv/r2.quantumcoresoftware.com/air/3.10/lib/python3.10/site-packages/django/utils/deprecation.py", line 120, in __call__
    response = response or self.get_response(request)
  File "/home/hightech/virtualenv/r2.quantumcoresoftware.com/air/3.10/lib/python3.10/site-packages/django/core/handlers/exception.py", line 57, in inner
    response = response_for_exception(request, exc)
  File "/home/hightech/virtualenv/r2.quantumcoresoftware.com/air/3.10/lib/python3.10/site-packages/django/core/handlers/exception.py", line 141, in response_for_exception
    response = handle_uncaught_exception(
  File "/home/hightech/virtualenv/r2.quantumcoresoftware.com/air/3.10/lib/python3.10/site-packages/django/core/handlers/exception.py", line 182, in handle_uncaught_exception
    return debug.technical_500_response(request, *exc_info)
  File "/home/hightech/virtualenv/r2.quantumcoresoftware.com/air/3.10/lib/python3.10/site-packages/django/views/debug.py", line 69, in technical_500_response
    html = reporter.get_traceback_html()
  File "/home/hightech/virtualenv/r2.quantumcoresoftware.com/air/3.10/lib/python3.10/site-packages/django/views/debug.py", line 428, in get_traceback_html
    c = Context(self.get_traceback_data(), use_l10n=False)
  File "/home/hightech/virtualenv/r2.quantumcoresoftware.com/air/3.10/lib/python3.10/site-packages/django/views/debug.py", line 411, in get_traceback_data
    c["raising_view_name"] = get_caller(self.request)
  File "/home/hightech/virtualenv/r2.quantumcoresoftware.com/air/3.10/lib/python3.10/site-packages/django/views/debug.py", line 102, in get_caller
    resolver_match = resolve(request.path)
  File "/home/hightech/virtualenv/r2.quantumcoresoftware.com/air/3.10/lib/python3.10/site-packages/django/urls/base.py", line 25, in resolve
    return get_resolver(urlconf).resolve(path)
  File "/home/hightech/virtualenv/r2.quantumcoresoftware.com/air/3.10/lib/python3.10/site-packages/django/urls/resolvers.py", line 666, in resolve
    for pattern in self.url_patterns:
  File "/home/hightech/virtualenv/r2.quantumcoresoftware.com/air/3.10/lib/python3.10/site-packages/django/utils/functional.py", line 47, in __get__
    res = instance.__dict__[self.name] = self.func(instance)
  File "/home/hightech/virtualenv/r2.quantumcoresoftware.com/air/3.10/lib/python3.10/site-packages/django/urls/resolvers.py", line 718, in url_patterns
    patterns = getattr(self.urlconf_module, "urlpatterns", self.urlconf_module)
  File "/home/hightech/virtualenv/r2.quantumcoresoftware.com/air/3.10/lib/python3.10/site-packages/django/utils/functional.py", line 47, in __get__
    res = instance.__dict__[self.name] = self.func(instance)
  File "/home/hightech/virtualenv/r2.quantumcoresoftware.com/air/3.10/lib/python3.10/site-packages/django/urls/resolvers.py", line 711, in urlconf_module
    return import_module(self.urlconf_name)
  File "/opt/alt/python310/lib64/python3.10/importlib/__init__.py", line 126, in import_module
    return _bootstrap._gcd_import(name[level:], package, level)
  File "<frozen importlib._bootstrap>", line 1050, in _gcd_import
  File "<frozen importlib._bootstrap>", line 1027, in _find_and_load
  File "<frozen importlib._bootstrap>", line 1006, in _find_and_load_unlocked
  File "<frozen importlib._bootstrap>", line 688, in _load_unlocked
  File "<frozen importlib._bootstrap_external>", line 883, in exec_module
  File "<frozen importlib._bootstrap>", line 241, in _call_with_frames_removed
  File "/home/hightech/r2.quantumcoresoftware.com/air/air/urls.py", line 24, in <module>
    path('',include('main.urls'))
  File "/home/hightech/virtualenv/r2.quantumcoresoftware.com/air/3.10/lib/python3.10/site-packages/django/urls/conf.py", line 39, in include
    urlconf_module = import_module(urlconf_module)
  File "/opt/alt/python310/lib64/python3.10/importlib/__init__.py", line 126, in import_module
    return _bootstrap._gcd_import(name[level:], package, level)
  File "<frozen importlib._bootstrap>", line 1050, in _gcd_import
  File "<frozen importlib._bootstrap>", line 1027, in _find_and_load
  File "<frozen importlib._bootstrap>", line 1006, in _find_and_load_unlocked
  File "<frozen importlib._bootstrap>", line 688, in _load_unlocked
  File "<frozen importlib._bootstrap_external>", line 883, in exec_module
  File "<frozen importlib._bootstrap>", line 241, in _call_with_frames_removed
  File "/home/hightech/r2.quantumcoresoftware.com/air/main/urls.py", line 2, in <module>
    from .views import index
  File "/home/hightech/r2.quantumcoresoftware.com/air/main/views.py", line 5, in <module>
    from .forms import InquiryForm, ContactForm
  File "/home/hightech/r2.quantumcoresoftware.com/air/main/forms.py", line 2, in <module>
    from .models import Inquiry, Contact
ImportError: cannot import name 'Contact' from 'main.models' (/home/hightech/r2.quantumcoresoftware.com/air/main/models.py)

During handling of the above exception, another exception occurred:

Traceback (most recent call last):
  File "/home/hightech/virtualenv/r2.quantumcoresoftware.com/air/3.10/lib/python3.10/site-packages/django/core/handlers/exception.py", line 55, in inner
    response = get_response(request)
  File "/home/hightech/virtualenv/r2.quantumcoresoftware.com/air/3.10/lib/python3.10/site-packages/django/utils/deprecation.py", line 120, in __call__
    response = response or self.get_response(request)
  File "/home/hightech/virtualenv/r2.quantumcoresoftware.com/air/3.10/lib/python3.10/site-packages/django/core/handlers/exception.py", line 57, in inner
    response = response_for_exception(request, exc)
  File "/home/hightech/virtualenv/r2.quantumcoresoftware.com/air/3.10/lib/python3.10/site-packages/django/core/handlers/exception.py", line 141, in response_for_exception
    response = handle_uncaught_exception(
  File "/home/hightech/virtualenv/r2.quantumcoresoftware.com/air/3.10/lib/python3.10/site-packages/django/core/handlers/exception.py", line 182, in handle_uncaught_exception
    return debug.technical_500_response(request, *exc_info)
  File "/home/hightech/virtualenv/r2.quantumcoresoftware.com/air/3.10/lib/python3.10/site-packages/django/views/debug.py", line 69, in technical_500_response
    html = reporter.get_traceback_html()
  File "/home/hightech/virtualenv/r2.quantumcoresoftware.com/air/3.10/lib/python3.10/site-packages/django/views/debug.py", line 428, in get_traceback_html
    c = Context(self.get_traceback_data(), use_l10n=False)
  File "/home/hightech/virtualenv/r2.quantumcoresoftware.com/air/3.10/lib/python3.10/site-packages/django/views/debug.py", line 411, in get_traceback_data
    c["raising_view_name"] = get_caller(self.request)
  File "/home/hightech/virtualenv/r2.quantumcoresoftware.com/air/3.10/lib/python3.10/site-packages/django/views/debug.py", line 102, in get_caller
    resolver_match = resolve(request.path)
  File "/home/hightech/virtualenv/r2.quantumcoresoftware.com/air/3.10/lib/python3.10/site-packages/django/urls/base.py", line 25, in resolve
    return get_resolver(urlconf).resolve(path)
  File "/home/hightech/virtualenv/r2.quantumcoresoftware.com/air/3.10/lib/python3.10/site-packages/django/urls/resolvers.py", line 666, in resolve
    for pattern in self.url_patterns:
  File "/home/hightech/virtualenv/r2.quantumcoresoftware.com/air/3.10/lib/python3.10/site-packages/django/utils/functional.py", line 47, in __get__
    res = instance.__dict__[self.name] = self.func(instance)
  File "/home/hightech/virtualenv/r2.quantumcoresoftware.com/air/3.10/lib/python3.10/site-packages/django/urls/resolvers.py", line 718, in url_patterns
    patterns = getattr(self.urlconf_module, "urlpatterns", self.urlconf_module)
  File "/home/hightech/virtualenv/r2.quantumcoresoftware.com/air/3.10/lib/python3.10/site-packages/django/utils/functional.py", line 47, in __get__
    res = instance.__dict__[self.name] = self.func(instance)
  File "/home/hightech/virtualenv/r2.quantumcoresoftware.com/air/3.10/lib/python3.10/site-packages/django/urls/resolvers.py", line 711, in urlconf_module
    return import_module(self.urlconf_name)
  File "/opt/alt/python310/lib64/python3.10/importlib/__init__.py", line 126, in import_module
    return _bootstrap._gcd_import(name[level:], package, level)
  File "<frozen importlib._bootstrap>", line 1050, in _gcd_import
  File "<frozen importlib._bootstrap>", line 1027, in _find_and_load
  File "<frozen importlib._bootstrap>", line 1006, in _find_and_load_unlocked
  File "<frozen importlib._bootstrap>", line 688, in _load_unlocked
  File "<frozen importlib._bootstrap_external>", line 883, in exec_module
  File "<frozen importlib._bootstrap>", line 241, in _call_with_frames_removed
  File "/home/hightech/r2.quantumcoresoftware.com/air/air/urls.py", line 24, in <module>
    path('',include('main.urls'))
  File "/home/hightech/virtualenv/r2.quantumcoresoftware.com/air/3.10/lib/python3.10/site-packages/django/urls/conf.py", line 39, in include
    urlconf_module = import_module(urlconf_module)
  File "/opt/alt/python310/lib64/python3.10/importlib/__init__.py", line 126, in import_module
    return _bootstrap._gcd_import(name[level:], package, level)
  File "<frozen importlib._bootstrap>", line 1050, in _gcd_import
  File "<frozen importlib._bootstrap>", line 1027, in _find_and_load
  File "<frozen importlib._bootstrap>", line 1006, in _find_and_load_unlocked
  File "<frozen importlib._bootstrap>", line 688, in _load_unlocked
  File "<frozen importlib._bootstrap_external>", line 883, in exec_module
  File "<frozen importlib._bootstrap>", line 241, in _call_with_frames_removed
  File "/home/hightech/r2.quantumcoresoftware.com/air/main/urls.py", line 2, in <module>
    from .views import index
  File "/home/hightech/r2.quantumcoresoftware.com/air/main/views.py", line 5, in <module>
    from .forms import InquiryForm, ContactForm
  File "/home/hightech/r2.quantumcoresoftware.com/air/main/forms.py", line 2, in <module>
    from .models import Inquiry, Contact
ImportError: cannot import name 'Contact' from 'main.models' (/home/hightech/r2.quantumcoresoftware.com/air/main/models.py)

During handling of the above exception, another exception occurred:

Traceback (most recent call last):
  File "/home/hightech/virtualenv/r2.quantumcoresoftware.com/air/3.10/lib/python3.10/site-packages/django/core/handlers/exception.py", line 55, in inner
    response = get_response(request)
  File "/home/hightech/virtualenv/r2.quantumcoresoftware.com/air/3.10/lib/python3.10/site-packages/django/utils/deprecation.py", line 120, in __call__
    response = response or self.get_response(request)
  File "/home/hightech/virtualenv/r2.quantumcoresoftware.com/air/3.10/lib/python3.10/site-packages/django/core/handlers/exception.py", line 57, in inner
    response = response_for_exception(request, exc)
  File "/home/hightech/virtualenv/r2.quantumcoresoftware.com/air/3.10/lib/python3.10/site-packages/django/core/handlers/exception.py", line 141, in response_for_exception
    response = handle_uncaught_exception(
  File "/home/hightech/virtualenv/r2.quantumcoresoftware.com/air/3.10/lib/python3.10/site-packages/django/core/handlers/exception.py", line 182, in handle_uncaught_exception
    return debug.technical_500_response(request, *exc_info)
  File "/home/hightech/virtualenv/r2.quantumcoresoftware.com/air/3.10/lib/python3.10/site-packages/django/views/debug.py", line 69, in technical_500_response
    html = reporter.get_traceback_html()
  File "/home/hightech/virtualenv/r2.quantumcoresoftware.com/air/3.10/lib/python3.10/site-packages/django/views/debug.py", line 428, in get_traceback_html
    c = Context(self.get_traceback_data(), use_l10n=False)
  File "/home/hightech/virtualenv/r2.quantumcoresoftware.com/air/3.10/lib/python3.10/site-packages/django/views/debug.py", line 411, in get_traceback_data
    c["raising_view_name"] = get_caller(self.request)
  File "/home/hightech/virtualenv/r2.quantumcoresoftware.com/air/3.10/lib/python3.10/site-packages/django/views/debug.py", line 102, in get_caller
    resolver_match = resolve(request.path)
  File "/home/hightech/virtualenv/r2.quantumcoresoftware.com/air/3.10/lib/python3.10/site-packages/django/urls/base.py", line 25, in resolve
    return get_resolver(urlconf).resolve(path)
  File "/home/hightech/virtualenv/r2.quantumcoresoftware.com/air/3.10/lib/python3.10/site-packages/django/urls/resolvers.py", line 666, in resolve
    for pattern in self.url_patterns:
  File "/home/hightech/virtualenv/r2.quantumcoresoftware.com/air/3.10/lib/python3.10/site-packages/django/utils/functional.py", line 47, in __get__
    res = instance.__dict__[self.name] = self.func(instance)
  File "/home/hightech/virtualenv/r2.quantumcoresoftware.com/air/3.10/lib/python3.10/site-packages/django/urls/resolvers.py", line 718, in url_patterns
    patterns = getattr(self.urlconf_module, "urlpatterns", self.urlconf_module)
  File "/home/hightech/virtualenv/r2.quantumcoresoftware.com/air/3.10/lib/python3.10/site-packages/django/utils/functional.py", line 47, in __get__
    res = instance.__dict__[self.name] = self.func(instance)
  File "/home/hightech/virtualenv/r2.quantumcoresoftware.com/air/3.10/lib/python3.10/site-packages/django/urls/resolvers.py", line 711, in urlconf_module
    return import_module(self.urlconf_name)
  File "/opt/alt/python310/lib64/python3.10/importlib/__init__.py", line 126, in import_module
    return _bootstrap._gcd_import(name[level:], package, level)
  File "<frozen importlib._bootstrap>", line 1050, in _gcd_import
  File "<frozen importlib._bootstrap>", line 1027, in _find_and_load
  File "<frozen importlib._bootstrap>", line 1006, in _find_and_load_unlocked
  File "<frozen importlib._bootstrap>", line 688, in _load_unlocked
  File "<frozen importlib._bootstrap_external>", line 883, in exec_module
  File "<frozen importlib._bootstrap>", line 241, in _call_with_frames_removed
  File "/home/hightech/r2.quantumcoresoftware.com/air/air/urls.py", line 24, in <module>
    path('',include('main.urls'))
  File "/home/hightech/virtualenv/r2.quantumcoresoftware.com/air/3.10/lib/python3.10/site-packages/django/urls/conf.py", line 39, in include
    urlconf_module = import_module(urlconf_module)
  File "/opt/alt/python310/lib64/python3.10/importlib/__init__.py", line 126, in import_module
    return _bootstrap._gcd_import(name[level:], package, level)
  File "<frozen importlib._bootstrap>", line 1050, in _gcd_import
  File "<frozen importlib._bootstrap>", line 1027, in _find_and_load
  File "<frozen importlib._bootstrap>", line 1006, in _find_and_load_unlocked
  File "<frozen importlib._bootstrap>", line 688, in _load_unlocked
  File "<frozen importlib._bootstrap_external>", line 883, in exec_module
  File "<frozen importlib._bootstrap>", line 241, in _call_with_frames_removed
  File "/home/hightech/r2.quantumcoresoftware.com/air/main/urls.py", line 2, in <module>
    from .views import index
  File "/home/hightech/r2.quantumcoresoftware.com/air/main/views.py", line 5, in <module>
    from .forms import InquiryForm, ContactForm
  File "/home/hightech/r2.quantumcoresoftware.com/air/main/forms.py", line 2, in <module>
    from .models import Inquiry, Contact
ImportError: cannot import name 'Contact' from 'main.models' (/home/hightech/r2.quantumcoresoftware.com/air/main/models.py)

During handling of the above exception, another exception occurred:

Traceback (most recent call last):
  File "/home/hightech/virtualenv/r2.quantumcoresoftware.com/air/3.10/lib/python3.10/site-packages/django/core/handlers/exception.py", line 55, in inner
    response = get_response(request)
  File "/home/hightech/virtualenv/r2.quantumcoresoftware.com/air/3.10/lib/python3.10/site-packages/django/utils/deprecation.py", line 120, in __call__
    response = response or self.get_response(request)
  File "/home/hightech/virtualenv/r2.quantumcoresoftware.com/air/3.10/lib/python3.10/site-packages/django/core/handlers/exception.py", line 57, in inner
    response = response_for_exception(request, exc)
  File "/home/hightech/virtualenv/r2.quantumcoresoftware.com/air/3.10/lib/python3.10/site-packages/django/core/handlers/exception.py", line 141, in response_for_exception
    response = handle_uncaught_exception(
  File "/home/hightech/virtualenv/r2.quantumcoresoftware.com/air/3.10/lib/python3.10/site-packages/django/core/handlers/exception.py", line 182, in handle_uncaught_exception
    return debug.technical_500_response(request, *exc_info)
  File "/home/hightech/virtualenv/r2.quantumcoresoftware.com/air/3.10/lib/python3.10/site-packages/django/views/debug.py", line 69, in technical_500_response
    html = reporter.get_traceback_html()
  File "/home/hightech/virtualenv/r2.quantumcoresoftware.com/air/3.10/lib/python3.10/site-packages/django/views/debug.py", line 428, in get_traceback_html
    c = Context(self.get_traceback_data(), use_l10n=False)
  File "/home/hightech/virtualenv/r2.quantumcoresoftware.com/air/3.10/lib/python3.10/site-packages/django/views/debug.py", line 411, in get_traceback_data
    c["raising_view_name"] = get_caller(self.request)
  File "/home/hightech/virtualenv/r2.quantumcoresoftware.com/air/3.10/lib/python3.10/site-packages/django/views/debug.py", line 102, in get_caller
    resolver_match = resolve(request.path)
  File "/home/hightech/virtualenv/r2.quantumcoresoftware.com/air/3.10/lib/python3.10/site-packages/django/urls/base.py", line 25, in resolve
    return get_resolver(urlconf).resolve(path)
  File "/home/hightech/virtualenv/r2.quantumcoresoftware.com/air/3.10/lib/python3.10/site-packages/django/urls/resolvers.py", line 666, in resolve
    for pattern in self.url_patterns:
  File "/home/hightech/virtualenv/r2.quantumcoresoftware.com/air/3.10/lib/python3.10/site-packages/django/utils/functional.py", line 47, in __get__
    res = instance.__dict__[self.name] = self.func(instance)
  File "/home/hightech/virtualenv/r2.quantumcoresoftware.com/air/3.10/lib/python3.10/site-packages/django/urls/resolvers.py", line 718, in url_patterns
    patterns = getattr(self.urlconf_module, "urlpatterns", self.urlconf_module)
  File "/home/hightech/virtualenv/r2.quantumcoresoftware.com/air/3.10/lib/python3.10/site-packages/django/utils/functional.py", line 47, in __get__
    res = instance.__dict__[self.name] = self.func(instance)
  File "/home/hightech/virtualenv/r2.quantumcoresoftware.com/air/3.10/lib/python3.10/site-packages/django/urls/resolvers.py", line 711, in urlconf_module
    return import_module(self.urlconf_name)
  File "/opt/alt/python310/lib64/python3.10/importlib/__init__.py", line 126, in import_module
    return _bootstrap._gcd_import(name[level:], package, level)
  File "<frozen importlib._bootstrap>", line 1050, in _gcd_import
  File "<frozen importlib._bootstrap>", line 1027, in _find_and_load
  File "<frozen importlib._bootstrap>", line 1006, in _find_and_load_unlocked
  File "<frozen importlib._bootstrap>", line 688, in _load_unlocked
  File "<frozen importlib._bootstrap_external>", line 883, in exec_module
  File "<frozen importlib._bootstrap>", line 241, in _call_with_frames_removed
  File "/home/hightech/r2.quantumcoresoftware.com/air/air/urls.py", line 24, in <module>
    path('',include('main.urls'))
  File "/home/hightech/virtualenv/r2.quantumcoresoftware.com/air/3.10/lib/python3.10/site-packages/django/urls/conf.py", line 39, in include
    urlconf_module = import_module(urlconf_module)
  File "/opt/alt/python310/lib64/python3.10/importlib/__init__.py", line 126, in import_module
    return _bootstrap._gcd_import(name[level:], package, level)
  File "<frozen importlib._bootstrap>", line 1050, in _gcd_import
  File "<frozen importlib._bootstrap>", line 1027, in _find_and_load
  File "<frozen importlib._bootstrap>", line 1006, in _find_and_load_unlocked
  File "<frozen importlib._bootstrap>", line 688, in _load_unlocked
  File "<frozen importlib._bootstrap_external>", line 883, in exec_module
  File "<frozen importlib._bootstrap>", line 241, in _call_with_frames_removed
  File "/home/hightech/r2.quantumcoresoftware.com/air/main/urls.py", line 2, in <module>
    from .views import index
  File "/home/hightech/r2.quantumcoresoftware.com/air/main/views.py", line 5, in <module>
    from .forms import InquiryForm, ContactForm
  File "/home/hightech/r2.quantumcoresoftware.com/air/main/forms.py", line 2, in <module>
    from .models import Inquiry, Contact
ImportError: cannot import name 'Contact' from 'main.models' (/home/hightech/r2.quantumcoresoftware.com/air/main/models.py)

During handling of the above exception, another exception occurred:

Traceback (most recent call last):
  File "/home/hightech/virtualenv/r2.quantumcoresoftware.com/air/3.10/lib/python3.10/site-packages/django/core/handlers/wsgi.py", line 124, in __call__
    response = self.get_response(request)
  File "/home/hightech/virtualenv/r2.quantumcoresoftware.com/air/3.10/lib/python3.10/site-packages/django/core/handlers/base.py", line 140, in get_response
    response = self._middleware_chain(request)
  File "/home/hightech/virtualenv/r2.quantumcoresoftware.com/air/3.10/lib/python3.10/site-packages/django/core/handlers/exception.py", line 57, in inner
    response = response_for_exception(request, exc)
  File "/home/hightech/virtualenv/r2.quantumcoresoftware.com/air/3.10/lib/python3.10/site-packages/django/core/handlers/exception.py", line 141, in response_for_exception
    response = handle_uncaught_exception(
  File "/home/hightech/virtualenv/r2.quantumcoresoftware.com/air/3.10/lib/python3.10/site-packages/django/core/handlers/exception.py", line 182, in handle_uncaught_exception
    return debug.technical_500_response(request, *exc_info)
  File "/home/hightech/virtualenv/r2.quantumcoresoftware.com/air/3.10/lib/python3.10/site-packages/django/views/debug.py", line 69, in technical_500_response
    html = reporter.get_traceback_html()
  File "/home/hightech/virtualenv/r2.quantumcoresoftware.com/air/3.10/lib/python3.10/site-packages/django/views/debug.py", line 428, in get_traceback_html
    c = Context(self.get_traceback_data(), use_l10n=False)
  File "/home/hightech/virtualenv/r2.quantumcoresoftware.com/air/3.10/lib/python3.10/site-packages/django/views/debug.py", line 411, in get_traceback_data
    c["raising_view_name"] = get_caller(self.request)
  File "/home/hightech/virtualenv/r2.quantumcoresoftware.com/air/3.10/lib/python3.10/site-packages/django/views/debug.py", line 102, in get_caller
    resolver_match = resolve(request.path)
  File "/home/hightech/virtualenv/r2.quantumcoresoftware.com/air/3.10/lib/python3.10/site-packages/django/urls/base.py", line 25, in resolve
    return get_resolver(urlconf).resolve(path)
  File "/home/hightech/virtualenv/r2.quantumcoresoftware.com/air/3.10/lib/python3.10/site-packages/django/urls/resolvers.py", line 666, in resolve
    for pattern in self.url_patterns:
  File "/home/hightech/virtualenv/r2.quantumcoresoftware.com/air/3.10/lib/python3.10/site-packages/django/utils/functional.py", line 47, in __get__
    res = instance.__dict__[self.name] = self.func(instance)
  File "/home/hightech/virtualenv/r2.quantumcoresoftware.com/air/3.10/lib/python3.10/site-packages/django/urls/resolvers.py", line 718, in url_patterns
    patterns = getattr(self.urlconf_module, "urlpatterns", self.urlconf_module)
  File "/home/hightech/virtualenv/r2.quantumcoresoftware.com/air/3.10/lib/python3.10/site-packages/django/utils/functional.py", line 47, in __get__
    res = instance.__dict__[self.name] = self.func(instance)
  File "/home/hightech/virtualenv/r2.quantumcoresoftware.com/air/3.10/lib/python3.10/site-packages/django/urls/resolvers.py", line 711, in urlconf_module
    return import_module(self.urlconf_name)
  File "/opt/alt/python310/lib64/python3.10/importlib/__init__.py", line 126, in import_module
    return _bootstrap._gcd_import(name[level:], package, level)
  File "<frozen importlib._bootstrap>", line 1050, in _gcd_import
  File "<frozen importlib._bootstrap>", line 1027, in _find_and_load
  File "<frozen importlib._bootstrap>", line 1006, in _find_and_load_unlocked
  File "<frozen importlib._bootstrap>", line 688, in _load_unlocked
  File "<frozen importlib._bootstrap_external>", line 883, in exec_module
  File "<frozen importlib._bootstrap>", line 241, in _call_with_frames_removed
  File "/home/hightech/r2.quantumcoresoftware.com/air/air/urls.py", line 24, in <module>
    path('',include('main.urls'))
  File "/home/hightech/virtualenv/r2.quantumcoresoftware.com/air/3.10/lib/python3.10/site-packages/django/urls/conf.py", line 39, in include
    urlconf_module = import_module(urlconf_module)
  File "/opt/alt/python310/lib64/python3.10/importlib/__init__.py", line 126, in import_module
    return _bootstrap._gcd_import(name[level:], package, level)
  File "<frozen importlib._bootstrap>", line 1050, in _gcd_import
  File "<frozen importlib._bootstrap>", line 1027, in _find_and_load
  File "<frozen importlib._bootstrap>", line 1006, in _find_and_load_unlocked
  File "<frozen importlib._bootstrap>", line 688, in _load_unlocked
  File "<frozen importlib._bootstrap_external>", line 883, in exec_module
  File "<frozen importlib._bootstrap>", line 241, in _call_with_frames_removed
  File "/home/hightech/r2.quantumcoresoftware.com/air/main/urls.py", line 2, in <module>
    from .views import index
  File "/home/hightech/r2.quantumcoresoftware.com/air/main/views.py", line 5, in <module>
    from .forms import InquiryForm, ContactForm
  File "/home/hightech/r2.quantumcoresoftware.com/air/main/forms.py", line 2, in <module>
    from .models import Inquiry, Contact
ImportError: cannot import name 'Contact' from 'main.models' (/home/hightech/r2.quantumcoresoftware.com/air/main/models.py)
Not Found: /static/css/contact.css
Not Found: /favicon.ico
Not Found: /static/css/contact.css
Not Found: /favicon.ico
Not Found: /favicon.ico
Not Found: /static/img/logo.png
Not Found: /favicon.ico
Not Found: /favicon.ico
Not Found: /favicon.ico
Not Found: /favicon.ico
Not Found: /favicon.ico
Not Found: /static/img/logo.png
Not Found: /favicon.ico
Not Found: /static/img/breadcrumb-bg.jpg
Not Found: /favicon.ico
Not Found: /static/img/breadcrumb-bg.jpg
Not Found: /static/css/service.css
Not Found: /favicon.ico
Not Found: /static/img/logo.png
Not Found: /favicon.ico
Not Found: /static/img/logo.png
Not Found: /static/img/breadcrumb-bg.jpg
Not Found: /static/css/contact.css
Not Found: /static/img/logo.png
Not Found: /favicon.ico
Not Found: /favicon.ico
Not Found: /favicon.ico
Not Found: /favicon.ico
Not Found: /robots.txt
Not Found: /sitemap.xml
Not Found: /robots.txt
Not Found: /sitemap.xml
Not Found: /config.json
Not Found: /robots.txt
Not Found: /favicon.ico
Not Found: /robots.txt
Not Found: /favicon.ico
Not Found: /sitemap.xml
Not Found: /robots.txt
Not Found: /sitemap.xml
Not Found: /config.json
Not Found: /favicon.ico
Not Found: /favicon.ico
Not Found: /robots.txt
Not Found: /robots.txt
Not Found: /sitemap.xml
Not Found: /sitemap.xml
Not Found: /config.json
Not Found: /favicon.ico
Not Found: /favicon.ico
Not Found: /favicon.ico
Not Found: /favicon.ico
Not Found: /static/images/logo.jpg
Not Found: /favicon.ico
Not Found: /static/images/logo.jpg
Not Found: /favicon.ico
Not Found: /static/images/logo.jpg
Not Found: /favicon.ico
Not Found: /static/images/logo.jpg
Not Found: /favicon.ico
Not Found: /static/images/logo.jpg
Not Found: /favicon.ico
Not Found: /{%20static 'img/logo__1_-removebg-preview.png' %7D/%7B%%20static%20'img/logo__1_-removebg-preview.png'%20%%7D
Not Found: /favicon.ico
Not Found: /favicon.ico
Not Found: /favicon.ico
Not Found: /favicon.ico
Not Found: /favicon.ico
Not Found: /favicon.ico
Not Found: /favicon.ico
Not Found: /favicon.ico
Not Found: /favicon.ico
Not Found: /favicon.ico
Not Found: /favicon.ico
Not Found: /favicon.ico
Not Found: /favicon.ico
Not Found: /favicon.ico
Not Found: /favicon.ico
Not Found: /favicon.ico
Not Found: /favicon.ico
Not Found: /favicon.ico
Not Found: /favicon.ico
Not Found: /favicon.ico
Not Found: /favicon.ico
Not Found: /favicon.ico
Not Found: /favicon.ico
Not Found: /favicon.ico
Not Found: /static/css/{%20static 'images/slide1.jpg' %7D/static/css/%7B%%20static%20'images/slide1.jpg'%20%%7D
Not Found: /static/css/{%20static 'images/slide2.jpg' %7D/static/css/%7B%%20static%20'images/slide2.jpg'%20%%7D
Not Found: /favicon.ico
Not Found: /static/css/{%20static 'images/airh.jpg' %7D/static/css/%7B%%20static%20'images/airh.jpg'%20%%7D
Not Found: /static/css/{%20static 'images/airg.jpg' %7D/static/css/%7B%%20static%20'images/airg.jpg'%20%%7D
Not Found: /favicon.ico
Not Found: /static/css/{%20static 'images/airg.jpg' %7D/static/css/%7B%%20static%20'images/airg.jpg'%20%%7D
Not Found: /static/css/{%20static 'images/airh.jpg' %7D/static/css/%7B%%20static%20'images/airh.jpg'%20%%7D
Not Found: /favicon.ico
Not Found: /static/css/{%20static 'images/airg.jpg' %7D/static/css/%7B%%20static%20'images/airg.jpg'%20%%7D
Not Found: /static/css/{%20static 'images/airh.jpg' %7D/static/css/%7B%%20static%20'images/airh.jpg'%20%%7D
Not Found: /static/css/{%20static 'img/airh.jpg' %7D/static/css/%7B%%20static%20'img/airh.jpg'%20%%7D
Not Found: /static/css/{%20static 'img/airg.jpg' %7D/static/css/%7B%%20static%20'img/airg.jpg'%20%%7D
Not Found: /favicon.ico
Not Found: /static/css/{%20static 'img/airg.jpg' %7D/static/css/%7B%%20static%20'img/airg.jpg'%20%%7D
Not Found: /static/css/{%20static 'img/airh.jpg' %7D/static/css/%7B%%20static%20'img/airh.jpg'%20%%7D
Not Found: /favicon.ico
Not Found: /static/css/{%20static 'img/airh.jpg' %7D/static/css/%7B%%20static%20'img/airh.jpg'%20%%7D
Not Found: /static/css/{%20static 'img/airg.jpg' %7D/static/css/%7B%%20static%20'img/airg.jpg'%20%%7D
Not Found: /static/css/{%20static 'img/airh.jpg' %7D/static/css/%7B%%20static%20'img/airh.jpg'%20%%7D
Not Found: /static/css/{%20static 'img/airg.jpg' %7D/static/css/%7B%%20static%20'img/airg.jpg'%20%%7D
Not Found: /static/css/{%20static 'img/airh.jpg' %7D/static/css/%7B%%20static%20'img/airh.jpg'%20%%7D
Not Found: /static/css/{%20static 'img/airg.jpg' %7D/static/css/%7B%%20static%20'img/airg.jpg'%20%%7D
Not Found: /favicon.ico
Not Found: /static/css/{%20static 'img/airg.jpg' %7D/static/css/%7B%%20static%20'img/airg.jpg'%20%%7D
Not Found: /static/css/{%20static 'img/airh.jpg' %7D/static/css/%7B%%20static%20'img/airh.jpg'%20%%7D
Not Found: /favicon.ico
Not Found: /static/css/{%20static 'img/airg.jpg' %7D/static/css/%7B%%20static%20'img/airg.jpg'%20%%7D
Not Found: /static/css/{%20static 'img/airh.jpg' %7D/static/css/%7B%%20static%20'img/airh.jpg'%20%%7D
Not Found: /favicon.ico
Not Found: /favicon.ico
Not Found: /favicon.ico
Not Found: /favicon.ico
Not Found: /favicon.ico
Not Found: /favicon.ico
Not Found: /favicon.ico
Not Found: /favicon.ico
Not Found: /favicon.ico
Not Found: /favicon.ico
Not Found: /favicon.ico
Not Found: /favicon.ico
Not Found: /favicon.ico
Not Found: /favicon.ico
Not Found: /static/css/contact.css
Internal Server Error: /
Traceback (most recent call last):
  File "/home/hightech/virtualenv/r2.quantumcoresoftware.com/air/3.10/lib/python3.10/site-packages/django/core/handlers/exception.py", line 55, in inner
    response = get_response(request)
  File "/home/hightech/virtualenv/r2.quantumcoresoftware.com/air/3.10/lib/python3.10/site-packages/django/core/handlers/base.py", line 204, in _get_response
    self.check_response(response, callback)
  File "/home/hightech/virtualenv/r2.quantumcoresoftware.com/air/3.10/lib/python3.10/site-packages/django/core/handlers/base.py", line 332, in check_response
    raise ValueError(
ValueError: The view main.views.index didn't return an HttpResponse object. It returned None instead.
Not Found: /favicon.ico
Not Found: /favicon.ico
Not Found: /favicon.ico
Not Found: /favicon.ico
Not Found: /favicon.ico
Not Found: /favicon.ico
Not Found: /favicon.ico
Not Found: /favicon.ico
Not Found: /favicon.ico
Not Found: /favicon.ico
Not Found: /favicon.ico
Not Found: /favicon.ico
Not Found: /favicon.ico
[UID:1788][3144630] Reached max children process limit: 6, extra: 2, current: 8, busy: 7, please increase LSAPI_CHILDREN.
[UID:1788][3144630] Reached max children process limit: 6, extra: 2, current: 8, busy: 8, please increase LSAPI_CHILDREN.
[UID:1788][3144630] Reached max children process limit: 6, extra: 2, current: 8, busy: 8, please increase LSAPI_CHILDREN.
[UID:1788][3144630] Reached max children process limit: 6, extra: 2, current: 8, busy: 8, please increase LSAPI_CHILDREN.
[UID:1788][3144630] Reached max children process limit: 6, extra: 2, current: 8, busy: 8, please increase LSAPI_CHILDREN.
[UID:1788][3144630] Reached max children process limit: 6, extra: 2, current: 8, busy: 7, please increase LSAPI_CHILDREN.
[UID:1788][3144630] Reached max children process limit: 6, extra: 2, current: 8, busy: 8, please increase LSAPI_CHILDREN.
[UID:1788][3144630] Reached max children process limit: 6, extra: 2, current: 8, busy: 8, please increase LSAPI_CHILDREN.
[UID:1788][3144630] Reached max children process limit: 6, extra: 2, current: 8, busy: 8, please increase LSAPI_CHILDREN.
[UID:1788][3144630] Reached max children process limit: 6, extra: 2, current: 8, busy: 8, please increase LSAPI_CHILDREN.
Not Found: /favicon.ico
Not Found: /favicon.ico
Not Found: /favicon.ico
Not Found: /static/img/project4.jpg
Not Found: /static/img/project5.jpg
Not Found: /static/img/project6.jpg
Not Found: /favicon.ico
Not Found: /favicon.ico
Not Found: /static/img/project6.jpg
Not Found: /static/img/project4.jpg
Not Found: /static/img/project5.jpg
Not Found: /favicon.ico
Not Found: /static/img/project4.jpg
Not Found: /static/img/project5.jpg
Not Found: /static/img/project6.jpg
Not Found: /favicon.ico
Not Found: /static/img/project4.jpg
Not Found: /static/img/project5.jpg
Not Found: /static/img/project6.jpg
Not Found: /favicon.ico
Not Found: /static/img/project4.jpg
Not Found: /static/img/project5.jpg
Not Found: /static/img/project6.jpg
Not Found: /favicon.ico
Not Found: /favicon.ico
Not Found: /favicon.ico
Not Found: /favicon.ico
Not Found: /favicon.ico
Not Found: /favicon.ico
Not Found: /favicon.ico
Not Found: /favicon.ico
Not Found: /favicon.ico
Not Found: /favicon.ico
Not Found: /favicon.ico
Not Found: /favicon.ico
Not Found: /favicon.ico
Not Found: /favicon.ico
Not Found: /favicon.ico
Not Found: /favicon.ico
Not Found: /favicon.ico
Not Found: /robots.txt
Not Found: /robots.txt
Not Found: /favicon.ico
Not Found: /static/img/abg.jpg
Not Found: /favicon.ico
Not Found: /favicon.ico
Not Found: /favicon.ico
Not Found: /favicon.ico
Not Found: /favicon.ico
Not Found: /favicon.ico
Not Found: /favicon.ico
Not Found: /favicon.ico
Not Found: /favicon.ico
Not Found: /favicon.ico
Not Found: /favicon.ico
Not Found: /favicon.ico
Not Found: /favicon.ico
Not Found: /favicon.ico
Not Found: /favicon.ico
Internal Server Error: /
Traceback (most recent call last):
  File "/home/hightech/virtualenv/r2.quantumcoresoftware.com/air/3.10/lib/python3.10/site-packages/django/db/backends/utils.py", line 105, in _execute
    return self.cursor.execute(sql, params)
  File "/home/hightech/virtualenv/r2.quantumcoresoftware.com/air/3.10/lib/python3.10/site-packages/django/db/backends/sqlite3/base.py", line 360, in execute
    return super().execute(query, params)
sqlite3.OperationalError: no such table: main_inquiry

The above exception was the direct cause of the following exception:

Traceback (most recent call last):
  File "/home/hightech/virtualenv/r2.quantumcoresoftware.com/air/3.10/lib/python3.10/site-packages/django/core/handlers/exception.py", line 55, in inner
    response = get_response(request)
  File "/home/hightech/virtualenv/r2.quantumcoresoftware.com/air/3.10/lib/python3.10/site-packages/django/core/handlers/base.py", line 197, in _get_response
    response = wrapped_callback(request, *callback_args, **callback_kwargs)
  File "/home/hightech/r2.quantumcoresoftware.com/air/main/views.py", line 11, in index
    inquiry = form.save()  # Save to database
  File "/home/hightech/virtualenv/r2.quantumcoresoftware.com/air/3.10/lib/python3.10/site-packages/django/forms/models.py", line 554, in save
    self.instance.save()
  File "/home/hightech/virtualenv/r2.quantumcoresoftware.com/air/3.10/lib/python3.10/site-packages/django/db/models/base.py", line 902, in save
    self.save_base(
  File "/home/hightech/virtualenv/r2.quantumcoresoftware.com/air/3.10/lib/python3.10/site-packages/django/db/models/base.py", line 1008, in save_base
    updated = self._save_table(
  File "/home/hightech/virtualenv/r2.quantumcoresoftware.com/air/3.10/lib/python3.10/site-packages/django/db/models/base.py", line 1169, in _save_table
    results = self._do_insert(
  File "/home/hightech/virtualenv/r2.quantumcoresoftware.com/air/3.10/lib/python3.10/site-packages/django/db/models/base.py", line 1210, in _do_insert
    return manager._insert(
  File "/home/hightech/virtualenv/r2.quantumcoresoftware.com/air/3.10/lib/python3.10/site-packages/django/db/models/manager.py", line 87, in manager_method
    return getattr(self.get_queryset(), name)(*args, **kwargs)
  File "/home/hightech/virtualenv/r2.quantumcoresoftware.com/air/3.10/lib/python3.10/site-packages/django/db/models/query.py", line 1868, in _insert
    return query.get_compiler(using=using).execute_sql(returning_fields)
  File "/home/hightech/virtualenv/r2.quantumcoresoftware.com/air/3.10/lib/python3.10/site-packages/django/db/models/sql/compiler.py", line 1882, in execute_sql
    cursor.execute(sql, params)
  File "/home/hightech/virtualenv/r2.quantumcoresoftware.com/air/3.10/lib/python3.10/site-packages/django/db/backends/utils.py", line 122, in execute
    return super().execute(sql, params)
  File "/home/hightech/virtualenv/r2.quantumcoresoftware.com/air/3.10/lib/python3.10/site-packages/django/db/backends/utils.py", line 79, in execute
    return self._execute_with_wrappers(
  File "/home/hightech/virtualenv/r2.quantumcoresoftware.com/air/3.10/lib/python3.10/site-packages/django/db/backends/utils.py", line 92, in _execute_with_wrappers
    return executor(sql, params, many, context)
  File "/home/hightech/virtualenv/r2.quantumcoresoftware.com/air/3.10/lib/python3.10/site-packages/django/db/backends/utils.py", line 100, in _execute
    with self.db.wrap_database_errors:
  File "/home/hightech/virtualenv/r2.quantumcoresoftware.com/air/3.10/lib/python3.10/site-packages/django/db/utils.py", line 91, in __exit__
    raise dj_exc_value.with_traceback(traceback) from exc_value
  File "/home/hightech/virtualenv/r2.quantumcoresoftware.com/air/3.10/lib/python3.10/site-packages/django/db/backends/utils.py", line 105, in _execute
    return self.cursor.execute(sql, params)
  File "/home/hightech/virtualenv/r2.quantumcoresoftware.com/air/3.10/lib/python3.10/site-packages/django/db/backends/sqlite3/base.py", line 360, in execute
    return super().execute(query, params)
django.db.utils.OperationalError: no such table: main_inquiry
Internal Server Error: /
Traceback (most recent call last):
  File "/home/hightech/virtualenv/r2.quantumcoresoftware.com/air/3.10/lib/python3.10/site-packages/django/db/backends/utils.py", line 105, in _execute
    return self.cursor.execute(sql, params)
  File "/home/hightech/virtualenv/r2.quantumcoresoftware.com/air/3.10/lib/python3.10/site-packages/django/db/backends/sqlite3/base.py", line 360, in execute
    return super().execute(query, params)
sqlite3.OperationalError: no such table: main_inquiry

The above exception was the direct cause of the following exception:

Traceback (most recent call last):
  File "/home/hightech/virtualenv/r2.quantumcoresoftware.com/air/3.10/lib/python3.10/site-packages/django/core/handlers/exception.py", line 55, in inner
    response = get_response(request)
  File "/home/hightech/virtualenv/r2.quantumcoresoftware.com/air/3.10/lib/python3.10/site-packages/django/core/handlers/base.py", line 197, in _get_response
    response = wrapped_callback(request, *callback_args, **callback_kwargs)
  File "/home/hightech/r2.quantumcoresoftware.com/air/main/views.py", line 11, in index
    inquiry = form.save()  # Save to database
  File "/home/hightech/virtualenv/r2.quantumcoresoftware.com/air/3.10/lib/python3.10/site-packages/django/forms/models.py", line 554, in save
    self.instance.save()
  File "/home/hightech/virtualenv/r2.quantumcoresoftware.com/air/3.10/lib/python3.10/site-packages/django/db/models/base.py", line 902, in save
    self.save_base(
  File "/home/hightech/virtualenv/r2.quantumcoresoftware.com/air/3.10/lib/python3.10/site-packages/django/db/models/base.py", line 1008, in save_base
    updated = self._save_table(
  File "/home/hightech/virtualenv/r2.quantumcoresoftware.com/air/3.10/lib/python3.10/site-packages/django/db/models/base.py", line 1169, in _save_table
    results = self._do_insert(
  File "/home/hightech/virtualenv/r2.quantumcoresoftware.com/air/3.10/lib/python3.10/site-packages/django/db/models/base.py", line 1210, in _do_insert
    return manager._insert(
  File "/home/hightech/virtualenv/r2.quantumcoresoftware.com/air/3.10/lib/python3.10/site-packages/django/db/models/manager.py", line 87, in manager_method
    return getattr(self.get_queryset(), name)(*args, **kwargs)
  File "/home/hightech/virtualenv/r2.quantumcoresoftware.com/air/3.10/lib/python3.10/site-packages/django/db/models/query.py", line 1868, in _insert
    return query.get_compiler(using=using).execute_sql(returning_fields)
  File "/home/hightech/virtualenv/r2.quantumcoresoftware.com/air/3.10/lib/python3.10/site-packages/django/db/models/sql/compiler.py", line 1882, in execute_sql
    cursor.execute(sql, params)
  File "/home/hightech/virtualenv/r2.quantumcoresoftware.com/air/3.10/lib/python3.10/site-packages/django/db/backends/utils.py", line 122, in execute
    return super().execute(sql, params)
  File "/home/hightech/virtualenv/r2.quantumcoresoftware.com/air/3.10/lib/python3.10/site-packages/django/db/backends/utils.py", line 79, in execute
    return self._execute_with_wrappers(
  File "/home/hightech/virtualenv/r2.quantumcoresoftware.com/air/3.10/lib/python3.10/site-packages/django/db/backends/utils.py", line 92, in _execute_with_wrappers
    return executor(sql, params, many, context)
  File "/home/hightech/virtualenv/r2.quantumcoresoftware.com/air/3.10/lib/python3.10/site-packages/django/db/backends/utils.py", line 100, in _execute
    with self.db.wrap_database_errors:
  File "/home/hightech/virtualenv/r2.quantumcoresoftware.com/air/3.10/lib/python3.10/site-packages/django/db/utils.py", line 91, in __exit__
    raise dj_exc_value.with_traceback(traceback) from exc_value
  File "/home/hightech/virtualenv/r2.quantumcoresoftware.com/air/3.10/lib/python3.10/site-packages/django/db/backends/utils.py", line 105, in _execute
    return self.cursor.execute(sql, params)
  File "/home/hightech/virtualenv/r2.quantumcoresoftware.com/air/3.10/lib/python3.10/site-packages/django/db/backends/sqlite3/base.py", line 360, in execute
    return super().execute(query, params)
django.db.utils.OperationalError: no such table: main_inquiry
Not Found: /favicon.ico
Internal Server Error: /
Traceback (most recent call last):
  File "/home/hightech/virtualenv/r2.quantumcoresoftware.com/air/3.10/lib/python3.10/site-packages/django/db/backends/utils.py", line 105, in _execute
    return self.cursor.execute(sql, params)
  File "/home/hightech/virtualenv/r2.quantumcoresoftware.com/air/3.10/lib/python3.10/site-packages/django/db/backends/sqlite3/base.py", line 360, in execute
    return super().execute(query, params)
sqlite3.OperationalError: no such table: main_inquiry

The above exception was the direct cause of the following exception:

Traceback (most recent call last):
  File "/home/hightech/virtualenv/r2.quantumcoresoftware.com/air/3.10/lib/python3.10/site-packages/django/core/handlers/exception.py", line 55, in inner
    response = get_response(request)
  File "/home/hightech/virtualenv/r2.quantumcoresoftware.com/air/3.10/lib/python3.10/site-packages/django/core/handlers/base.py", line 197, in _get_response
    response = wrapped_callback(request, *callback_args, **callback_kwargs)
  File "/home/hightech/r2.quantumcoresoftware.com/air/main/views.py", line 11, in index
    inquiry = form.save()  # Save to database
  File "/home/hightech/virtualenv/r2.quantumcoresoftware.com/air/3.10/lib/python3.10/site-packages/django/forms/models.py", line 554, in save
    self.instance.save()
  File "/home/hightech/virtualenv/r2.quantumcoresoftware.com/air/3.10/lib/python3.10/site-packages/django/db/models/base.py", line 902, in save
    self.save_base(
  File "/home/hightech/virtualenv/r2.quantumcoresoftware.com/air/3.10/lib/python3.10/site-packages/django/db/models/base.py", line 1008, in save_base
    updated = self._save_table(
  File "/home/hightech/virtualenv/r2.quantumcoresoftware.com/air/3.10/lib/python3.10/site-packages/django/db/models/base.py", line 1169, in _save_table
    results = self._do_insert(
  File "/home/hightech/virtualenv/r2.quantumcoresoftware.com/air/3.10/lib/python3.10/site-packages/django/db/models/base.py", line 1210, in _do_insert
    return manager._insert(
  File "/home/hightech/virtualenv/r2.quantumcoresoftware.com/air/3.10/lib/python3.10/site-packages/django/db/models/manager.py", line 87, in manager_method
    return getattr(self.get_queryset(), name)(*args, **kwargs)
  File "/home/hightech/virtualenv/r2.quantumcoresoftware.com/air/3.10/lib/python3.10/site-packages/django/db/models/query.py", line 1868, in _insert
    return query.get_compiler(using=using).execute_sql(returning_fields)
  File "/home/hightech/virtualenv/r2.quantumcoresoftware.com/air/3.10/lib/python3.10/site-packages/django/db/models/sql/compiler.py", line 1882, in execute_sql
    cursor.execute(sql, params)
  File "/home/hightech/virtualenv/r2.quantumcoresoftware.com/air/3.10/lib/python3.10/site-packages/django/db/backends/utils.py", line 122, in execute
    return super().execute(sql, params)
  File "/home/hightech/virtualenv/r2.quantumcoresoftware.com/air/3.10/lib/python3.10/site-packages/django/db/backends/utils.py", line 79, in execute
    return self._execute_with_wrappers(
  File "/home/hightech/virtualenv/r2.quantumcoresoftware.com/air/3.10/lib/python3.10/site-packages/django/db/backends/utils.py", line 92, in _execute_with_wrappers
    return executor(sql, params, many, context)
  File "/home/hightech/virtualenv/r2.quantumcoresoftware.com/air/3.10/lib/python3.10/site-packages/django/db/backends/utils.py", line 100, in _execute
    with self.db.wrap_database_errors:
  File "/home/hightech/virtualenv/r2.quantumcoresoftware.com/air/3.10/lib/python3.10/site-packages/django/db/utils.py", line 91, in __exit__
    raise dj_exc_value.with_traceback(traceback) from exc_value
  File "/home/hightech/virtualenv/r2.quantumcoresoftware.com/air/3.10/lib/python3.10/site-packages/django/db/backends/utils.py", line 105, in _execute
    return self.cursor.execute(sql, params)
  File "/home/hightech/virtualenv/r2.quantumcoresoftware.com/air/3.10/lib/python3.10/site-packages/django/db/backends/sqlite3/base.py", line 360, in execute
    return super().execute(query, params)
django.db.utils.OperationalError: no such table: main_inquiry
Not Found: /favicon.ico
Internal Server Error: /
Traceback (most recent call last):
  File "/home/hightech/virtualenv/r2.quantumcoresoftware.com/air/3.10/lib/python3.10/site-packages/django/db/backends/utils.py", line 105, in _execute
    return self.cursor.execute(sql, params)
  File "/home/hightech/virtualenv/r2.quantumcoresoftware.com/air/3.10/lib/python3.10/site-packages/django/db/backends/sqlite3/base.py", line 360, in execute
    return super().execute(query, params)
sqlite3.OperationalError: no such table: main_inquiry

The above exception was the direct cause of the following exception:

Traceback (most recent call last):
  File "/home/hightech/virtualenv/r2.quantumcoresoftware.com/air/3.10/lib/python3.10/site-packages/django/core/handlers/exception.py", line 55, in inner
    response = get_response(request)
  File "/home/hightech/virtualenv/r2.quantumcoresoftware.com/air/3.10/lib/python3.10/site-packages/django/core/handlers/base.py", line 197, in _get_response
    response = wrapped_callback(request, *callback_args, **callback_kwargs)
  File "/home/hightech/r2.quantumcoresoftware.com/air/main/views.py", line 11, in index
    inquiry = form.save()  # Save to database
  File "/home/hightech/virtualenv/r2.quantumcoresoftware.com/air/3.10/lib/python3.10/site-packages/django/forms/models.py", line 554, in save
    self.instance.save()
  File "/home/hightech/virtualenv/r2.quantumcoresoftware.com/air/3.10/lib/python3.10/site-packages/django/db/models/base.py", line 902, in save
    self.save_base(
  File "/home/hightech/virtualenv/r2.quantumcoresoftware.com/air/3.10/lib/python3.10/site-packages/django/db/models/base.py", line 1008, in save_base
    updated = self._save_table(
  File "/home/hightech/virtualenv/r2.quantumcoresoftware.com/air/3.10/lib/python3.10/site-packages/django/db/models/base.py", line 1169, in _save_table
    results = self._do_insert(
  File "/home/hightech/virtualenv/r2.quantumcoresoftware.com/air/3.10/lib/python3.10/site-packages/django/db/models/base.py", line 1210, in _do_insert
    return manager._insert(
  File "/home/hightech/virtualenv/r2.quantumcoresoftware.com/air/3.10/lib/python3.10/site-packages/django/db/models/manager.py", line 87, in manager_method
    return getattr(self.get_queryset(), name)(*args, **kwargs)
  File "/home/hightech/virtualenv/r2.quantumcoresoftware.com/air/3.10/lib/python3.10/site-packages/django/db/models/query.py", line 1868, in _insert
    return query.get_compiler(using=using).execute_sql(returning_fields)
  File "/home/hightech/virtualenv/r2.quantumcoresoftware.com/air/3.10/lib/python3.10/site-packages/django/db/models/sql/compiler.py", line 1882, in execute_sql
    cursor.execute(sql, params)
  File "/home/hightech/virtualenv/r2.quantumcoresoftware.com/air/3.10/lib/python3.10/site-packages/django/db/backends/utils.py", line 122, in execute
    return super().execute(sql, params)
  File "/home/hightech/virtualenv/r2.quantumcoresoftware.com/air/3.10/lib/python3.10/site-packages/django/db/backends/utils.py", line 79, in execute
    return self._execute_with_wrappers(
  File "/home/hightech/virtualenv/r2.quantumcoresoftware.com/air/3.10/lib/python3.10/site-packages/django/db/backends/utils.py", line 92, in _execute_with_wrappers
    return executor(sql, params, many, context)
  File "/home/hightech/virtualenv/r2.quantumcoresoftware.com/air/3.10/lib/python3.10/site-packages/django/db/backends/utils.py", line 100, in _execute
    with self.db.wrap_database_errors:
  File "/home/hightech/virtualenv/r2.quantumcoresoftware.com/air/3.10/lib/python3.10/site-packages/django/db/utils.py", line 91, in __exit__
    raise dj_exc_value.with_traceback(traceback) from exc_value
  File "/home/hightech/virtualenv/r2.quantumcoresoftware.com/air/3.10/lib/python3.10/site-packages/django/db/backends/utils.py", line 105, in _execute
    return self.cursor.execute(sql, params)
  File "/home/hightech/virtualenv/r2.quantumcoresoftware.com/air/3.10/lib/python3.10/site-packages/django/db/backends/sqlite3/base.py", line 360, in execute
    return super().execute(query, params)
django.db.utils.OperationalError: no such table: main_inquiry
Not Found: /favicon.ico
Not Found: /static/img/logo.png
Not Found: /favicon.ico
Not Found: /favicon.ico
Not Found: /favicon.ico
Not Found: /favicon.ico
Not Found: /favicon.ico
Not Found: /favicon.ico
Not Found: /static/css/contact.css
Not Found: /static/img/breadcrumb-bg.jpg
Not Found: /favicon.ico
Not Found: /favicon.ico
Not Found: /favicon.ico
Not Found: /static/css/service.css
Not Found: /static/css/service.css
Not Found: /favicon.ico
Not Found: /favicon.ico
Not Found: /favicon.ico
Not Found: /favicon.ico
Not Found: /favicon.ico
Not Found: /favicon.ico
Not Found: /favicon.ico
Not Found: /favicon.ico
Not Found: /favicon.ico
Not Found: /favicon.ico
Not Found: /favicon.ico
Not Found: /favicon.ico
Not Found: /favicon.ico
Not Found: /favicon.ico
Not Found: /favicon.ico
Not Found: /static/css/service.css
Not Found: /static/css/service.css
Not Found: /favicon.ico
Not Found: /static/css/blog.css
Not Found: /static/css/blog.css
Not Found: /favicon.ico
Not Found: /favicon.ico
Not Found: /favicon.ico
Not Found: /favicon.ico
Not Found: /favicon.ico
Not Found: /favicon.ico
Not Found: /favicon.ico
Not Found: /favicon.ico
Not Found: /favicon.ico
Not Found: /static/css/blog.css
Not Found: /static/css/blog.css
Not Found: /favicon.ico
Not Found: /favicon.ico
Not Found: /static/css/service.css
Not Found: /static/css/blog.css
Not Found: /static/css/blog.css
Not Found: /favicon.ico
Not Found: /static/css/blog.css
Not Found: /static/css/contact.css
Not Found: /static/css/contact.css
Not Found: /favicon.ico
Not Found: /static/css/contact.css
Not Found: /favicon.ico
Not Found: /static/css/blog.css
Not Found: /static/css/service.css
Not Found: /static/css/contact.css
Not Found: /static/css/contact.css
Not Found: /favicon.ico
Not Found: /robots.txt
Not Found: /favicon.ico
Not Found: /favicon.ico
Not Found: /favicon.ico
Not Found: /static/css/service.css
Not Found: /favicon.ico
Not Found: /favicon.ico
Not Found: /favicon.ico
Not Found: /favicon.ico
Not Found: /favicon.ico
Not Found: /favicon.ico
Not Found: /static/css/{%20static 'img/hero-bg.jpg' %7D/static/css/%7B%%20static%20'img/hero-bg.jpg'%20%%7D
Not Found: /favicon.ico
Not Found: /favicon.ico
Not Found: /favicon.ico
Not Found: /favicon.ico
Not Found: /favicon.ico
Not Found: /favicon.ico
Not Found: /favicon.ico
Not Found: /favicon.ico
Not Found: /favicon.ico
Not Found: /favicon.ico
Not Found: /favicon.ico
Not Found: /favicon.ico
Not Found: /favicon.ico
Not Found: /static/js/bootstrap.bundle.min.js
Not Found: /favicon.ico
Not Found: /static/js/bootstrap.bundle.min.js
Not Found: /favicon.ico
Not Found: /favicon.ico
Not Found: /favicon.ico
Not Found: /static/css/contact.css
Not Found: /favicon.ico
Not Found: /favicon.ico
Not Found: /favicon.ico
Not Found: /favicon.ico
Not Found: /favicon.ico
Not Found: /favicon.ico
Not Found: /favicon.ico
Not Found: /favicon.ico
Not Found: /static/js/bootstrap.bundle.min.js
Not Found: /static/css/r2-style.css
Not Found: /favicon.ico
Not Found: /static/img/r2-logo.png
Not Found: /favicon.ico
Not Found: /static/img/r2-logo.png
Not Found: /favicon.ico
Not Found: /favicon.ico
Not Found: /favicon.ico
Not Found: /favicon.ico
Not Found: /favicon.ico
Not Found: /favicon.ico
Not Found: /favicon.ico
Not Found: /favicon.ico
Not Found: /favicon.ico
Not Found: /favicon.ico
Not Found: /favicon.ico
Not Found: /favicon.ico
Not Found: /robots.txt
Not Found: /robots.txt
Not Found: /favicon.ico
Not Found: /favicon.ico
Not Found: /favicon.ico
Not Found: /static/css/contact.css
Not Found: /static/css/contact.css
Not Found: /favicon.ico
Not Found: /favicon.ico
Not Found: /favicon.ico
Not Found: /favicon.ico
Not Found: /favicon.ico
Not Found: /favicon.ico
Not Found: /favicon.ico
Not Found: /favicon.ico
Not Found: /favicon.ico
Not Found: /favicon.ico
Not Found: /favicon.ico
Not Found: /favicon.ico
Not Found: /favicon.ico
Not Found: /favicon.ico
Not Found: /favicon.ico
Not Found: /favicon.ico
Not Found: /favicon.ico
Not Found: /favicon.ico
Not Found: /favicon.ico
Not Found: /favicon.ico
Not Found: /favicon.ico
Not Found: /favicon.ico
Not Found: /favicon.ico
Not Found: /static/img/carso4.jpg
Not Found: /static/img/carso5.jpg
Not Found: /static/img/carso5.jpg
Not Found: /static/img/carso4.jpg
Not Found: /static/img/carso4.jpg
Not Found: /static/img/carso5.jpg
Not Found: /favicon.ico
Not Found: /favicon.ico
Not Found: /static/img/carso4.jpg
Not Found: /static/img/carso5.jpg
Not Found: /static/img/carso5.jpg
Not Found: /static/img/carso4.jpg
Not Found: /favicon.ico
Not Found: /static/img/carso5.jpg
Not Found: /static/img/carso4.jpg
Not Found: /static/img/carso4.jpg
Not Found: /static/img/carso5.jpg
Not Found: /favicon.ico
Not Found: /favicon.ico
Not Found: /favicon.ico
Not Found: /favicon.ico
Not Found: /favicon.ico
Not Found: /favicon.ico
Not Found: /favicon.ico
Not Found: /favicon.ico
Not Found: /favicon.ico
Not Found: /favicon.ico
Not Found: /favicon.ico
Not Found: /favicon.ico
Not Found: /static/css/contact.css
Not Found: /static/css/contact.css
Not Found: /favicon.ico
Not Found: /favicon.ico
Not Found: /favicon.ico
Not Found: /favicon.ico
Not Found: /favicon.ico
Not Found: /favicon.ico
Not Found: /favicon.ico
Not Found: /favicon.ico
Not Found: /favicon.ico
Not Found: /favicon.ico
Not Found: /favicon.ico
Not Found: /favicon.ico
Not Found: /favicon.ico
Not Found: /favicon.ico
Not Found: /favicon.ico
Not Found: /favicon.ico
Not Found: /favicon.ico
Not Found: /favicon.ico
Not Found: /favicon.ico
Not Found: /static/img/airb.jpg
Not Found: /static/img/airb.jpg
Not Found: /favicon.ico
Not Found: /favicon.ico
Not Found: /favicon.ico
Not Found: /favicon.ico
Not Found: /favicon.ico
Not Found: /favicon.ico
Not Found: /favicon.ico
[UID:1788][4032646] Child process with pid: 4033602 was killed by signal: 15, core dumped: no
[ERROR] [UID:1788][4066891] wsgiAppHandler pApp->start_response() return NULL.
Traceback (most recent call last):
  File "/home/hightech/virtualenv/r2.quantumcoresoftware.com/air/3.10/lib/python3.10/site-packages/django/core/handlers/exception.py", line 55, in inner
    response = get_response(request)
  File "/home/hightech/virtualenv/r2.quantumcoresoftware.com/air/3.10/lib/python3.10/site-packages/django/core/handlers/base.py", line 181, in _get_response
    callback, callback_args, callback_kwargs = self.resolve_request(request)
  File "/home/hightech/virtualenv/r2.quantumcoresoftware.com/air/3.10/lib/python3.10/site-packages/django/core/handlers/base.py", line 313, in resolve_request
    resolver_match = resolver.resolve(request.path_info)
  File "/home/hightech/virtualenv/r2.quantumcoresoftware.com/air/3.10/lib/python3.10/site-packages/django/urls/resolvers.py", line 666, in resolve
    for pattern in self.url_patterns:
  File "/home/hightech/virtualenv/r2.quantumcoresoftware.com/air/3.10/lib/python3.10/site-packages/django/utils/functional.py", line 47, in __get__
    res = instance.__dict__[self.name] = self.func(instance)
  File "/home/hightech/virtualenv/r2.quantumcoresoftware.com/air/3.10/lib/python3.10/site-packages/django/urls/resolvers.py", line 718, in url_patterns
    patterns = getattr(self.urlconf_module, "urlpatterns", self.urlconf_module)
  File "/home/hightech/virtualenv/r2.quantumcoresoftware.com/air/3.10/lib/python3.10/site-packages/django/utils/functional.py", line 47, in __get__
    res = instance.__dict__[self.name] = self.func(instance)
  File "/home/hightech/virtualenv/r2.quantumcoresoftware.com/air/3.10/lib/python3.10/site-packages/django/urls/resolvers.py", line 711, in urlconf_module
    return import_module(self.urlconf_name)
  File "/opt/alt/python310/lib64/python3.10/importlib/__init__.py", line 126, in import_module
    return _bootstrap._gcd_import(name[level:], package, level)
  File "<frozen importlib._bootstrap>", line 1050, in _gcd_import
  File "<frozen importlib._bootstrap>", line 1027, in _find_and_load
  File "<frozen importlib._bootstrap>", line 1006, in _find_and_load_unlocked
  File "<frozen importlib._bootstrap>", line 688, in _load_unlocked
  File "<frozen importlib._bootstrap_external>", line 883, in exec_module
  File "<frozen importlib._bootstrap>", line 241, in _call_with_frames_removed
  File "/home/hightech/r2.quantumcoresoftware.com/air/air/urls.py", line 24, in <module>
    path('',include('main.urls'))
  File "/home/hightech/virtualenv/r2.quantumcoresoftware.com/air/3.10/lib/python3.10/site-packages/django/urls/conf.py", line 39, in include
    urlconf_module = import_module(urlconf_module)
  File "/opt/alt/python310/lib64/python3.10/importlib/__init__.py", line 126, in import_module
    return _bootstrap._gcd_import(name[level:], package, level)
  File "<frozen importlib._bootstrap>", line 1050, in _gcd_import
  File "<frozen importlib._bootstrap>", line 1027, in _find_and_load
  File "<frozen importlib._bootstrap>", line 1006, in _find_and_load_unlocked
  File "<frozen importlib._bootstrap>", line 688, in _load_unlocked
  File "<frozen importlib._bootstrap_external>", line 883, in exec_module
  File "<frozen importlib._bootstrap>", line 241, in _call_with_frames_removed
  File "/home/hightech/r2.quantumcoresoftware.com/air/main/urls.py", line 2, in <module>
    from .views import index
  File "/home/hightech/r2.quantumcoresoftware.com/air/main/views.py", line 72
    elif 'service_submit' in request.POST:
    ^^^^
SyntaxError: invalid syntax

During handling of the above exception, another exception occurred:

Traceback (most recent call last):
  File "/home/hightech/virtualenv/r2.quantumcoresoftware.com/air/3.10/lib/python3.10/site-packages/django/core/handlers/exception.py", line 55, in inner
    response = get_response(request)
  File "/home/hightech/virtualenv/r2.quantumcoresoftware.com/air/3.10/lib/python3.10/site-packages/django/utils/deprecation.py", line 120, in __call__
    response = response or self.get_response(request)
  File "/home/hightech/virtualenv/r2.quantumcoresoftware.com/air/3.10/lib/python3.10/site-packages/django/core/handlers/exception.py", line 57, in inner
    response = response_for_exception(request, exc)
  File "/home/hightech/virtualenv/r2.quantumcoresoftware.com/air/3.10/lib/python3.10/site-packages/django/core/handlers/exception.py", line 141, in response_for_exception
    response = handle_uncaught_exception(
  File "/home/hightech/virtualenv/r2.quantumcoresoftware.com/air/3.10/lib/python3.10/site-packages/django/core/handlers/exception.py", line 182, in handle_uncaught_exception
    return debug.technical_500_response(request, *exc_info)
  File "/home/hightech/virtualenv/r2.quantumcoresoftware.com/air/3.10/lib/python3.10/site-packages/django/views/debug.py", line 69, in technical_500_response
    html = reporter.get_traceback_html()
  File "/home/hightech/virtualenv/r2.quantumcoresoftware.com/air/3.10/lib/python3.10/site-packages/django/views/debug.py", line 428, in get_traceback_html
    c = Context(self.get_traceback_data(), use_l10n=False)
  File "/home/hightech/virtualenv/r2.quantumcoresoftware.com/air/3.10/lib/python3.10/site-packages/django/views/debug.py", line 411, in get_traceback_data
    c["raising_view_name"] = get_caller(self.request)
  File "/home/hightech/virtualenv/r2.quantumcoresoftware.com/air/3.10/lib/python3.10/site-packages/django/views/debug.py", line 102, in get_caller
    resolver_match = resolve(request.path)
  File "/home/hightech/virtualenv/r2.quantumcoresoftware.com/air/3.10/lib/python3.10/site-packages/django/urls/base.py", line 25, in resolve
    return get_resolver(urlconf).resolve(path)
  File "/home/hightech/virtualenv/r2.quantumcoresoftware.com/air/3.10/lib/python3.10/site-packages/django/urls/resolvers.py", line 666, in resolve
    for pattern in self.url_patterns:
  File "/home/hightech/virtualenv/r2.quantumcoresoftware.com/air/3.10/lib/python3.10/site-packages/django/utils/functional.py", line 47, in __get__
    res = instance.__dict__[self.name] = self.func(instance)
  File "/home/hightech/virtualenv/r2.quantumcoresoftware.com/air/3.10/lib/python3.10/site-packages/django/urls/resolvers.py", line 718, in url_patterns
    patterns = getattr(self.urlconf_module, "urlpatterns", self.urlconf_module)
  File "/home/hightech/virtualenv/r2.quantumcoresoftware.com/air/3.10/lib/python3.10/site-packages/django/utils/functional.py", line 47, in __get__
    res = instance.__dict__[self.name] = self.func(instance)
  File "/home/hightech/virtualenv/r2.quantumcoresoftware.com/air/3.10/lib/python3.10/site-packages/django/urls/resolvers.py", line 711, in urlconf_module
    return import_module(self.urlconf_name)
  File "/opt/alt/python310/lib64/python3.10/importlib/__init__.py", line 126, in import_module
    return _bootstrap._gcd_import(name[level:], package, level)
  File "<frozen importlib._bootstrap>", line 1050, in _gcd_import
  File "<frozen importlib._bootstrap>", line 1027, in _find_and_load
  File "<frozen importlib._bootstrap>", line 1006, in _find_and_load_unlocked
  File "<frozen importlib._bootstrap>", line 688, in _load_unlocked
  File "<frozen importlib._bootstrap_external>", line 883, in exec_module
  File "<frozen importlib._bootstrap>", line 241, in _call_with_frames_removed
  File "/home/hightech/r2.quantumcoresoftware.com/air/air/urls.py", line 24, in <module>
    path('',include('main.urls'))
  File "/home/hightech/virtualenv/r2.quantumcoresoftware.com/air/3.10/lib/python3.10/site-packages/django/urls/conf.py", line 39, in include
    urlconf_module = import_module(urlconf_module)
  File "/opt/alt/python310/lib64/python3.10/importlib/__init__.py", line 126, in import_module
    return _bootstrap._gcd_import(name[level:], package, level)
  File "<frozen importlib._bootstrap>", line 1050, in _gcd_import
  File "<frozen importlib._bootstrap>", line 1027, in _find_and_load
  File "<frozen importlib._bootstrap>", line 1006, in _find_and_load_unlocked
  File "<frozen importlib._bootstrap>", line 688, in _load_unlocked
  File "<frozen importlib._bootstrap_external>", line 883, in exec_module
  File "<frozen importlib._bootstrap>", line 241, in _call_with_frames_removed
  File "/home/hightech/r2.quantumcoresoftware.com/air/main/urls.py", line 2, in <module>
    from .views import index
  File "/home/hightech/r2.quantumcoresoftware.com/air/main/views.py", line 72
    elif 'service_submit' in request.POST:
    ^^^^
SyntaxError: invalid syntax

During handling of the above exception, another exception occurred:

Traceback (most recent call last):
  File "/home/hightech/virtualenv/r2.quantumcoresoftware.com/air/3.10/lib/python3.10/site-packages/django/core/handlers/exception.py", line 55, in inner
    response = get_response(request)
  File "/home/hightech/virtualenv/r2.quantumcoresoftware.com/air/3.10/lib/python3.10/site-packages/django/utils/deprecation.py", line 120, in __call__
    response = response or self.get_response(request)
  File "/home/hightech/virtualenv/r2.quantumcoresoftware.com/air/3.10/lib/python3.10/site-packages/django/core/handlers/exception.py", line 57, in inner
    response = response_for_exception(request, exc)
  File "/home/hightech/virtualenv/r2.quantumcoresoftware.com/air/3.10/lib/python3.10/site-packages/django/core/handlers/exception.py", line 141, in response_for_exception
    response = handle_uncaught_exception(
  File "/home/hightech/virtualenv/r2.quantumcoresoftware.com/air/3.10/lib/python3.10/site-packages/django/core/handlers/exception.py", line 182, in handle_uncaught_exception
    return debug.technical_500_response(request, *exc_info)
  File "/home/hightech/virtualenv/r2.quantumcoresoftware.com/air/3.10/lib/python3.10/site-packages/django/views/debug.py", line 69, in technical_500_response
    html = reporter.get_traceback_html()
  File "/home/hightech/virtualenv/r2.quantumcoresoftware.com/air/3.10/lib/python3.10/site-packages/django/views/debug.py", line 428, in get_traceback_html
    c = Context(self.get_traceback_data(), use_l10n=False)
  File "/home/hightech/virtualenv/r2.quantumcoresoftware.com/air/3.10/lib/python3.10/site-packages/django/views/debug.py", line 411, in get_traceback_data
    c["raising_view_name"] = get_caller(self.request)
  File "/home/hightech/virtualenv/r2.quantumcoresoftware.com/air/3.10/lib/python3.10/site-packages/django/views/debug.py", line 102, in get_caller
    resolver_match = resolve(request.path)
  File "/home/hightech/virtualenv/r2.quantumcoresoftware.com/air/3.10/lib/python3.10/site-packages/django/urls/base.py", line 25, in resolve
    return get_resolver(urlconf).resolve(path)
  File "/home/hightech/virtualenv/r2.quantumcoresoftware.com/air/3.10/lib/python3.10/site-packages/django/urls/resolvers.py", line 666, in resolve
    for pattern in self.url_patterns:
  File "/home/hightech/virtualenv/r2.quantumcoresoftware.com/air/3.10/lib/python3.10/site-packages/django/utils/functional.py", line 47, in __get__
    res = instance.__dict__[self.name] = self.func(instance)
  File "/home/hightech/virtualenv/r2.quantumcoresoftware.com/air/3.10/lib/python3.10/site-packages/django/urls/resolvers.py", line 718, in url_patterns
    patterns = getattr(self.urlconf_module, "urlpatterns", self.urlconf_module)
  File "/home/hightech/virtualenv/r2.quantumcoresoftware.com/air/3.10/lib/python3.10/site-packages/django/utils/functional.py", line 47, in __get__
    res = instance.__dict__[self.name] = self.func(instance)
  File "/home/hightech/virtualenv/r2.quantumcoresoftware.com/air/3.10/lib/python3.10/site-packages/django/urls/resolvers.py", line 711, in urlconf_module
    return import_module(self.urlconf_name)
  File "/opt/alt/python310/lib64/python3.10/importlib/__init__.py", line 126, in import_module
    return _bootstrap._gcd_import(name[level:], package, level)
  File "<frozen importlib._bootstrap>", line 1050, in _gcd_import
  File "<frozen importlib._bootstrap>", line 1027, in _find_and_load
  File "<frozen importlib._bootstrap>", line 1006, in _find_and_load_unlocked
  File "<frozen importlib._bootstrap>", line 688, in _load_unlocked
  File "<frozen importlib._bootstrap_external>", line 883, in exec_module
  File "<frozen importlib._bootstrap>", line 241, in _call_with_frames_removed
  File "/home/hightech/r2.quantumcoresoftware.com/air/air/urls.py", line 24, in <module>
    path('',include('main.urls'))
  File "/home/hightech/virtualenv/r2.quantumcoresoftware.com/air/3.10/lib/python3.10/site-packages/django/urls/conf.py", line 39, in include
    urlconf_module = import_module(urlconf_module)
  File "/opt/alt/python310/lib64/python3.10/importlib/__init__.py", line 126, in import_module
    return _bootstrap._gcd_import(name[level:], package, level)
  File "<frozen importlib._bootstrap>", line 1050, in _gcd_import
  File "<frozen importlib._bootstrap>", line 1027, in _find_and_load
  File "<frozen importlib._bootstrap>", line 1006, in _find_and_load_unlocked
  File "<frozen importlib._bootstrap>", line 688, in _load_unlocked
  File "<frozen importlib._bootstrap_external>", line 883, in exec_module
  File "<frozen importlib._bootstrap>", line 241, in _call_with_frames_removed
  File "/home/hightech/r2.quantumcoresoftware.com/air/main/urls.py", line 2, in <module>
    from .views import index
  File "/home/hightech/r2.quantumcoresoftware.com/air/main/views.py", line 72
    elif 'service_submit' in request.POST:
    ^^^^
SyntaxError: invalid syntax

During handling of the above exception, another exception occurred:

Traceback (most recent call last):
  File "/home/hightech/virtualenv/r2.quantumcoresoftware.com/air/3.10/lib/python3.10/site-packages/django/core/handlers/exception.py", line 55, in inner
    response = get_response(request)
  File "/home/hightech/virtualenv/r2.quantumcoresoftware.com/air/3.10/lib/python3.10/site-packages/django/utils/deprecation.py", line 120, in __call__
    response = response or self.get_response(request)
  File "/home/hightech/virtualenv/r2.quantumcoresoftware.com/air/3.10/lib/python3.10/site-packages/django/core/handlers/exception.py", line 57, in inner
    response = response_for_exception(request, exc)
  File "/home/hightech/virtualenv/r2.quantumcoresoftware.com/air/3.10/lib/python3.10/site-packages/django/core/handlers/exception.py", line 141, in response_for_exception
    response = handle_uncaught_exception(
  File "/home/hightech/virtualenv/r2.quantumcoresoftware.com/air/3.10/lib/python3.10/site-packages/django/core/handlers/exception.py", line 182, in handle_uncaught_exception
    return debug.technical_500_response(request, *exc_info)
  File "/home/hightech/virtualenv/r2.quantumcoresoftware.com/air/3.10/lib/python3.10/site-packages/django/views/debug.py", line 69, in technical_500_response
    html = reporter.get_traceback_html()
  File "/home/hightech/virtualenv/r2.quantumcoresoftware.com/air/3.10/lib/python3.10/site-packages/django/views/debug.py", line 428, in get_traceback_html
    c = Context(self.get_traceback_data(), use_l10n=False)
  File "/home/hightech/virtualenv/r2.quantumcoresoftware.com/air/3.10/lib/python3.10/site-packages/django/views/debug.py", line 411, in get_traceback_data
    c["raising_view_name"] = get_caller(self.request)
  File "/home/hightech/virtualenv/r2.quantumcoresoftware.com/air/3.10/lib/python3.10/site-packages/django/views/debug.py", line 102, in get_caller
    resolver_match = resolve(request.path)
  File "/home/hightech/virtualenv/r2.quantumcoresoftware.com/air/3.10/lib/python3.10/site-packages/django/urls/base.py", line 25, in resolve
    return get_resolver(urlconf).resolve(path)
  File "/home/hightech/virtualenv/r2.quantumcoresoftware.com/air/3.10/lib/python3.10/site-packages/django/urls/resolvers.py", line 666, in resolve
    for pattern in self.url_patterns:
  File "/home/hightech/virtualenv/r2.quantumcoresoftware.com/air/3.10/lib/python3.10/site-packages/django/utils/functional.py", line 47, in __get__
    res = instance.__dict__[self.name] = self.func(instance)
  File "/home/hightech/virtualenv/r2.quantumcoresoftware.com/air/3.10/lib/python3.10/site-packages/django/urls/resolvers.py", line 718, in url_patterns
    patterns = getattr(self.urlconf_module, "urlpatterns", self.urlconf_module)
  File "/home/hightech/virtualenv/r2.quantumcoresoftware.com/air/3.10/lib/python3.10/site-packages/django/utils/functional.py", line 47, in __get__
    res = instance.__dict__[self.name] = self.func(instance)
  File "/home/hightech/virtualenv/r2.quantumcoresoftware.com/air/3.10/lib/python3.10/site-packages/django/urls/resolvers.py", line 711, in urlconf_module
    return import_module(self.urlconf_name)
  File "/opt/alt/python310/lib64/python3.10/importlib/__init__.py", line 126, in import_module
    return _bootstrap._gcd_import(name[level:], package, level)
  File "<frozen importlib._bootstrap>", line 1050, in _gcd_import
  File "<frozen importlib._bootstrap>", line 1027, in _find_and_load
  File "<frozen importlib._bootstrap>", line 1006, in _find_and_load_unlocked
  File "<frozen importlib._bootstrap>", line 688, in _load_unlocked
  File "<frozen importlib._bootstrap_external>", line 883, in exec_module
  File "<frozen importlib._bootstrap>", line 241, in _call_with_frames_removed
  File "/home/hightech/r2.quantumcoresoftware.com/air/air/urls.py", line 24, in <module>
    path('',include('main.urls'))
  File "/home/hightech/virtualenv/r2.quantumcoresoftware.com/air/3.10/lib/python3.10/site-packages/django/urls/conf.py", line 39, in include
    urlconf_module = import_module(urlconf_module)
  File "/opt/alt/python310/lib64/python3.10/importlib/__init__.py", line 126, in import_module
    return _bootstrap._gcd_import(name[level:], package, level)
  File "<frozen importlib._bootstrap>", line 1050, in _gcd_import
  File "<frozen importlib._bootstrap>", line 1027, in _find_and_load
  File "<frozen importlib._bootstrap>", line 1006, in _find_and_load_unlocked
  File "<frozen importlib._bootstrap>", line 688, in _load_unlocked
  File "<frozen importlib._bootstrap_external>", line 883, in exec_module
  File "<frozen importlib._bootstrap>", line 241, in _call_with_frames_removed
  File "/home/hightech/r2.quantumcoresoftware.com/air/main/urls.py", line 2, in <module>
    from .views import index
  File "/home/hightech/r2.quantumcoresoftware.com/air/main/views.py", line 72
    elif 'service_submit' in request.POST:
    ^^^^
SyntaxError: invalid syntax

During handling of the above exception, another exception occurred:

Traceback (most recent call last):
  File "/home/hightech/virtualenv/r2.quantumcoresoftware.com/air/3.10/lib/python3.10/site-packages/django/core/handlers/exception.py", line 55, in inner
    response = get_response(request)
  File "/home/hightech/virtualenv/r2.quantumcoresoftware.com/air/3.10/lib/python3.10/site-packages/django/utils/deprecation.py", line 120, in __call__
    response = response or self.get_response(request)
  File "/home/hightech/virtualenv/r2.quantumcoresoftware.com/air/3.10/lib/python3.10/site-packages/django/core/handlers/exception.py", line 57, in inner
    response = response_for_exception(request, exc)
  File "/home/hightech/virtualenv/r2.quantumcoresoftware.com/air/3.10/lib/python3.10/site-packages/django/core/handlers/exception.py", line 141, in response_for_exception
    response = handle_uncaught_exception(
  File "/home/hightech/virtualenv/r2.quantumcoresoftware.com/air/3.10/lib/python3.10/site-packages/django/core/handlers/exception.py", line 182, in handle_uncaught_exception
    return debug.technical_500_response(request, *exc_info)
  File "/home/hightech/virtualenv/r2.quantumcoresoftware.com/air/3.10/lib/python3.10/site-packages/django/views/debug.py", line 69, in technical_500_response
    html = reporter.get_traceback_html()
  File "/home/hightech/virtualenv/r2.quantumcoresoftware.com/air/3.10/lib/python3.10/site-packages/django/views/debug.py", line 428, in get_traceback_html
    c = Context(self.get_traceback_data(), use_l10n=False)
  File "/home/hightech/virtualenv/r2.quantumcoresoftware.com/air/3.10/lib/python3.10/site-packages/django/views/debug.py", line 411, in get_traceback_data
    c["raising_view_name"] = get_caller(self.request)
  File "/home/hightech/virtualenv/r2.quantumcoresoftware.com/air/3.10/lib/python3.10/site-packages/django/views/debug.py", line 102, in get_caller
    resolver_match = resolve(request.path)
  File "/home/hightech/virtualenv/r2.quantumcoresoftware.com/air/3.10/lib/python3.10/site-packages/django/urls/base.py", line 25, in resolve
    return get_resolver(urlconf).resolve(path)
  File "/home/hightech/virtualenv/r2.quantumcoresoftware.com/air/3.10/lib/python3.10/site-packages/django/urls/resolvers.py", line 666, in resolve
    for pattern in self.url_patterns:
  File "/home/hightech/virtualenv/r2.quantumcoresoftware.com/air/3.10/lib/python3.10/site-packages/django/utils/functional.py", line 47, in __get__
    res = instance.__dict__[self.name] = self.func(instance)
  File "/home/hightech/virtualenv/r2.quantumcoresoftware.com/air/3.10/lib/python3.10/site-packages/django/urls/resolvers.py", line 718, in url_patterns
    patterns = getattr(self.urlconf_module, "urlpatterns", self.urlconf_module)
  File "/home/hightech/virtualenv/r2.quantumcoresoftware.com/air/3.10/lib/python3.10/site-packages/django/utils/functional.py", line 47, in __get__
    res = instance.__dict__[self.name] = self.func(instance)
  File "/home/hightech/virtualenv/r2.quantumcoresoftware.com/air/3.10/lib/python3.10/site-packages/django/urls/resolvers.py", line 711, in urlconf_module
    return import_module(self.urlconf_name)
  File "/opt/alt/python310/lib64/python3.10/importlib/__init__.py", line 126, in import_module
    return _bootstrap._gcd_import(name[level:], package, level)
  File "<frozen importlib._bootstrap>", line 1050, in _gcd_import
  File "<frozen importlib._bootstrap>", line 1027, in _find_and_load
  File "<frozen importlib._bootstrap>", line 1006, in _find_and_load_unlocked
  File "<frozen importlib._bootstrap>", line 688, in _load_unlocked
  File "<frozen importlib._bootstrap_external>", line 883, in exec_module
  File "<frozen importlib._bootstrap>", line 241, in _call_with_frames_removed
  File "/home/hightech/r2.quantumcoresoftware.com/air/air/urls.py", line 24, in <module>
    path('',include('main.urls'))
  File "/home/hightech/virtualenv/r2.quantumcoresoftware.com/air/3.10/lib/python3.10/site-packages/django/urls/conf.py", line 39, in include
    urlconf_module = import_module(urlconf_module)
  File "/opt/alt/python310/lib64/python3.10/importlib/__init__.py", line 126, in import_module
    return _bootstrap._gcd_import(name[level:], package, level)
  File "<frozen importlib._bootstrap>", line 1050, in _gcd_import
  File "<frozen importlib._bootstrap>", line 1027, in _find_and_load
  File "<frozen importlib._bootstrap>", line 1006, in _find_and_load_unlocked
  File "<frozen importlib._bootstrap>", line 688, in _load_unlocked
  File "<frozen importlib._bootstrap_external>", line 883, in exec_module
  File "<frozen importlib._bootstrap>", line 241, in _call_with_frames_removed
  File "/home/hightech/r2.quantumcoresoftware.com/air/main/urls.py", line 2, in <module>
    from .views import index
  File "/home/hightech/r2.quantumcoresoftware.com/air/main/views.py", line 72
    elif 'service_submit' in request.POST:
    ^^^^
SyntaxError: invalid syntax

During handling of the above exception, another exception occurred:

Traceback (most recent call last):
  File "/home/hightech/virtualenv/r2.quantumcoresoftware.com/air/3.10/lib/python3.10/site-packages/django/core/handlers/exception.py", line 55, in inner
    response = get_response(request)
  File "/home/hightech/virtualenv/r2.quantumcoresoftware.com/air/3.10/lib/python3.10/site-packages/django/utils/deprecation.py", line 120, in __call__
    response = response or self.get_response(request)
  File "/home/hightech/virtualenv/r2.quantumcoresoftware.com/air/3.10/lib/python3.10/site-packages/django/core/handlers/exception.py", line 57, in inner
    response = response_for_exception(request, exc)
  File "/home/hightech/virtualenv/r2.quantumcoresoftware.com/air/3.10/lib/python3.10/site-packages/django/core/handlers/exception.py", line 141, in response_for_exception
    response = handle_uncaught_exception(
  File "/home/hightech/virtualenv/r2.quantumcoresoftware.com/air/3.10/lib/python3.10/site-packages/django/core/handlers/exception.py", line 182, in handle_uncaught_exception
    return debug.technical_500_response(request, *exc_info)
  File "/home/hightech/virtualenv/r2.quantumcoresoftware.com/air/3.10/lib/python3.10/site-packages/django/views/debug.py", line 69, in technical_500_response
    html = reporter.get_traceback_html()
  File "/home/hightech/virtualenv/r2.quantumcoresoftware.com/air/3.10/lib/python3.10/site-packages/django/views/debug.py", line 428, in get_traceback_html
    c = Context(self.get_traceback_data(), use_l10n=False)
  File "/home/hightech/virtualenv/r2.quantumcoresoftware.com/air/3.10/lib/python3.10/site-packages/django/views/debug.py", line 411, in get_traceback_data
    c["raising_view_name"] = get_caller(self.request)
  File "/home/hightech/virtualenv/r2.quantumcoresoftware.com/air/3.10/lib/python3.10/site-packages/django/views/debug.py", line 102, in get_caller
    resolver_match = resolve(request.path)
  File "/home/hightech/virtualenv/r2.quantumcoresoftware.com/air/3.10/lib/python3.10/site-packages/django/urls/base.py", line 25, in resolve
    return get_resolver(urlconf).resolve(path)
  File "/home/hightech/virtualenv/r2.quantumcoresoftware.com/air/3.10/lib/python3.10/site-packages/django/urls/resolvers.py", line 666, in resolve
    for pattern in self.url_patterns:
  File "/home/hightech/virtualenv/r2.quantumcoresoftware.com/air/3.10/lib/python3.10/site-packages/django/utils/functional.py", line 47, in __get__
    res = instance.__dict__[self.name] = self.func(instance)
  File "/home/hightech/virtualenv/r2.quantumcoresoftware.com/air/3.10/lib/python3.10/site-packages/django/urls/resolvers.py", line 718, in url_patterns
    patterns = getattr(self.urlconf_module, "urlpatterns", self.urlconf_module)
  File "/home/hightech/virtualenv/r2.quantumcoresoftware.com/air/3.10/lib/python3.10/site-packages/django/utils/functional.py", line 47, in __get__
    res = instance.__dict__[self.name] = self.func(instance)
  File "/home/hightech/virtualenv/r2.quantumcoresoftware.com/air/3.10/lib/python3.10/site-packages/django/urls/resolvers.py", line 711, in urlconf_module
    return import_module(self.urlconf_name)
  File "/opt/alt/python310/lib64/python3.10/importlib/__init__.py", line 126, in import_module
    return _bootstrap._gcd_import(name[level:], package, level)
  File "<frozen importlib._bootstrap>", line 1050, in _gcd_import
  File "<frozen importlib._bootstrap>", line 1027, in _find_and_load
  File "<frozen importlib._bootstrap>", line 1006, in _find_and_load_unlocked
  File "<frozen importlib._bootstrap>", line 688, in _load_unlocked
  File "<frozen importlib._bootstrap_external>", line 883, in exec_module
  File "<frozen importlib._bootstrap>", line 241, in _call_with_frames_removed
  File "/home/hightech/r2.quantumcoresoftware.com/air/air/urls.py", line 24, in <module>
    path('',include('main.urls'))
  File "/home/hightech/virtualenv/r2.quantumcoresoftware.com/air/3.10/lib/python3.10/site-packages/django/urls/conf.py", line 39, in include
    urlconf_module = import_module(urlconf_module)
  File "/opt/alt/python310/lib64/python3.10/importlib/__init__.py", line 126, in import_module
    return _bootstrap._gcd_import(name[level:], package, level)
  File "<frozen importlib._bootstrap>", line 1050, in _gcd_import
  File "<frozen importlib._bootstrap>", line 1027, in _find_and_load
  File "<frozen importlib._bootstrap>", line 1006, in _find_and_load_unlocked
  File "<frozen importlib._bootstrap>", line 688, in _load_unlocked
  File "<frozen importlib._bootstrap_external>", line 883, in exec_module
  File "<frozen importlib._bootstrap>", line 241, in _call_with_frames_removed
  File "/home/hightech/r2.quantumcoresoftware.com/air/main/urls.py", line 2, in <module>
    from .views import index
  File "/home/hightech/r2.quantumcoresoftware.com/air/main/views.py", line 72
    elif 'service_submit' in request.POST:
    ^^^^
SyntaxError: invalid syntax

During handling of the above exception, another exception occurred:

Traceback (most recent call last):
  File "/home/hightech/virtualenv/r2.quantumcoresoftware.com/air/3.10/lib/python3.10/site-packages/django/core/handlers/exception.py", line 55, in inner
    response = get_response(request)
  File "/home/hightech/virtualenv/r2.quantumcoresoftware.com/air/3.10/lib/python3.10/site-packages/django/utils/deprecation.py", line 120, in __call__
    response = response or self.get_response(request)
  File "/home/hightech/virtualenv/r2.quantumcoresoftware.com/air/3.10/lib/python3.10/site-packages/django/core/handlers/exception.py", line 57, in inner
    response = response_for_exception(request, exc)
  File "/home/hightech/virtualenv/r2.quantumcoresoftware.com/air/3.10/lib/python3.10/site-packages/django/core/handlers/exception.py", line 141, in response_for_exception
    response = handle_uncaught_exception(
  File "/home/hightech/virtualenv/r2.quantumcoresoftware.com/air/3.10/lib/python3.10/site-packages/django/core/handlers/exception.py", line 182, in handle_uncaught_exception
    return debug.technical_500_response(request, *exc_info)
  File "/home/hightech/virtualenv/r2.quantumcoresoftware.com/air/3.10/lib/python3.10/site-packages/django/views/debug.py", line 69, in technical_500_response
    html = reporter.get_traceback_html()
  File "/home/hightech/virtualenv/r2.quantumcoresoftware.com/air/3.10/lib/python3.10/site-packages/django/views/debug.py", line 428, in get_traceback_html
    c = Context(self.get_traceback_data(), use_l10n=False)
  File "/home/hightech/virtualenv/r2.quantumcoresoftware.com/air/3.10/lib/python3.10/site-packages/django/views/debug.py", line 411, in get_traceback_data
    c["raising_view_name"] = get_caller(self.request)
  File "/home/hightech/virtualenv/r2.quantumcoresoftware.com/air/3.10/lib/python3.10/site-packages/django/views/debug.py", line 102, in get_caller
    resolver_match = resolve(request.path)
  File "/home/hightech/virtualenv/r2.quantumcoresoftware.com/air/3.10/lib/python3.10/site-packages/django/urls/base.py", line 25, in resolve
    return get_resolver(urlconf).resolve(path)
  File "/home/hightech/virtualenv/r2.quantumcoresoftware.com/air/3.10/lib/python3.10/site-packages/django/urls/resolvers.py", line 666, in resolve
    for pattern in self.url_patterns:
  File "/home/hightech/virtualenv/r2.quantumcoresoftware.com/air/3.10/lib/python3.10/site-packages/django/utils/functional.py", line 47, in __get__
    res = instance.__dict__[self.name] = self.func(instance)
  File "/home/hightech/virtualenv/r2.quantumcoresoftware.com/air/3.10/lib/python3.10/site-packages/django/urls/resolvers.py", line 718, in url_patterns
    patterns = getattr(self.urlconf_module, "urlpatterns", self.urlconf_module)
  File "/home/hightech/virtualenv/r2.quantumcoresoftware.com/air/3.10/lib/python3.10/site-packages/django/utils/functional.py", line 47, in __get__
    res = instance.__dict__[self.name] = self.func(instance)
  File "/home/hightech/virtualenv/r2.quantumcoresoftware.com/air/3.10/lib/python3.10/site-packages/django/urls/resolvers.py", line 711, in urlconf_module
    return import_module(self.urlconf_name)
  File "/opt/alt/python310/lib64/python3.10/importlib/__init__.py", line 126, in import_module
    return _bootstrap._gcd_import(name[level:], package, level)
  File "<frozen importlib._bootstrap>", line 1050, in _gcd_import
  File "<frozen importlib._bootstrap>", line 1027, in _find_and_load
  File "<frozen importlib._bootstrap>", line 1006, in _find_and_load_unlocked
  File "<frozen importlib._bootstrap>", line 688, in _load_unlocked
  File "<frozen importlib._bootstrap_external>", line 883, in exec_module
  File "<frozen importlib._bootstrap>", line 241, in _call_with_frames_removed
  File "/home/hightech/r2.quantumcoresoftware.com/air/air/urls.py", line 24, in <module>
    path('',include('main.urls'))
  File "/home/hightech/virtualenv/r2.quantumcoresoftware.com/air/3.10/lib/python3.10/site-packages/django/urls/conf.py", line 39, in include
    urlconf_module = import_module(urlconf_module)
  File "/opt/alt/python310/lib64/python3.10/importlib/__init__.py", line 126, in import_module
    return _bootstrap._gcd_import(name[level:], package, level)
  File "<frozen importlib._bootstrap>", line 1050, in _gcd_import
  File "<frozen importlib._bootstrap>", line 1027, in _find_and_load
  File "<frozen importlib._bootstrap>", line 1006, in _find_and_load_unlocked
  File "<frozen importlib._bootstrap>", line 688, in _load_unlocked
  File "<frozen importlib._bootstrap_external>", line 883, in exec_module
  File "<frozen importlib._bootstrap>", line 241, in _call_with_frames_removed
  File "/home/hightech/r2.quantumcoresoftware.com/air/main/urls.py", line 2, in <module>
    from .views import index
  File "/home/hightech/r2.quantumcoresoftware.com/air/main/views.py", line 72
    elif 'service_submit' in request.POST:
    ^^^^
SyntaxError: invalid syntax

During handling of the above exception, another exception occurred:

Traceback (most recent call last):
  File "/home/hightech/virtualenv/r2.quantumcoresoftware.com/air/3.10/lib/python3.10/site-packages/django/core/handlers/exception.py", line 55, in inner
    response = get_response(request)
  File "/home/hightech/virtualenv/r2.quantumcoresoftware.com/air/3.10/lib/python3.10/site-packages/django/utils/deprecation.py", line 120, in __call__
    response = response or self.get_response(request)
  File "/home/hightech/virtualenv/r2.quantumcoresoftware.com/air/3.10/lib/python3.10/site-packages/django/core/handlers/exception.py", line 57, in inner
    response = response_for_exception(request, exc)
  File "/home/hightech/virtualenv/r2.quantumcoresoftware.com/air/3.10/lib/python3.10/site-packages/django/core/handlers/exception.py", line 141, in response_for_exception
    response = handle_uncaught_exception(
  File "/home/hightech/virtualenv/r2.quantumcoresoftware.com/air/3.10/lib/python3.10/site-packages/django/core/handlers/exception.py", line 182, in handle_uncaught_exception
    return debug.technical_500_response(request, *exc_info)
  File "/home/hightech/virtualenv/r2.quantumcoresoftware.com/air/3.10/lib/python3.10/site-packages/django/views/debug.py", line 69, in technical_500_response
    html = reporter.get_traceback_html()
  File "/home/hightech/virtualenv/r2.quantumcoresoftware.com/air/3.10/lib/python3.10/site-packages/django/views/debug.py", line 428, in get_traceback_html
    c = Context(self.get_traceback_data(), use_l10n=False)
  File "/home/hightech/virtualenv/r2.quantumcoresoftware.com/air/3.10/lib/python3.10/site-packages/django/views/debug.py", line 411, in get_traceback_data
    c["raising_view_name"] = get_caller(self.request)
  File "/home/hightech/virtualenv/r2.quantumcoresoftware.com/air/3.10/lib/python3.10/site-packages/django/views/debug.py", line 102, in get_caller
    resolver_match = resolve(request.path)
  File "/home/hightech/virtualenv/r2.quantumcoresoftware.com/air/3.10/lib/python3.10/site-packages/django/urls/base.py", line 25, in resolve
    return get_resolver(urlconf).resolve(path)
  File "/home/hightech/virtualenv/r2.quantumcoresoftware.com/air/3.10/lib/python3.10/site-packages/django/urls/resolvers.py", line 666, in resolve
    for pattern in self.url_patterns:
  File "/home/hightech/virtualenv/r2.quantumcoresoftware.com/air/3.10/lib/python3.10/site-packages/django/utils/functional.py", line 47, in __get__
    res = instance.__dict__[self.name] = self.func(instance)
  File "/home/hightech/virtualenv/r2.quantumcoresoftware.com/air/3.10/lib/python3.10/site-packages/django/urls/resolvers.py", line 718, in url_patterns
    patterns = getattr(self.urlconf_module, "urlpatterns", self.urlconf_module)
  File "/home/hightech/virtualenv/r2.quantumcoresoftware.com/air/3.10/lib/python3.10/site-packages/django/utils/functional.py", line 47, in __get__
    res = instance.__dict__[self.name] = self.func(instance)
  File "/home/hightech/virtualenv/r2.quantumcoresoftware.com/air/3.10/lib/python3.10/site-packages/django/urls/resolvers.py", line 711, in urlconf_module
    return import_module(self.urlconf_name)
  File "/opt/alt/python310/lib64/python3.10/importlib/__init__.py", line 126, in import_module
    return _bootstrap._gcd_import(name[level:], package, level)
  File "<frozen importlib._bootstrap>", line 1050, in _gcd_import
  File "<frozen importlib._bootstrap>", line 1027, in _find_and_load
  File "<frozen importlib._bootstrap>", line 1006, in _find_and_load_unlocked
  File "<frozen importlib._bootstrap>", line 688, in _load_unlocked
  File "<frozen importlib._bootstrap_external>", line 883, in exec_module
  File "<frozen importlib._bootstrap>", line 241, in _call_with_frames_removed
  File "/home/hightech/r2.quantumcoresoftware.com/air/air/urls.py", line 24, in <module>
    path('',include('main.urls'))
  File "/home/hightech/virtualenv/r2.quantumcoresoftware.com/air/3.10/lib/python3.10/site-packages/django/urls/conf.py", line 39, in include
    urlconf_module = import_module(urlconf_module)
  File "/opt/alt/python310/lib64/python3.10/importlib/__init__.py", line 126, in import_module
    return _bootstrap._gcd_import(name[level:], package, level)
  File "<frozen importlib._bootstrap>", line 1050, in _gcd_import
  File "<frozen importlib._bootstrap>", line 1027, in _find_and_load
  File "<frozen importlib._bootstrap>", line 1006, in _find_and_load_unlocked
  File "<frozen importlib._bootstrap>", line 688, in _load_unlocked
  File "<frozen importlib._bootstrap_external>", line 883, in exec_module
  File "<frozen importlib._bootstrap>", line 241, in _call_with_frames_removed
  File "/home/hightech/r2.quantumcoresoftware.com/air/main/urls.py", line 2, in <module>
    from .views import index
  File "/home/hightech/r2.quantumcoresoftware.com/air/main/views.py", line 72
    elif 'service_submit' in request.POST:
    ^^^^
SyntaxError: invalid syntax

During handling of the above exception, another exception occurred:

Traceback (most recent call last):
  File "/home/hightech/virtualenv/r2.quantumcoresoftware.com/air/3.10/lib/python3.10/site-packages/django/core/handlers/wsgi.py", line 124, in __call__
    response = self.get_response(request)
  File "/home/hightech/virtualenv/r2.quantumcoresoftware.com/air/3.10/lib/python3.10/site-packages/django/core/handlers/base.py", line 140, in get_response
    response = self._middleware_chain(request)
  File "/home/hightech/virtualenv/r2.quantumcoresoftware.com/air/3.10/lib/python3.10/site-packages/django/core/handlers/exception.py", line 57, in inner
    response = response_for_exception(request, exc)
  File "/home/hightech/virtualenv/r2.quantumcoresoftware.com/air/3.10/lib/python3.10/site-packages/django/core/handlers/exception.py", line 141, in response_for_exception
    response = handle_uncaught_exception(
  File "/home/hightech/virtualenv/r2.quantumcoresoftware.com/air/3.10/lib/python3.10/site-packages/django/core/handlers/exception.py", line 182, in handle_uncaught_exception
    return debug.technical_500_response(request, *exc_info)
  File "/home/hightech/virtualenv/r2.quantumcoresoftware.com/air/3.10/lib/python3.10/site-packages/django/views/debug.py", line 69, in technical_500_response
    html = reporter.get_traceback_html()
  File "/home/hightech/virtualenv/r2.quantumcoresoftware.com/air/3.10/lib/python3.10/site-packages/django/views/debug.py", line 428, in get_traceback_html
    c = Context(self.get_traceback_data(), use_l10n=False)
  File "/home/hightech/virtualenv/r2.quantumcoresoftware.com/air/3.10/lib/python3.10/site-packages/django/views/debug.py", line 411, in get_traceback_data
    c["raising_view_name"] = get_caller(self.request)
  File "/home/hightech/virtualenv/r2.quantumcoresoftware.com/air/3.10/lib/python3.10/site-packages/django/views/debug.py", line 102, in get_caller
    resolver_match = resolve(request.path)
  File "/home/hightech/virtualenv/r2.quantumcoresoftware.com/air/3.10/lib/python3.10/site-packages/django/urls/base.py", line 25, in resolve
    return get_resolver(urlconf).resolve(path)
  File "/home/hightech/virtualenv/r2.quantumcoresoftware.com/air/3.10/lib/python3.10/site-packages/django/urls/resolvers.py", line 666, in resolve
    for pattern in self.url_patterns:
  File "/home/hightech/virtualenv/r2.quantumcoresoftware.com/air/3.10/lib/python3.10/site-packages/django/utils/functional.py", line 47, in __get__
    res = instance.__dict__[self.name] = self.func(instance)
  File "/home/hightech/virtualenv/r2.quantumcoresoftware.com/air/3.10/lib/python3.10/site-packages/django/urls/resolvers.py", line 718, in url_patterns
    patterns = getattr(self.urlconf_module, "urlpatterns", self.urlconf_module)
  File "/home/hightech/virtualenv/r2.quantumcoresoftware.com/air/3.10/lib/python3.10/site-packages/django/utils/functional.py", line 47, in __get__
    res = instance.__dict__[self.name] = self.func(instance)
  File "/home/hightech/virtualenv/r2.quantumcoresoftware.com/air/3.10/lib/python3.10/site-packages/django/urls/resolvers.py", line 711, in urlconf_module
    return import_module(self.urlconf_name)
  File "/opt/alt/python310/lib64/python3.10/importlib/__init__.py", line 126, in import_module
    return _bootstrap._gcd_import(name[level:], package, level)
  File "<frozen importlib._bootstrap>", line 1050, in _gcd_import
  File "<frozen importlib._bootstrap>", line 1027, in _find_and_load
  File "<frozen importlib._bootstrap>", line 1006, in _find_and_load_unlocked
  File "<frozen importlib._bootstrap>", line 688, in _load_unlocked
  File "<frozen importlib._bootstrap_external>", line 883, in exec_module
  File "<frozen importlib._bootstrap>", line 241, in _call_with_frames_removed
  File "/home/hightech/r2.quantumcoresoftware.com/air/air/urls.py", line 24, in <module>
    path('',include('main.urls'))
  File "/home/hightech/virtualenv/r2.quantumcoresoftware.com/air/3.10/lib/python3.10/site-packages/django/urls/conf.py", line 39, in include
    urlconf_module = import_module(urlconf_module)
  File "/opt/alt/python310/lib64/python3.10/importlib/__init__.py", line 126, in import_module
    return _bootstrap._gcd_import(name[level:], package, level)
  File "<frozen importlib._bootstrap>", line 1050, in _gcd_import
  File "<frozen importlib._bootstrap>", line 1027, in _find_and_load
  File "<frozen importlib._bootstrap>", line 1006, in _find_and_load_unlocked
  File "<frozen importlib._bootstrap>", line 688, in _load_unlocked
  File "<frozen importlib._bootstrap_external>", line 883, in exec_module
  File "<frozen importlib._bootstrap>", line 241, in _call_with_frames_removed
  File "/home/hightech/r2.quantumcoresoftware.com/air/main/urls.py", line 2, in <module>
    from .views import index
  File "/home/hightech/r2.quantumcoresoftware.com/air/main/views.py", line 72
    elif 'service_submit' in request.POST:
    ^^^^
SyntaxError: invalid syntax
[ERROR] [UID:1788][4066891] wsgiAppHandler pApp->start_response() return NULL.
Traceback (most recent call last):
  File "/home/hightech/virtualenv/r2.quantumcoresoftware.com/air/3.10/lib/python3.10/site-packages/django/core/handlers/exception.py", line 55, in inner
    response = get_response(request)
  File "/home/hightech/virtualenv/r2.quantumcoresoftware.com/air/3.10/lib/python3.10/site-packages/django/core/handlers/base.py", line 181, in _get_response
    callback, callback_args, callback_kwargs = self.resolve_request(request)
  File "/home/hightech/virtualenv/r2.quantumcoresoftware.com/air/3.10/lib/python3.10/site-packages/django/core/handlers/base.py", line 313, in resolve_request
    resolver_match = resolver.resolve(request.path_info)
  File "/home/hightech/virtualenv/r2.quantumcoresoftware.com/air/3.10/lib/python3.10/site-packages/django/urls/resolvers.py", line 666, in resolve
    for pattern in self.url_patterns:
  File "/home/hightech/virtualenv/r2.quantumcoresoftware.com/air/3.10/lib/python3.10/site-packages/django/utils/functional.py", line 47, in __get__
    res = instance.__dict__[self.name] = self.func(instance)
  File "/home/hightech/virtualenv/r2.quantumcoresoftware.com/air/3.10/lib/python3.10/site-packages/django/urls/resolvers.py", line 718, in url_patterns
    patterns = getattr(self.urlconf_module, "urlpatterns", self.urlconf_module)
  File "/home/hightech/virtualenv/r2.quantumcoresoftware.com/air/3.10/lib/python3.10/site-packages/django/utils/functional.py", line 47, in __get__
    res = instance.__dict__[self.name] = self.func(instance)
  File "/home/hightech/virtualenv/r2.quantumcoresoftware.com/air/3.10/lib/python3.10/site-packages/django/urls/resolvers.py", line 711, in urlconf_module
    return import_module(self.urlconf_name)
  File "/opt/alt/python310/lib64/python3.10/importlib/__init__.py", line 126, in import_module
    return _bootstrap._gcd_import(name[level:], package, level)
  File "<frozen importlib._bootstrap>", line 1050, in _gcd_import
  File "<frozen importlib._bootstrap>", line 1027, in _find_and_load
  File "<frozen importlib._bootstrap>", line 1006, in _find_and_load_unlocked
  File "<frozen importlib._bootstrap>", line 688, in _load_unlocked
  File "<frozen importlib._bootstrap_external>", line 883, in exec_module
  File "<frozen importlib._bootstrap>", line 241, in _call_with_frames_removed
  File "/home/hightech/r2.quantumcoresoftware.com/air/air/urls.py", line 24, in <module>
    path('',include('main.urls'))
  File "/home/hightech/virtualenv/r2.quantumcoresoftware.com/air/3.10/lib/python3.10/site-packages/django/urls/conf.py", line 39, in include
    urlconf_module = import_module(urlconf_module)
  File "/opt/alt/python310/lib64/python3.10/importlib/__init__.py", line 126, in import_module
    return _bootstrap._gcd_import(name[level:], package, level)
  File "<frozen importlib._bootstrap>", line 1050, in _gcd_import
  File "<frozen importlib._bootstrap>", line 1027, in _find_and_load
  File "<frozen importlib._bootstrap>", line 1006, in _find_and_load_unlocked
  File "<frozen importlib._bootstrap>", line 688, in _load_unlocked
  File "<frozen importlib._bootstrap_external>", line 883, in exec_module
  File "<frozen importlib._bootstrap>", line 241, in _call_with_frames_removed
  File "/home/hightech/r2.quantumcoresoftware.com/air/main/urls.py", line 2, in <module>
    from .views import index
  File "/home/hightech/r2.quantumcoresoftware.com/air/main/views.py", line 72
    elif 'service_submit' in request.POST:
    ^^^^
SyntaxError: invalid syntax

During handling of the above exception, another exception occurred:

Traceback (most recent call last):
  File "/home/hightech/virtualenv/r2.quantumcoresoftware.com/air/3.10/lib/python3.10/site-packages/django/core/handlers/exception.py", line 55, in inner
    response = get_response(request)
  File "/home/hightech/virtualenv/r2.quantumcoresoftware.com/air/3.10/lib/python3.10/site-packages/django/utils/deprecation.py", line 120, in __call__
    response = response or self.get_response(request)
  File "/home/hightech/virtualenv/r2.quantumcoresoftware.com/air/3.10/lib/python3.10/site-packages/django/core/handlers/exception.py", line 57, in inner
    response = response_for_exception(request, exc)
  File "/home/hightech/virtualenv/r2.quantumcoresoftware.com/air/3.10/lib/python3.10/site-packages/django/core/handlers/exception.py", line 141, in response_for_exception
    response = handle_uncaught_exception(
  File "/home/hightech/virtualenv/r2.quantumcoresoftware.com/air/3.10/lib/python3.10/site-packages/django/core/handlers/exception.py", line 182, in handle_uncaught_exception
    return debug.technical_500_response(request, *exc_info)
  File "/home/hightech/virtualenv/r2.quantumcoresoftware.com/air/3.10/lib/python3.10/site-packages/django/views/debug.py", line 69, in technical_500_response
    html = reporter.get_traceback_html()
  File "/home/hightech/virtualenv/r2.quantumcoresoftware.com/air/3.10/lib/python3.10/site-packages/django/views/debug.py", line 428, in get_traceback_html
    c = Context(self.get_traceback_data(), use_l10n=False)
  File "/home/hightech/virtualenv/r2.quantumcoresoftware.com/air/3.10/lib/python3.10/site-packages/django/views/debug.py", line 411, in get_traceback_data
    c["raising_view_name"] = get_caller(self.request)
  File "/home/hightech/virtualenv/r2.quantumcoresoftware.com/air/3.10/lib/python3.10/site-packages/django/views/debug.py", line 102, in get_caller
    resolver_match = resolve(request.path)
  File "/home/hightech/virtualenv/r2.quantumcoresoftware.com/air/3.10/lib/python3.10/site-packages/django/urls/base.py", line 25, in resolve
    return get_resolver(urlconf).resolve(path)
  File "/home/hightech/virtualenv/r2.quantumcoresoftware.com/air/3.10/lib/python3.10/site-packages/django/urls/resolvers.py", line 666, in resolve
    for pattern in self.url_patterns:
  File "/home/hightech/virtualenv/r2.quantumcoresoftware.com/air/3.10/lib/python3.10/site-packages/django/utils/functional.py", line 47, in __get__
    res = instance.__dict__[self.name] = self.func(instance)
  File "/home/hightech/virtualenv/r2.quantumcoresoftware.com/air/3.10/lib/python3.10/site-packages/django/urls/resolvers.py", line 718, in url_patterns
    patterns = getattr(self.urlconf_module, "urlpatterns", self.urlconf_module)
  File "/home/hightech/virtualenv/r2.quantumcoresoftware.com/air/3.10/lib/python3.10/site-packages/django/utils/functional.py", line 47, in __get__
    res = instance.__dict__[self.name] = self.func(instance)
  File "/home/hightech/virtualenv/r2.quantumcoresoftware.com/air/3.10/lib/python3.10/site-packages/django/urls/resolvers.py", line 711, in urlconf_module
    return import_module(self.urlconf_name)
  File "/opt/alt/python310/lib64/python3.10/importlib/__init__.py", line 126, in import_module
    return _bootstrap._gcd_import(name[level:], package, level)
  File "<frozen importlib._bootstrap>", line 1050, in _gcd_import
  File "<frozen importlib._bootstrap>", line 1027, in _find_and_load
  File "<frozen importlib._bootstrap>", line 1006, in _find_and_load_unlocked
  File "<frozen importlib._bootstrap>", line 688, in _load_unlocked
  File "<frozen importlib._bootstrap_external>", line 883, in exec_module
  File "<frozen importlib._bootstrap>", line 241, in _call_with_frames_removed
  File "/home/hightech/r2.quantumcoresoftware.com/air/air/urls.py", line 24, in <module>
    path('',include('main.urls'))
  File "/home/hightech/virtualenv/r2.quantumcoresoftware.com/air/3.10/lib/python3.10/site-packages/django/urls/conf.py", line 39, in include
    urlconf_module = import_module(urlconf_module)
  File "/opt/alt/python310/lib64/python3.10/importlib/__init__.py", line 126, in import_module
    return _bootstrap._gcd_import(name[level:], package, level)
  File "<frozen importlib._bootstrap>", line 1050, in _gcd_import
  File "<frozen importlib._bootstrap>", line 1027, in _find_and_load
  File "<frozen importlib._bootstrap>", line 1006, in _find_and_load_unlocked
  File "<frozen importlib._bootstrap>", line 688, in _load_unlocked
  File "<frozen importlib._bootstrap_external>", line 883, in exec_module
  File "<frozen importlib._bootstrap>", line 241, in _call_with_frames_removed
  File "/home/hightech/r2.quantumcoresoftware.com/air/main/urls.py", line 2, in <module>
    from .views import index
  File "/home/hightech/r2.quantumcoresoftware.com/air/main/views.py", line 72
    elif 'service_submit' in request.POST:
    ^^^^
SyntaxError: invalid syntax

During handling of the above exception, another exception occurred:

Traceback (most recent call last):
  File "/home/hightech/virtualenv/r2.quantumcoresoftware.com/air/3.10/lib/python3.10/site-packages/django/core/handlers/exception.py", line 55, in inner
    response = get_response(request)
  File "/home/hightech/virtualenv/r2.quantumcoresoftware.com/air/3.10/lib/python3.10/site-packages/django/utils/deprecation.py", line 120, in __call__
    response = response or self.get_response(request)
  File "/home/hightech/virtualenv/r2.quantumcoresoftware.com/air/3.10/lib/python3.10/site-packages/django/core/handlers/exception.py", line 57, in inner
    response = response_for_exception(request, exc)
  File "/home/hightech/virtualenv/r2.quantumcoresoftware.com/air/3.10/lib/python3.10/site-packages/django/core/handlers/exception.py", line 141, in response_for_exception
    response = handle_uncaught_exception(
  File "/home/hightech/virtualenv/r2.quantumcoresoftware.com/air/3.10/lib/python3.10/site-packages/django/core/handlers/exception.py", line 182, in handle_uncaught_exception
    return debug.technical_500_response(request, *exc_info)
  File "/home/hightech/virtualenv/r2.quantumcoresoftware.com/air/3.10/lib/python3.10/site-packages/django/views/debug.py", line 69, in technical_500_response
    html = reporter.get_traceback_html()
  File "/home/hightech/virtualenv/r2.quantumcoresoftware.com/air/3.10/lib/python3.10/site-packages/django/views/debug.py", line 428, in get_traceback_html
    c = Context(self.get_traceback_data(), use_l10n=False)
  File "/home/hightech/virtualenv/r2.quantumcoresoftware.com/air/3.10/lib/python3.10/site-packages/django/views/debug.py", line 411, in get_traceback_data
    c["raising_view_name"] = get_caller(self.request)
  File "/home/hightech/virtualenv/r2.quantumcoresoftware.com/air/3.10/lib/python3.10/site-packages/django/views/debug.py", line 102, in get_caller
    resolver_match = resolve(request.path)
  File "/home/hightech/virtualenv/r2.quantumcoresoftware.com/air/3.10/lib/python3.10/site-packages/django/urls/base.py", line 25, in resolve
    return get_resolver(urlconf).resolve(path)
  File "/home/hightech/virtualenv/r2.quantumcoresoftware.com/air/3.10/lib/python3.10/site-packages/django/urls/resolvers.py", line 666, in resolve
    for pattern in self.url_patterns:
  File "/home/hightech/virtualenv/r2.quantumcoresoftware.com/air/3.10/lib/python3.10/site-packages/django/utils/functional.py", line 47, in __get__
    res = instance.__dict__[self.name] = self.func(instance)
  File "/home/hightech/virtualenv/r2.quantumcoresoftware.com/air/3.10/lib/python3.10/site-packages/django/urls/resolvers.py", line 718, in url_patterns
    patterns = getattr(self.urlconf_module, "urlpatterns", self.urlconf_module)
  File "/home/hightech/virtualenv/r2.quantumcoresoftware.com/air/3.10/lib/python3.10/site-packages/django/utils/functional.py", line 47, in __get__
    res = instance.__dict__[self.name] = self.func(instance)
  File "/home/hightech/virtualenv/r2.quantumcoresoftware.com/air/3.10/lib/python3.10/site-packages/django/urls/resolvers.py", line 711, in urlconf_module
    return import_module(self.urlconf_name)
  File "/opt/alt/python310/lib64/python3.10/importlib/__init__.py", line 126, in import_module
    return _bootstrap._gcd_import(name[level:], package, level)
  File "<frozen importlib._bootstrap>", line 1050, in _gcd_import
  File "<frozen importlib._bootstrap>", line 1027, in _find_and_load
  File "<frozen importlib._bootstrap>", line 1006, in _find_and_load_unlocked
  File "<frozen importlib._bootstrap>", line 688, in _load_unlocked
  File "<frozen importlib._bootstrap_external>", line 883, in exec_module
  File "<frozen importlib._bootstrap>", line 241, in _call_with_frames_removed
  File "/home/hightech/r2.quantumcoresoftware.com/air/air/urls.py", line 24, in <module>
    path('',include('main.urls'))
  File "/home/hightech/virtualenv/r2.quantumcoresoftware.com/air/3.10/lib/python3.10/site-packages/django/urls/conf.py", line 39, in include
    urlconf_module = import_module(urlconf_module)
  File "/opt/alt/python310/lib64/python3.10/importlib/__init__.py", line 126, in import_module
    return _bootstrap._gcd_import(name[level:], package, level)
  File "<frozen importlib._bootstrap>", line 1050, in _gcd_import
  File "<frozen importlib._bootstrap>", line 1027, in _find_and_load
  File "<frozen importlib._bootstrap>", line 1006, in _find_and_load_unlocked
  File "<frozen importlib._bootstrap>", line 688, in _load_unlocked
  File "<frozen importlib._bootstrap_external>", line 883, in exec_module
  File "<frozen importlib._bootstrap>", line 241, in _call_with_frames_removed
  File "/home/hightech/r2.quantumcoresoftware.com/air/main/urls.py", line 2, in <module>
    from .views import index
  File "/home/hightech/r2.quantumcoresoftware.com/air/main/views.py", line 72
    elif 'service_submit' in request.POST:
    ^^^^
SyntaxError: invalid syntax

During handling of the above exception, another exception occurred:

Traceback (most recent call last):
  File "/home/hightech/virtualenv/r2.quantumcoresoftware.com/air/3.10/lib/python3.10/site-packages/django/core/handlers/exception.py", line 55, in inner
    response = get_response(request)
  File "/home/hightech/virtualenv/r2.quantumcoresoftware.com/air/3.10/lib/python3.10/site-packages/django/utils/deprecation.py", line 120, in __call__
    response = response or self.get_response(request)
  File "/home/hightech/virtualenv/r2.quantumcoresoftware.com/air/3.10/lib/python3.10/site-packages/django/core/handlers/exception.py", line 57, in inner
    response = response_for_exception(request, exc)
  File "/home/hightech/virtualenv/r2.quantumcoresoftware.com/air/3.10/lib/python3.10/site-packages/django/core/handlers/exception.py", line 141, in response_for_exception
    response = handle_uncaught_exception(
  File "/home/hightech/virtualenv/r2.quantumcoresoftware.com/air/3.10/lib/python3.10/site-packages/django/core/handlers/exception.py", line 182, in handle_uncaught_exception
    return debug.technical_500_response(request, *exc_info)
  File "/home/hightech/virtualenv/r2.quantumcoresoftware.com/air/3.10/lib/python3.10/site-packages/django/views/debug.py", line 69, in technical_500_response
    html = reporter.get_traceback_html()
  File "/home/hightech/virtualenv/r2.quantumcoresoftware.com/air/3.10/lib/python3.10/site-packages/django/views/debug.py", line 428, in get_traceback_html
    c = Context(self.get_traceback_data(), use_l10n=False)
  File "/home/hightech/virtualenv/r2.quantumcoresoftware.com/air/3.10/lib/python3.10/site-packages/django/views/debug.py", line 411, in get_traceback_data
    c["raising_view_name"] = get_caller(self.request)
  File "/home/hightech/virtualenv/r2.quantumcoresoftware.com/air/3.10/lib/python3.10/site-packages/django/views/debug.py", line 102, in get_caller
    resolver_match = resolve(request.path)
  File "/home/hightech/virtualenv/r2.quantumcoresoftware.com/air/3.10/lib/python3.10/site-packages/django/urls/base.py", line 25, in resolve
    return get_resolver(urlconf).resolve(path)
  File "/home/hightech/virtualenv/r2.quantumcoresoftware.com/air/3.10/lib/python3.10/site-packages/django/urls/resolvers.py", line 666, in resolve
    for pattern in self.url_patterns:
  File "/home/hightech/virtualenv/r2.quantumcoresoftware.com/air/3.10/lib/python3.10/site-packages/django/utils/functional.py", line 47, in __get__
    res = instance.__dict__[self.name] = self.func(instance)
  File "/home/hightech/virtualenv/r2.quantumcoresoftware.com/air/3.10/lib/python3.10/site-packages/django/urls/resolvers.py", line 718, in url_patterns
    patterns = getattr(self.urlconf_module, "urlpatterns", self.urlconf_module)
  File "/home/hightech/virtualenv/r2.quantumcoresoftware.com/air/3.10/lib/python3.10/site-packages/django/utils/functional.py", line 47, in __get__
    res = instance.__dict__[self.name] = self.func(instance)
  File "/home/hightech/virtualenv/r2.quantumcoresoftware.com/air/3.10/lib/python3.10/site-packages/django/urls/resolvers.py", line 711, in urlconf_module
    return import_module(self.urlconf_name)
  File "/opt/alt/python310/lib64/python3.10/importlib/__init__.py", line 126, in import_module
    return _bootstrap._gcd_import(name[level:], package, level)
  File "<frozen importlib._bootstrap>", line 1050, in _gcd_import
  File "<frozen importlib._bootstrap>", line 1027, in _find_and_load
  File "<frozen importlib._bootstrap>", line 1006, in _find_and_load_unlocked
  File "<frozen importlib._bootstrap>", line 688, in _load_unlocked
  File "<frozen importlib._bootstrap_external>", line 883, in exec_module
  File "<frozen importlib._bootstrap>", line 241, in _call_with_frames_removed
  File "/home/hightech/r2.quantumcoresoftware.com/air/air/urls.py", line 24, in <module>
    path('',include('main.urls'))
  File "/home/hightech/virtualenv/r2.quantumcoresoftware.com/air/3.10/lib/python3.10/site-packages/django/urls/conf.py", line 39, in include
    urlconf_module = import_module(urlconf_module)
  File "/opt/alt/python310/lib64/python3.10/importlib/__init__.py", line 126, in import_module
    return _bootstrap._gcd_import(name[level:], package, level)
  File "<frozen importlib._bootstrap>", line 1050, in _gcd_import
  File "<frozen importlib._bootstrap>", line 1027, in _find_and_load
  File "<frozen importlib._bootstrap>", line 1006, in _find_and_load_unlocked
  File "<frozen importlib._bootstrap>", line 688, in _load_unlocked
  File "<frozen importlib._bootstrap_external>", line 883, in exec_module
  File "<frozen importlib._bootstrap>", line 241, in _call_with_frames_removed
  File "/home/hightech/r2.quantumcoresoftware.com/air/main/urls.py", line 2, in <module>
    from .views import index
  File "/home/hightech/r2.quantumcoresoftware.com/air/main/views.py", line 72
    elif 'service_submit' in request.POST:
    ^^^^
SyntaxError: invalid syntax

During handling of the above exception, another exception occurred:

Traceback (most recent call last):
  File "/home/hightech/virtualenv/r2.quantumcoresoftware.com/air/3.10/lib/python3.10/site-packages/django/core/handlers/exception.py", line 55, in inner
    response = get_response(request)
  File "/home/hightech/virtualenv/r2.quantumcoresoftware.com/air/3.10/lib/python3.10/site-packages/django/utils/deprecation.py", line 120, in __call__
    response = response or self.get_response(request)
  File "/home/hightech/virtualenv/r2.quantumcoresoftware.com/air/3.10/lib/python3.10/site-packages/django/core/handlers/exception.py", line 57, in inner
    response = response_for_exception(request, exc)
  File "/home/hightech/virtualenv/r2.quantumcoresoftware.com/air/3.10/lib/python3.10/site-packages/django/core/handlers/exception.py", line 141, in response_for_exception
    response = handle_uncaught_exception(
  File "/home/hightech/virtualenv/r2.quantumcoresoftware.com/air/3.10/lib/python3.10/site-packages/django/core/handlers/exception.py", line 182, in handle_uncaught_exception
    return debug.technical_500_response(request, *exc_info)
  File "/home/hightech/virtualenv/r2.quantumcoresoftware.com/air/3.10/lib/python3.10/site-packages/django/views/debug.py", line 69, in technical_500_response
    html = reporter.get_traceback_html()
  File "/home/hightech/virtualenv/r2.quantumcoresoftware.com/air/3.10/lib/python3.10/site-packages/django/views/debug.py", line 428, in get_traceback_html
    c = Context(self.get_traceback_data(), use_l10n=False)
  File "/home/hightech/virtualenv/r2.quantumcoresoftware.com/air/3.10/lib/python3.10/site-packages/django/views/debug.py", line 411, in get_traceback_data
    c["raising_view_name"] = get_caller(self.request)
  File "/home/hightech/virtualenv/r2.quantumcoresoftware.com/air/3.10/lib/python3.10/site-packages/django/views/debug.py", line 102, in get_caller
    resolver_match = resolve(request.path)
  File "/home/hightech/virtualenv/r2.quantumcoresoftware.com/air/3.10/lib/python3.10/site-packages/django/urls/base.py", line 25, in resolve
    return get_resolver(urlconf).resolve(path)
  File "/home/hightech/virtualenv/r2.quantumcoresoftware.com/air/3.10/lib/python3.10/site-packages/django/urls/resolvers.py", line 666, in resolve
    for pattern in self.url_patterns:
  File "/home/hightech/virtualenv/r2.quantumcoresoftware.com/air/3.10/lib/python3.10/site-packages/django/utils/functional.py", line 47, in __get__
    res = instance.__dict__[self.name] = self.func(instance)
  File "/home/hightech/virtualenv/r2.quantumcoresoftware.com/air/3.10/lib/python3.10/site-packages/django/urls/resolvers.py", line 718, in url_patterns
    patterns = getattr(self.urlconf_module, "urlpatterns", self.urlconf_module)
  File "/home/hightech/virtualenv/r2.quantumcoresoftware.com/air/3.10/lib/python3.10/site-packages/django/utils/functional.py", line 47, in __get__
    res = instance.__dict__[self.name] = self.func(instance)
  File "/home/hightech/virtualenv/r2.quantumcoresoftware.com/air/3.10/lib/python3.10/site-packages/django/urls/resolvers.py", line 711, in urlconf_module
    return import_module(self.urlconf_name)
  File "/opt/alt/python310/lib64/python3.10/importlib/__init__.py", line 126, in import_module
    return _bootstrap._gcd_import(name[level:], package, level)
  File "<frozen importlib._bootstrap>", line 1050, in _gcd_import
  File "<frozen importlib._bootstrap>", line 1027, in _find_and_load
  File "<frozen importlib._bootstrap>", line 1006, in _find_and_load_unlocked
  File "<frozen importlib._bootstrap>", line 688, in _load_unlocked
  File "<frozen importlib._bootstrap_external>", line 883, in exec_module
  File "<frozen importlib._bootstrap>", line 241, in _call_with_frames_removed
  File "/home/hightech/r2.quantumcoresoftware.com/air/air/urls.py", line 24, in <module>
    path('',include('main.urls'))
  File "/home/hightech/virtualenv/r2.quantumcoresoftware.com/air/3.10/lib/python3.10/site-packages/django/urls/conf.py", line 39, in include
    urlconf_module = import_module(urlconf_module)
  File "/opt/alt/python310/lib64/python3.10/importlib/__init__.py", line 126, in import_module
    return _bootstrap._gcd_import(name[level:], package, level)
  File "<frozen importlib._bootstrap>", line 1050, in _gcd_import
  File "<frozen importlib._bootstrap>", line 1027, in _find_and_load
  File "<frozen importlib._bootstrap>", line 1006, in _find_and_load_unlocked
  File "<frozen importlib._bootstrap>", line 688, in _load_unlocked
  File "<frozen importlib._bootstrap_external>", line 883, in exec_module
  File "<frozen importlib._bootstrap>", line 241, in _call_with_frames_removed
  File "/home/hightech/r2.quantumcoresoftware.com/air/main/urls.py", line 2, in <module>
    from .views import index
  File "/home/hightech/r2.quantumcoresoftware.com/air/main/views.py", line 72
    elif 'service_submit' in request.POST:
    ^^^^
SyntaxError: invalid syntax

During handling of the above exception, another exception occurred:

Traceback (most recent call last):
  File "/home/hightech/virtualenv/r2.quantumcoresoftware.com/air/3.10/lib/python3.10/site-packages/django/core/handlers/exception.py", line 55, in inner
    response = get_response(request)
  File "/home/hightech/virtualenv/r2.quantumcoresoftware.com/air/3.10/lib/python3.10/site-packages/django/utils/deprecation.py", line 120, in __call__
    response = response or self.get_response(request)
  File "/home/hightech/virtualenv/r2.quantumcoresoftware.com/air/3.10/lib/python3.10/site-packages/django/core/handlers/exception.py", line 57, in inner
    response = response_for_exception(request, exc)
  File "/home/hightech/virtualenv/r2.quantumcoresoftware.com/air/3.10/lib/python3.10/site-packages/django/core/handlers/exception.py", line 141, in response_for_exception
    response = handle_uncaught_exception(
  File "/home/hightech/virtualenv/r2.quantumcoresoftware.com/air/3.10/lib/python3.10/site-packages/django/core/handlers/exception.py", line 182, in handle_uncaught_exception
    return debug.technical_500_response(request, *exc_info)
  File "/home/hightech/virtualenv/r2.quantumcoresoftware.com/air/3.10/lib/python3.10/site-packages/django/views/debug.py", line 69, in technical_500_response
    html = reporter.get_traceback_html()
  File "/home/hightech/virtualenv/r2.quantumcoresoftware.com/air/3.10/lib/python3.10/site-packages/django/views/debug.py", line 428, in get_traceback_html
    c = Context(self.get_traceback_data(), use_l10n=False)
  File "/home/hightech/virtualenv/r2.quantumcoresoftware.com/air/3.10/lib/python3.10/site-packages/django/views/debug.py", line 411, in get_traceback_data
    c["raising_view_name"] = get_caller(self.request)
  File "/home/hightech/virtualenv/r2.quantumcoresoftware.com/air/3.10/lib/python3.10/site-packages/django/views/debug.py", line 102, in get_caller
    resolver_match = resolve(request.path)
  File "/home/hightech/virtualenv/r2.quantumcoresoftware.com/air/3.10/lib/python3.10/site-packages/django/urls/base.py", line 25, in resolve
    return get_resolver(urlconf).resolve(path)
  File "/home/hightech/virtualenv/r2.quantumcoresoftware.com/air/3.10/lib/python3.10/site-packages/django/urls/resolvers.py", line 666, in resolve
    for pattern in self.url_patterns:
  File "/home/hightech/virtualenv/r2.quantumcoresoftware.com/air/3.10/lib/python3.10/site-packages/django/utils/functional.py", line 47, in __get__
    res = instance.__dict__[self.name] = self.func(instance)
  File "/home/hightech/virtualenv/r2.quantumcoresoftware.com/air/3.10/lib/python3.10/site-packages/django/urls/resolvers.py", line 718, in url_patterns
    patterns = getattr(self.urlconf_module, "urlpatterns", self.urlconf_module)
  File "/home/hightech/virtualenv/r2.quantumcoresoftware.com/air/3.10/lib/python3.10/site-packages/django/utils/functional.py", line 47, in __get__
    res = instance.__dict__[self.name] = self.func(instance)
  File "/home/hightech/virtualenv/r2.quantumcoresoftware.com/air/3.10/lib/python3.10/site-packages/django/urls/resolvers.py", line 711, in urlconf_module
    return import_module(self.urlconf_name)
  File "/opt/alt/python310/lib64/python3.10/importlib/__init__.py", line 126, in import_module
    return _bootstrap._gcd_import(name[level:], package, level)
  File "<frozen importlib._bootstrap>", line 1050, in _gcd_import
  File "<frozen importlib._bootstrap>", line 1027, in _find_and_load
  File "<frozen importlib._bootstrap>", line 1006, in _find_and_load_unlocked
  File "<frozen importlib._bootstrap>", line 688, in _load_unlocked
  File "<frozen importlib._bootstrap_external>", line 883, in exec_module
  File "<frozen importlib._bootstrap>", line 241, in _call_with_frames_removed
  File "/home/hightech/r2.quantumcoresoftware.com/air/air/urls.py", line 24, in <module>
    path('',include('main.urls'))
  File "/home/hightech/virtualenv/r2.quantumcoresoftware.com/air/3.10/lib/python3.10/site-packages/django/urls/conf.py", line 39, in include
    urlconf_module = import_module(urlconf_module)
  File "/opt/alt/python310/lib64/python3.10/importlib/__init__.py", line 126, in import_module
    return _bootstrap._gcd_import(name[level:], package, level)
  File "<frozen importlib._bootstrap>", line 1050, in _gcd_import
  File "<frozen importlib._bootstrap>", line 1027, in _find_and_load
  File "<frozen importlib._bootstrap>", line 1006, in _find_and_load_unlocked
  File "<frozen importlib._bootstrap>", line 688, in _load_unlocked
  File "<frozen importlib._bootstrap_external>", line 883, in exec_module
  File "<frozen importlib._bootstrap>", line 241, in _call_with_frames_removed
  File "/home/hightech/r2.quantumcoresoftware.com/air/main/urls.py", line 2, in <module>
    from .views import index
  File "/home/hightech/r2.quantumcoresoftware.com/air/main/views.py", line 72
    elif 'service_submit' in request.POST:
    ^^^^
SyntaxError: invalid syntax

During handling of the above exception, another exception occurred:

Traceback (most recent call last):
  File "/home/hightech/virtualenv/r2.quantumcoresoftware.com/air/3.10/lib/python3.10/site-packages/django/core/handlers/exception.py", line 55, in inner
    response = get_response(request)
  File "/home/hightech/virtualenv/r2.quantumcoresoftware.com/air/3.10/lib/python3.10/site-packages/django/utils/deprecation.py", line 120, in __call__
    response = response or self.get_response(request)
  File "/home/hightech/virtualenv/r2.quantumcoresoftware.com/air/3.10/lib/python3.10/site-packages/django/core/handlers/exception.py", line 57, in inner
    response = response_for_exception(request, exc)
  File "/home/hightech/virtualenv/r2.quantumcoresoftware.com/air/3.10/lib/python3.10/site-packages/django/core/handlers/exception.py", line 141, in response_for_exception
    response = handle_uncaught_exception(
  File "/home/hightech/virtualenv/r2.quantumcoresoftware.com/air/3.10/lib/python3.10/site-packages/django/core/handlers/exception.py", line 182, in handle_uncaught_exception
    return debug.technical_500_response(request, *exc_info)
  File "/home/hightech/virtualenv/r2.quantumcoresoftware.com/air/3.10/lib/python3.10/site-packages/django/views/debug.py", line 69, in technical_500_response
    html = reporter.get_traceback_html()
  File "/home/hightech/virtualenv/r2.quantumcoresoftware.com/air/3.10/lib/python3.10/site-packages/django/views/debug.py", line 428, in get_traceback_html
    c = Context(self.get_traceback_data(), use_l10n=False)
  File "/home/hightech/virtualenv/r2.quantumcoresoftware.com/air/3.10/lib/python3.10/site-packages/django/views/debug.py", line 411, in get_traceback_data
    c["raising_view_name"] = get_caller(self.request)
  File "/home/hightech/virtualenv/r2.quantumcoresoftware.com/air/3.10/lib/python3.10/site-packages/django/views/debug.py", line 102, in get_caller
    resolver_match = resolve(request.path)
  File "/home/hightech/virtualenv/r2.quantumcoresoftware.com/air/3.10/lib/python3.10/site-packages/django/urls/base.py", line 25, in resolve
    return get_resolver(urlconf).resolve(path)
  File "/home/hightech/virtualenv/r2.quantumcoresoftware.com/air/3.10/lib/python3.10/site-packages/django/urls/resolvers.py", line 666, in resolve
    for pattern in self.url_patterns:
  File "/home/hightech/virtualenv/r2.quantumcoresoftware.com/air/3.10/lib/python3.10/site-packages/django/utils/functional.py", line 47, in __get__
    res = instance.__dict__[self.name] = self.func(instance)
  File "/home/hightech/virtualenv/r2.quantumcoresoftware.com/air/3.10/lib/python3.10/site-packages/django/urls/resolvers.py", line 718, in url_patterns
    patterns = getattr(self.urlconf_module, "urlpatterns", self.urlconf_module)
  File "/home/hightech/virtualenv/r2.quantumcoresoftware.com/air/3.10/lib/python3.10/site-packages/django/utils/functional.py", line 47, in __get__
    res = instance.__dict__[self.name] = self.func(instance)
  File "/home/hightech/virtualenv/r2.quantumcoresoftware.com/air/3.10/lib/python3.10/site-packages/django/urls/resolvers.py", line 711, in urlconf_module
    return import_module(self.urlconf_name)
  File "/opt/alt/python310/lib64/python3.10/importlib/__init__.py", line 126, in import_module
    return _bootstrap._gcd_import(name[level:], package, level)
  File "<frozen importlib._bootstrap>", line 1050, in _gcd_import
  File "<frozen importlib._bootstrap>", line 1027, in _find_and_load
  File "<frozen importlib._bootstrap>", line 1006, in _find_and_load_unlocked
  File "<frozen importlib._bootstrap>", line 688, in _load_unlocked
  File "<frozen importlib._bootstrap_external>", line 883, in exec_module
  File "<frozen importlib._bootstrap>", line 241, in _call_with_frames_removed
  File "/home/hightech/r2.quantumcoresoftware.com/air/air/urls.py", line 24, in <module>
    path('',include('main.urls'))
  File "/home/hightech/virtualenv/r2.quantumcoresoftware.com/air/3.10/lib/python3.10/site-packages/django/urls/conf.py", line 39, in include
    urlconf_module = import_module(urlconf_module)
  File "/opt/alt/python310/lib64/python3.10/importlib/__init__.py", line 126, in import_module
    return _bootstrap._gcd_import(name[level:], package, level)
  File "<frozen importlib._bootstrap>", line 1050, in _gcd_import
  File "<frozen importlib._bootstrap>", line 1027, in _find_and_load
  File "<frozen importlib._bootstrap>", line 1006, in _find_and_load_unlocked
  File "<frozen importlib._bootstrap>", line 688, in _load_unlocked
  File "<frozen importlib._bootstrap_external>", line 883, in exec_module
  File "<frozen importlib._bootstrap>", line 241, in _call_with_frames_removed
  File "/home/hightech/r2.quantumcoresoftware.com/air/main/urls.py", line 2, in <module>
    from .views import index
  File "/home/hightech/r2.quantumcoresoftware.com/air/main/views.py", line 72
    elif 'service_submit' in request.POST:
    ^^^^
SyntaxError: invalid syntax

During handling of the above exception, another exception occurred:

Traceback (most recent call last):
  File "/home/hightech/virtualenv/r2.quantumcoresoftware.com/air/3.10/lib/python3.10/site-packages/django/core/handlers/exception.py", line 55, in inner
    response = get_response(request)
  File "/home/hightech/virtualenv/r2.quantumcoresoftware.com/air/3.10/lib/python3.10/site-packages/django/utils/deprecation.py", line 120, in __call__
    response = response or self.get_response(request)
  File "/home/hightech/virtualenv/r2.quantumcoresoftware.com/air/3.10/lib/python3.10/site-packages/django/core/handlers/exception.py", line 57, in inner
    response = response_for_exception(request, exc)
  File "/home/hightech/virtualenv/r2.quantumcoresoftware.com/air/3.10/lib/python3.10/site-packages/django/core/handlers/exception.py", line 141, in response_for_exception
    response = handle_uncaught_exception(
  File "/home/hightech/virtualenv/r2.quantumcoresoftware.com/air/3.10/lib/python3.10/site-packages/django/core/handlers/exception.py", line 182, in handle_uncaught_exception
    return debug.technical_500_response(request, *exc_info)
  File "/home/hightech/virtualenv/r2.quantumcoresoftware.com/air/3.10/lib/python3.10/site-packages/django/views/debug.py", line 69, in technical_500_response
    html = reporter.get_traceback_html()
  File "/home/hightech/virtualenv/r2.quantumcoresoftware.com/air/3.10/lib/python3.10/site-packages/django/views/debug.py", line 428, in get_traceback_html
    c = Context(self.get_traceback_data(), use_l10n=False)
  File "/home/hightech/virtualenv/r2.quantumcoresoftware.com/air/3.10/lib/python3.10/site-packages/django/views/debug.py", line 411, in get_traceback_data
    c["raising_view_name"] = get_caller(self.request)
  File "/home/hightech/virtualenv/r2.quantumcoresoftware.com/air/3.10/lib/python3.10/site-packages/django/views/debug.py", line 102, in get_caller
    resolver_match = resolve(request.path)
  File "/home/hightech/virtualenv/r2.quantumcoresoftware.com/air/3.10/lib/python3.10/site-packages/django/urls/base.py", line 25, in resolve
    return get_resolver(urlconf).resolve(path)
  File "/home/hightech/virtualenv/r2.quantumcoresoftware.com/air/3.10/lib/python3.10/site-packages/django/urls/resolvers.py", line 666, in resolve
    for pattern in self.url_patterns:
  File "/home/hightech/virtualenv/r2.quantumcoresoftware.com/air/3.10/lib/python3.10/site-packages/django/utils/functional.py", line 47, in __get__
    res = instance.__dict__[self.name] = self.func(instance)
  File "/home/hightech/virtualenv/r2.quantumcoresoftware.com/air/3.10/lib/python3.10/site-packages/django/urls/resolvers.py", line 718, in url_patterns
    patterns = getattr(self.urlconf_module, "urlpatterns", self.urlconf_module)
  File "/home/hightech/virtualenv/r2.quantumcoresoftware.com/air/3.10/lib/python3.10/site-packages/django/utils/functional.py", line 47, in __get__
    res = instance.__dict__[self.name] = self.func(instance)
  File "/home/hightech/virtualenv/r2.quantumcoresoftware.com/air/3.10/lib/python3.10/site-packages/django/urls/resolvers.py", line 711, in urlconf_module
    return import_module(self.urlconf_name)
  File "/opt/alt/python310/lib64/python3.10/importlib/__init__.py", line 126, in import_module
    return _bootstrap._gcd_import(name[level:], package, level)
  File "<frozen importlib._bootstrap>", line 1050, in _gcd_import
  File "<frozen importlib._bootstrap>", line 1027, in _find_and_load
  File "<frozen importlib._bootstrap>", line 1006, in _find_and_load_unlocked
  File "<frozen importlib._bootstrap>", line 688, in _load_unlocked
  File "<frozen importlib._bootstrap_external>", line 883, in exec_module
  File "<frozen importlib._bootstrap>", line 241, in _call_with_frames_removed
  File "/home/hightech/r2.quantumcoresoftware.com/air/air/urls.py", line 24, in <module>
    path('',include('main.urls'))
  File "/home/hightech/virtualenv/r2.quantumcoresoftware.com/air/3.10/lib/python3.10/site-packages/django/urls/conf.py", line 39, in include
    urlconf_module = import_module(urlconf_module)
  File "/opt/alt/python310/lib64/python3.10/importlib/__init__.py", line 126, in import_module
    return _bootstrap._gcd_import(name[level:], package, level)
  File "<frozen importlib._bootstrap>", line 1050, in _gcd_import
  File "<frozen importlib._bootstrap>", line 1027, in _find_and_load
  File "<frozen importlib._bootstrap>", line 1006, in _find_and_load_unlocked
  File "<frozen importlib._bootstrap>", line 688, in _load_unlocked
  File "<frozen importlib._bootstrap_external>", line 883, in exec_module
  File "<frozen importlib._bootstrap>", line 241, in _call_with_frames_removed
  File "/home/hightech/r2.quantumcoresoftware.com/air/main/urls.py", line 2, in <module>
    from .views import index
  File "/home/hightech/r2.quantumcoresoftware.com/air/main/views.py", line 72
    elif 'service_submit' in request.POST:
    ^^^^
SyntaxError: invalid syntax

During handling of the above exception, another exception occurred:

Traceback (most recent call last):
  File "/home/hightech/virtualenv/r2.quantumcoresoftware.com/air/3.10/lib/python3.10/site-packages/django/core/handlers/wsgi.py", line 124, in __call__
    response = self.get_response(request)
  File "/home/hightech/virtualenv/r2.quantumcoresoftware.com/air/3.10/lib/python3.10/site-packages/django/core/handlers/base.py", line 140, in get_response
    response = self._middleware_chain(request)
  File "/home/hightech/virtualenv/r2.quantumcoresoftware.com/air/3.10/lib/python3.10/site-packages/django/core/handlers/exception.py", line 57, in inner
    response = response_for_exception(request, exc)
  File "/home/hightech/virtualenv/r2.quantumcoresoftware.com/air/3.10/lib/python3.10/site-packages/django/core/handlers/exception.py", line 141, in response_for_exception
    response = handle_uncaught_exception(
  File "/home/hightech/virtualenv/r2.quantumcoresoftware.com/air/3.10/lib/python3.10/site-packages/django/core/handlers/exception.py", line 182, in handle_uncaught_exception
    return debug.technical_500_response(request, *exc_info)
  File "/home/hightech/virtualenv/r2.quantumcoresoftware.com/air/3.10/lib/python3.10/site-packages/django/views/debug.py", line 69, in technical_500_response
    html = reporter.get_traceback_html()
  File "/home/hightech/virtualenv/r2.quantumcoresoftware.com/air/3.10/lib/python3.10/site-packages/django/views/debug.py", line 428, in get_traceback_html
    c = Context(self.get_traceback_data(), use_l10n=False)
  File "/home/hightech/virtualenv/r2.quantumcoresoftware.com/air/3.10/lib/python3.10/site-packages/django/views/debug.py", line 411, in get_traceback_data
    c["raising_view_name"] = get_caller(self.request)
  File "/home/hightech/virtualenv/r2.quantumcoresoftware.com/air/3.10/lib/python3.10/site-packages/django/views/debug.py", line 102, in get_caller
    resolver_match = resolve(request.path)
  File "/home/hightech/virtualenv/r2.quantumcoresoftware.com/air/3.10/lib/python3.10/site-packages/django/urls/base.py", line 25, in resolve
    return get_resolver(urlconf).resolve(path)
  File "/home/hightech/virtualenv/r2.quantumcoresoftware.com/air/3.10/lib/python3.10/site-packages/django/urls/resolvers.py", line 666, in resolve
    for pattern in self.url_patterns:
  File "/home/hightech/virtualenv/r2.quantumcoresoftware.com/air/3.10/lib/python3.10/site-packages/django/utils/functional.py", line 47, in __get__
    res = instance.__dict__[self.name] = self.func(instance)
  File "/home/hightech/virtualenv/r2.quantumcoresoftware.com/air/3.10/lib/python3.10/site-packages/django/urls/resolvers.py", line 718, in url_patterns
    patterns = getattr(self.urlconf_module, "urlpatterns", self.urlconf_module)
  File "/home/hightech/virtualenv/r2.quantumcoresoftware.com/air/3.10/lib/python3.10/site-packages/django/utils/functional.py", line 47, in __get__
    res = instance.__dict__[self.name] = self.func(instance)
  File "/home/hightech/virtualenv/r2.quantumcoresoftware.com/air/3.10/lib/python3.10/site-packages/django/urls/resolvers.py", line 711, in urlconf_module
    return import_module(self.urlconf_name)
  File "/opt/alt/python310/lib64/python3.10/importlib/__init__.py", line 126, in import_module
    return _bootstrap._gcd_import(name[level:], package, level)
  File "<frozen importlib._bootstrap>", line 1050, in _gcd_import
  File "<frozen importlib._bootstrap>", line 1027, in _find_and_load
  File "<frozen importlib._bootstrap>", line 1006, in _find_and_load_unlocked
  File "<frozen importlib._bootstrap>", line 688, in _load_unlocked
  File "<frozen importlib._bootstrap_external>", line 883, in exec_module
  File "<frozen importlib._bootstrap>", line 241, in _call_with_frames_removed
  File "/home/hightech/r2.quantumcoresoftware.com/air/air/urls.py", line 24, in <module>
    path('',include('main.urls'))
  File "/home/hightech/virtualenv/r2.quantumcoresoftware.com/air/3.10/lib/python3.10/site-packages/django/urls/conf.py", line 39, in include
    urlconf_module = import_module(urlconf_module)
  File "/opt/alt/python310/lib64/python3.10/importlib/__init__.py", line 126, in import_module
    return _bootstrap._gcd_import(name[level:], package, level)
  File "<frozen importlib._bootstrap>", line 1050, in _gcd_import
  File "<frozen importlib._bootstrap>", line 1027, in _find_and_load
  File "<frozen importlib._bootstrap>", line 1006, in _find_and_load_unlocked
  File "<frozen importlib._bootstrap>", line 688, in _load_unlocked
  File "<frozen importlib._bootstrap_external>", line 883, in exec_module
  File "<frozen importlib._bootstrap>", line 241, in _call_with_frames_removed
  File "/home/hightech/r2.quantumcoresoftware.com/air/main/urls.py", line 2, in <module>
    from .views import index
  File "/home/hightech/r2.quantumcoresoftware.com/air/main/views.py", line 72
    elif 'service_submit' in request.POST:
    ^^^^
SyntaxError: invalid syntax
Not Found: /favicon.ico
Not Found: /favicon.ico
Not Found: /favicon.ico
Not Found: /favicon.ico
Not Found: /favicon.ico
Not Found: /favicon.ico
Not Found: /favicon.ico
Not Found: /favicon.ico
Not Found: /favicon.ico
Not Found: /favicon.ico
Not Found: /favicon.ico
Not Found: /favicon.ico
Not Found: /favicon.ico
Not Found: /favicon.ico
Not Found: /favicon.ico
Not Found: /favicon.ico
Not Found: /favicon.ico
Not Found: /favicon.ico
Not Found: /favicon.ico
Not Found: /favicon.ico
Not Found: /favicon.ico
Not Found: /favicon.ico
Not Found: /favicon.ico
Not Found: /favicon.ico
Not Found: /favicon.ico
Not Found: /static/css/contact.css
Not Found: /favicon.ico
Not Found: /favicon.ico
[UID:1788][318817] Child process with pid: 319002 was killed by signal: 15, core dumped: no
Not Found: /favicon.ico
Not Found: /favicon.ico
Not Found: /favicon.ico
Not Found: /favicon.ico
Not Found: /favicon.ico
Not Found: /favicon.ico
Not Found: /favicon.ico
Not Found: /favicon.ico
Not Found: /favicon.ico
Not Found: /favicon.ico
Not Found: /favicon.ico
Not Found: /favicon.ico
Not Found: /favicon.ico
Not Found: /favicon.ico
Not Found: /favicon.ico
[UID:1788][417058] Child process with pid: 524987 was killed by signal: 15, core dumped: no
Not Found: /favicon.ico
Internal Server Error: /
Traceback (most recent call last):
  File "/home/hightech/virtualenv/r2.quantumcoresoftware.com/air/3.10/lib/python3.10/site-packages/django/core/handlers/exception.py", line 55, in inner
    response = get_response(request)
  File "/home/hightech/virtualenv/r2.quantumcoresoftware.com/air/3.10/lib/python3.10/site-packages/django/core/handlers/base.py", line 197, in _get_response
    response = wrapped_callback(request, *callback_args, **callback_kwargs)
  File "/home/hightech/r2.quantumcoresoftware.com/air/main/views.py", line 74, in index
    service_inquiry = ServiceInquiry.objects.create(
NameError: name 'ServiceInquiry' is not defined
Not Found: /favicon.ico
Not Found: /favicon.ico
Not Found: /favicon.ico
Not Found: /favicon.ico
Not Found: /favicon.ico
Not Found: /favicon.ico
Not Found: /favicon.ico
Not Found: /static/css/service.css
Not Found: /static/css/blog.css
Not Found: /static/css/contact.css
Not Found: /favicon.ico
Not Found: /favicon.ico
Not Found: /favicon.ico
Not Found: /favicon.ico
Not Found: /favicon.ico
Not Found: /favicon.ico
Not Found: /favicon.ico
Not Found: /favicon.ico
Not Found: /favicon.ico
Not Found: /favicon.ico
Not Found: /favicon.ico
Not Found: /favicon.ico
Not Found: /favicon.ico
Not Found: /favicon.ico
Not Found: /static/css/service.css
Not Found: /static/css/service.css
Not Found: /favicon.ico
Not Found: /static/css/blog.css
Not Found: /static/css/contact.css
Not Found: /static/css/contact.css
Not Found: /favicon.ico
Not Found: /static/css/service.css
Not Found: /favicon.ico
Not Found: /favicon.ico
Not Found: /static/css/service.css
Not Found: /static/css/blog.css
Not Found: /static/css/contact.css
Not Found: /favicon.ico
Not Found: /static/css/contact.css
Not Found: /favicon.ico
Not Found: /static/css/service.css
Not Found: /static/css/service.css
Not Found: /static/css/blog.css
Not Found: /static/css/contact.css
Not Found: /static/img/logo.png
Not Found: /favicon.ico
Not Found: /static/css/contact.css
Not Found: /favicon.ico
Not Found: /static/css/contact.css
Not Found: /favicon.ico
Not Found: /favicon.ico
Not Found: /static/css/contact.css
Not Found: /static/css/contact.css
Not Found: /favicon.ico
Not Found: /static/css/contact.css
Not Found: /favicon.ico
Not Found: /static/css/contact.css
Not Found: /favicon.ico
Not Found: /static/css/contact.css
Not Found: /favicon.ico
Not Found: /favicon.ico
Not Found: /static/css/contact.css
Not Found: /static/css/contact.css
Not Found: /favicon.ico
Not Found: /static/css/contact.css
Not Found: /favicon.ico
Not Found: /static/css/contact.css
Not Found: /favicon.ico
Not Found: /static/css/contact.css
Not Found: /favicon.ico
Not Found: /static/css/contact.css
Not Found: /favicon.ico
Not Found: /favicon.ico
Not Found: /favicon.ico
Not Found: /favicon.ico
Not Found: /favicon.ico
Not Found: /favicon.ico
Not Found: /favicon.ico
Not Found: /favicon.ico
Not Found: /favicon.ico
Not Found: /favicon.ico
Not Found: /favicon.ico
Not Found: /favicon.ico
Not Found: /favicon.ico
Not Found: /favicon.ico
Not Found: /static/css/service.css
Not Found: /static/css/service.css
Not Found: /static/css/blog.css
Not Found: /static/css/contact.css
Not Found: /static/css/service.css
Not Found: /favicon.ico
Not Found: /static/css/service.css
Not Found: /favicon.ico
Not Found: /static/css/service.css
Not Found: /favicon.ico
Not Found: /static/css/service.css
Not Found: /favicon.ico
Not Found: /favicon.ico
Not Found: /favicon.ico
Not Found: /favicon.ico
Not Found: /favicon.ico
Not Found: /favicon.ico
Not Found: /static/css/contact.css
Not Found: /robots.txt
Not Found: /robots.txt
Not Found: /favicon.ico
Not Found: /favicon.ico
Not Found: /favicon.ico
Not Found: /favicon.ico
Not Found: /favicon.ico
Not Found: /favicon.ico
Not Found: /favicon.ico
Not Found: /favicon.ico
Not Found: /favicon.ico
Not Found: /favicon.ico
Not Found: /favicon.ico
Not Found: /robots.txt
Not Found: /apple-touch-icon.png
Not Found: /favicon.ico
Not Found: /apple-touch-icon-precomposed.png
Not Found: /favicon.ico
Not Found: /favicon.ico
Not Found: /robots.txt
Not Found: /robots.txt
Not Found: /favicon.ico
Not Found: /favicon.ico
Not Found: /static/css/service.css
Not Found: /static/css/blog.css
Not Found: /static/css/contact.css
Not Found: /static/css/contact.css
Not Found: /favicon.ico
Not Found: /robots.txt
Not Found: /robots.txt
Not Found: /robots.txt
Not Found: /robots.txt
Not Found: /favicon.ico
Not Found: /static/css/blog.css
Not Found: /static/css/contact.css
Not Found: /robots.txt
Not Found: /robots.txt
Not Found: /static/css/service.css
Not Found: /static/css/blog.css
Not Found: /robots.txt
Not Found: /robots.txt
Not Found: /favicon.ico
Not Found: /robots.txt
Not Found: /robots.txt
Not Found: /robots.txt
Not Found: /robots.txt
Not Found: /favicon.ico
Not Found: /favicon.ico
Not Found: /favicon.ico
Not Found: /favicon.ico
Not Found: /favicon.ico
Not Found: /favicon.ico
Not Found: /favicon.ico
Not Found: /favicon.ico
Not Found: /favicon.ico
Not Found: /favicon.ico
Not Found: /favicon.ico
Not Found: /favicon.ico
Not Found: /robots.txt
Not Found: /robots.txt
Not Found: /favicon.ico
Not Found: /favicon.ico
Not Found: /favicon.ico
Not Found: /favicon.ico
Not Found: /favicon.ico
Not Found: /favicon.ico
Not Found: /favicon.ico
Not Found: /favicon.ico
Not Found: /favicon.ico
Not Found: /static/img/airg.jpeg
Not Found: /static/img/airg.jpeg
Not Found: /favicon.ico
Not Found: /favicon.ico
Not Found: /favicon.ico
Not Found: /favicon.ico
Not Found: /apple-touch-icon-precomposed.png
Not Found: /favicon.ico
Not Found: /apple-touch-icon.png
Not Found: /favicon.ico
Not Found: /favicon.ico
Not Found: /favicon.ico
Not Found: /favicon.ico
Not Found: /favicon.ico
Not Found: /favicon.ico
Not Found: /favicon.ico
Not Found: /favicon.ico
Not Found: /favicon.ico
Not Found: /favicon.ico
Not Found: /favicon.ico
Not Found: /favicon.ico
Not Found: /favicon.ico
Not Found: /favicon.ico
Not Found: /favicon.ico
Not Found: /favicon.ico
Not Found: /favicon.ico
Not Found: /robots.txt
Not Found: /robots.txt
Not Found: /robots.txt
Not Found: /robots.txt
Not Found: /robots.txt
Not Found: /robots.txt
Not Found: /robots.txt
Not Found: /robots.txt
Not Found: /robots.txt
Not Found: /robots.txt
Not Found: /robots.txt
Not Found: /favicon.ico
Not Found: /robots.txt
Not Found: /robots.txt
Not Found: /robots.txt
Not Found: /favicon.ico
Not Found: /favicon.ico
Not Found: /favicon.ico
Not Found: /favicon.ico
Not Found: /favicon.ico
Not Found: /favicon.ico
Not Found: /favicon.ico
Not Found: /favicon.ico
Not Found: /favicon.ico
Not Found: /favicon.ico
Not Found: /favicon.ico
Not Found: /favicon.ico
Not Found: /favicon.ico
Not Found: /favicon.ico
Not Found: /favicon.ico
Not Found: /favicon.ico
Not Found: /favicon.ico
Not Found: /favicon.ico
Not Found: /favicon.ico
Not Found: /favicon.ico
Not Found: /favicon.ico
Not Found: /favicon.ico
Not Found: /favicon.ico
Not Found: /favicon.ico
Not Found: /favicon.ico
Not Found: /favicon.ico
Not Found: /favicon.ico
Not Found: /favicon.ico
Not Found: /favicon.ico
Not Found: /static/css/contact.css
Not Found: /favicon.ico
Not Found: /favicon.ico
Not Found: /favicon.ico
Not Found: /static/css/contact.css
Not Found: /static/css/contact.css
Not Found: /favicon.ico
Not Found: /fan-icon.svg
Not Found: /plug-icon.svg
Not Found: /ac-icon.svg
Not Found: /favicon.ico
Not Found: /favicon.ico
Not Found: /favicon.ico
Not Found: /favicon.ico
Not Found: /favicon.ico
Not Found: /favicon.ico
Not Found: /favicon.ico
Not Found: /favicon.ico
Not Found: /static/css/service.css
Not Found: /favicon.ico
Not Found: /favicon.ico
Not Found: /static/css/contact.css
Not Found: /favicon.ico
Not Found: /favicon.ico
Not Found: /favicon.ico
Not Found: /favicon.ico
Not Found: /favicon.ico
Not Found: /favicon.ico
Not Found: /favicon.ico
Not Found: /static/css/contact.css
Not Found: /favicon.ico
Not Found: /robots.txt
Not Found: /robots.txt
Not Found: /favicon.ico
Not Found: /favicon.ico
Not Found: /favicon.ico
Not Found: /favicon.ico
Not Found: /robots.txt
Not Found: /favicon.ico
Not Found: /favicon.ico
Not Found: /static/css/blog.css
Not Found: /favicon.ico
Not Found: /robots.txt
Not Found: /robots.txt
Not Found: /robots.txt
Not Found: /static/css/contact.css
Not Found: /robots.txt
Not Found: /robots.txt
Not Found: /robots.txt
Not Found: /robots.txt
Not Found: /static/css/service.css
Not Found: /robots.txt
Not Found: /robots.txt
Not Found: /robots.txt
Not Found: /static/css/service.css
Not Found: /robots.txt
Not Found: /robots.txt
Not Found: /robots.txt
Not Found: /robots.txt
Not Found: /robots.txt
Not Found: /favicon.ico
Not Found: /favicon.ico
Not Found: /favicon.ico
Not Found: /robots.txt
Not Found: /robots.txt
Not Found: /robots.txt
Not Found: /robots.txt
Not Found: /robots.txt
Not Found: /robots.txt
Not Found: /js
Not Found: /robots.txt
Not Found: /robots.txt
Not Found: /robots.txt
Not Found: /robots.txt
Not Found: /robots.txt
Not Found: /favicon.ico
Not Found: /robots.txt
Not Found: /robots.txt
Not Found: /wordpress/
Not Found: /robots.txt
Not Found: /wordpress/
Not Found: /robots.txt
Not Found: /favicon.ico
Not Found: /robots.txt
Not Found: /favicon.ico
Not Found: /robots.txt
Not Found: /robots.txt
Not Found: /robots.txt
Not Found: /robots.txt
Not Found: /robots.txt
Not Found: /robots.txt
Not Found: /favicon.ico
Not Found: /robots.txt
Not Found: /robots.txt
Not Found: /favicon.ico
Not Found: /favicon.ico
Not Found: /apple-touch-icon-precomposed.png
Not Found: /apple-touch-icon.png
Not Found: /favicon.ico
Not Found: /robots.txt
Not Found: /robots.txt
Not Found: /robots.txt
Not Found: /robots.txt
Not Found: /static/css/service.css
Not Found: /robots.txt
Not Found: /robots.txt
Not Found: /favicon.ico
Not Found: /favicon.ico
Not Found: /static/css/service.css
Not Found: /favicon.ico
Not Found: /static/css/service.css
Not Found: /static/css/service.css
Not Found: /favicon.ico
Not Found: /favicon.ico
Internal Server Error: /blog/
Traceback (most recent call last):
  File "/home/hightech/virtualenv/r2.quantumcoresoftware.com/air/3.10/lib/python3.10/site-packages/django/core/handlers/exception.py", line 55, in inner
    response = get_response(request)
  File "/home/hightech/virtualenv/r2.quantumcoresoftware.com/air/3.10/lib/python3.10/site-packages/django/core/handlers/base.py", line 197, in _get_response
    response = wrapped_callback(request, *callback_args, **callback_kwargs)
  File "/home/hightech/r2.quantumcoresoftware.com/air/main/views.py", line 143, in blog
    return render(request, 'main/blog.html')
  File "/home/hightech/virtualenv/r2.quantumcoresoftware.com/air/3.10/lib/python3.10/site-packages/django/shortcuts.py", line 25, in render
    content = loader.render_to_string(template_name, context, request, using=using)
  File "/home/hightech/virtualenv/r2.quantumcoresoftware.com/air/3.10/lib/python3.10/site-packages/django/template/loader.py", line 62, in render_to_string
    return template.render(context, request)
  File "/home/hightech/virtualenv/r2.quantumcoresoftware.com/air/3.10/lib/python3.10/site-packages/django/template/backends/django.py", line 107, in render
    return self.template.render(context)
  File "/home/hightech/virtualenv/r2.quantumcoresoftware.com/air/3.10/lib/python3.10/site-packages/django/template/base.py", line 171, in render
    return self._render(context)
  File "/home/hightech/virtualenv/r2.quantumcoresoftware.com/air/3.10/lib/python3.10/site-packages/django/template/base.py", line 163, in _render
    return self.nodelist.render(context)
  File "/home/hightech/virtualenv/r2.quantumcoresoftware.com/air/3.10/lib/python3.10/site-packages/django/template/base.py", line 1016, in render
    return SafeString("".join([node.render_annotated(context) for node in self]))
  File "/home/hightech/virtualenv/r2.quantumcoresoftware.com/air/3.10/lib/python3.10/site-packages/django/template/base.py", line 1016, in <listcomp>
    return SafeString("".join([node.render_annotated(context) for node in self]))
  File "/home/hightech/virtualenv/r2.quantumcoresoftware.com/air/3.10/lib/python3.10/site-packages/django/template/base.py", line 977, in render_annotated
    return self.render(context)
  File "/home/hightech/virtualenv/r2.quantumcoresoftware.com/air/3.10/lib/python3.10/site-packages/django/template/loader_tags.py", line 159, in render
    return compiled_parent._render(context)
  File "/home/hightech/virtualenv/r2.quantumcoresoftware.com/air/3.10/lib/python3.10/site-packages/django/template/base.py", line 163, in _render
    return self.nodelist.render(context)
  File "/home/hightech/virtualenv/r2.quantumcoresoftware.com/air/3.10/lib/python3.10/site-packages/django/template/base.py", line 1016, in render
    return SafeString("".join([node.render_annotated(context) for node in self]))
  File "/home/hightech/virtualenv/r2.quantumcoresoftware.com/air/3.10/lib/python3.10/site-packages/django/template/base.py", line 1016, in <listcomp>
    return SafeString("".join([node.render_annotated(context) for node in self]))
  File "/home/hightech/virtualenv/r2.quantumcoresoftware.com/air/3.10/lib/python3.10/site-packages/django/template/base.py", line 977, in render_annotated
    return self.render(context)
  File "/home/hightech/virtualenv/r2.quantumcoresoftware.com/air/3.10/lib/python3.10/site-packages/django/template/defaulttags.py", line 480, in render
    url = reverse(view_name, args=args, kwargs=kwargs, current_app=current_app)
  File "/home/hightech/virtualenv/r2.quantumcoresoftware.com/air/3.10/lib/python3.10/site-packages/django/urls/base.py", line 98, in reverse
    resolved_url = resolver._reverse_with_prefix(view, prefix, *args, **kwargs)
  File "/home/hightech/virtualenv/r2.quantumcoresoftware.com/air/3.10/lib/python3.10/site-packages/django/urls/resolvers.py", line 831, in _reverse_with_prefix
    raise NoReverseMatch(msg)
django.urls.exceptions.NoReverseMatch: Reverse for 'special' not found. 'special' is not a valid view function or pattern name.
Not Found: /static/css/blog.css
Not Found: /static/css/blog.css
Not Found: /static/css/contact.css
Not Found: /static/css/contact.css
Not Found: /static/css/contact.css
Not Found: /static/css/contact.css
Not Found: /static/css/contact.css
Not Found: /static/css/contact.css
Not Found: /static/css/contact.css
Not Found: /static/css/contact.css
Not Found: /static/images/fan2.jpeg
Not Found: /static/images/fan1.jpeg
Not Found: /favicon.ico
Internal Server Error: /product/
Traceback (most recent call last):
  File "/home/hightech/virtualenv/r2.quantumcoresoftware.com/air/3.10/lib/python3.10/site-packages/django/core/handlers/exception.py", line 55, in inner
    response = get_response(request)
  File "/home/hightech/virtualenv/r2.quantumcoresoftware.com/air/3.10/lib/python3.10/site-packages/django/core/handlers/base.py", line 197, in _get_response
    response = wrapped_callback(request, *callback_args, **callback_kwargs)
  File "/home/hightech/r2.quantumcoresoftware.com/air/main/views.py", line 141, in product
    return render(request, 'main/product.html')
  File "/home/hightech/virtualenv/r2.quantumcoresoftware.com/air/3.10/lib/python3.10/site-packages/django/shortcuts.py", line 25, in render
    content = loader.render_to_string(template_name, context, request, using=using)
  File "/home/hightech/virtualenv/r2.quantumcoresoftware.com/air/3.10/lib/python3.10/site-packages/django/template/loader.py", line 61, in render_to_string
    template = get_template(template_name, using=using)
  File "/home/hightech/virtualenv/r2.quantumcoresoftware.com/air/3.10/lib/python3.10/site-packages/django/template/loader.py", line 19, in get_template
    raise TemplateDoesNotExist(template_name, chain=chain)
django.template.exceptions.TemplateDoesNotExist: main/product.html
Not Found: /robots.txt
Not Found: /static/img/p1.jpeg' %7D/static/img/p1.jpeg'%20%%7D
Not Found: /static/css/service.css
Not Found: /static/css/service.css
Not Found: /static/css/service.css
Not Found: /air_conditioner/
Not Found: /air_conditioner_installation/
Not Found: /air_conditioner_installation/
Not Found: /air_conditioner_installation/
Not Found: /air_conditioner_installation/
Not Found: /air_conditioner_installation/
Not Found: /static/img/ac-install.jpg
Not Found: /static/img/ac-install.jpg
Not Found: /static/img/ac-install.jpg
Not Found: /favicon.ico
Not Found: /static/css/service.css
Not Found: /electrical_appliance_repair/
Not Found: /electrical_appliance_repair/
Not Found: /electrical_appliance_repair/
Not Found: /electrical_appliance_repair/
Not Found: /electrical_appliance_repair/
Not Found: /electrical_appliance_repair/
Not Found: /electrical_appliance_repair/
Not Found: /electrical_appliance_repair/
Not Found: /electrical_appliance_repair/
Not Found: /electrical_appliance_repair/
Not Found: /electrical_appliance_repair/
Not Found: /electrical_appliance_repair/
Not Found: /static/img/electrical-appliance-install.jpg
Not Found: /static/img/electrical-appliance.jpg
Not Found: /favicon.ico
Not Found: /static/img/electrical-appliance.jpg
Not Found: /favicon.ico
Not Found: /static/css/service.css
Not Found: /new_switchboard_installation/
Not Found: /static/img/switchboard.jpg
Not Found: /static/img/switchboard.jpg
Not Found: /static/img/electrical-appliance.jpg
Not Found: /static/img/fan.jpg
Not Found: /static/img/fan.jpg
Not Found: /static/img/fan.jpg
Not Found: /static/img/fan.jpg
Not Found: /static/img/fan.jpg
Not Found: /static/img/powerpoints.jpg
Not Found: /static/img/powerpoints.jpg
Not Found: /fan_supply_installation/
Not Found: /static/img/fan.jpg
Not Found: /light-repair-installation/
Not Found: /light-repair-installation/
Not Found: /light-repair-installation/
Not Found: /light-repair-installation/
Not Found: /light-repair-installation/
Not Found: /light-repair-installation/
Not Found: /light-repair-installation/
Not Found: /light-repair-installation/
Not Found: /light-repair-installation/
Not Found: /light-repair-installation/
Not Found: /light-repair-installation/
Not Found: /light-repair-installation/
Not Found: /light-repair-installation/
Not Found: /light-repair-installation/
Not Found: /static/img/light.jpg
Not Found: /shed-granny-flat-power-connection/
Not Found: /shed-granny-flat-power-connection/
Not Found: /favicon.ico
Not Found: /static/img/shed-granny-install.jpg
Not Found: /static/img/shed-granny.jpg
Not Found: /static/img/shed-granny.jpg
Not Found: /static/img/shed-granny.jpg
Not Found: /static/img/indoor-outdoor.jpg
Not Found: /emergency-call-outs/
Not Found: /emergency-call-outs/
Not Found: /static/img/emergency.jpg
Not Found: /static/img/emergency.jpg
Not Found: /static/img/emergency.jpg
Not Found: /favicon.ico
Not Found: /static/img/emergency.jpg
Not Found: /static/css/service.css
Not Found: /static/css/service.css
Not Found: /favicon.ico
Not Found: /static/css/service.css
Not Found: /static/css/service.css
Not Found: /static/css/service.css
Not Found: /static/css/service.css
Not Found: /static/css/service.css
Not Found: /static/css/service.css
Not Found: /static/css/service.css
Not Found: /favicon.ico
Not Found: /static/css/service.css
Not Found: /static/css/service.css
Not Found: /static/img/powerpoints.jpg
[UID:1788][2655737] Child process with pid: 2655787 was killed by signal: 15, core dumped: no
Not Found: /favicon.ico
Not Found: /favicon.ico
Not Found: /static/css/service.css
Not Found: /static/css/service.css
Not Found: /static/css/service.css
Not Found: /favicon.ico
Not Found: /favicon.ico
Not Found: /static/css/service.css
Not Found: /static/css/service.css
Not Found: /favicon.ico
Not Found: /favicon.ico
Not Found: /favicon.ico
Not Found: /favicon.ico
Not Found: /favicon.ico
Not Found: /favicon.ico
Not Found: /favicon.ico
Not Found: /static/img/shed-granny.jpg
Not Found: /favicon.ico
Not Found: /favicon.ico
Not Found: /static/img/switchboard.jpg
Not Found: /favicon.ico
Not Found: /favicon.ico
Not Found: /static/img/electrical-appliance.jpg
Not Found: /favicon.ico
Not Found: /favicon.ico
Not Found: /static/img/electrical-appliance.jpg
Not Found: /favicon.ico
Not Found: /favicon.ico
Not Found: /favicon.ico
Not Found: /static/img/fan.jpg
Not Found: /favicon.ico
Not Found: /favicon.ico
Not Found: /favicon.ico
Not Found: /static/img/switchboard.jpg
Not Found: /favicon.ico
Not Found: /static/img/powerpoints.jpg
Not Found: /static/img/electrical-appliance.jpg
Not Found: /robots.txt
Not Found: /robots.txt
Not Found: /robots.txt
Not Found: /robots.txt
Not Found: /favicon.ico
Not Found: /static/css/service.css
Not Found: /static/css/contact.css
Not Found: /static/css/contact.css
Not Found: /static/css/contact.css
Not Found: /static/css/contact.css
Not Found: /favicon.ico
Not Found: /static/img/switchboard.jpg
Not Found: /favicon.ico
Not Found: /favicon.ico
Not Found: /static/img/switchboard.jpg
Not Found: /favicon.ico
Not Found: /favicon.ico
Not Found: /favicon.ico
Not Found: /favicon.ico
Not Found: /favicon.ico
Not Found: /favicon.ico
Not Found: /apple-touch-icon-precomposed.png
Not Found: /apple-touch-icon.png
Not Found: /favicon.ico
Not Found: /favicon.ico
Not Found: /favicon.ico
Not Found: /favicon.ico
Not Found: /favicon.ico
Not Found: /logo.png
Not Found: /logo.png
Not Found: /logo.png
Not Found: /favicon.ico
Not Found: /favicon.ico
Not Found: /favicon.ico
Not Found: /favicon.ico
Not Found: /favicon.ico
Not Found: /favicon.ico
Not Found: /favicon.ico
Not Found: /favicon.ico
Not Found: /favicon.ico
Not Found: /favicon.ico
Not Found: /favicon.ico
Not Found: /favicon.ico
Not Found: /favicon.ico
Not Found: /favicon.ico
Not Found: /favicon.ico
Not Found: /favicon.ico
Not Found: /favicon.ico
Not Found: /favicon.ico
Not Found: /favicon.ico
Not Found: /favicon.ico
Not Found: /favicon.ico
Not Found: /favicon.ico
Not Found: /favicon.ico
Not Found: /favicon.ico
Not Found: /favicon.ico
Not Found: /favicon.ico
Not Found: /favicon.ico
Not Found: /favicon.ico
Not Found: /favicon.ico
Not Found: /favicon.ico
Not Found: /favicon.ico
Not Found: /static/img/switchboard.jpg
Not Found: /static/img/powerpoints.jpg
Not Found: /static/img/shed-granny.jpg
Not Found: /static/img/emergency.jpg
Not Found: /static/img/electrical-appliance.jpg
Not Found: /static/img/fan.jpg
Not Found: /static/img/light.jpg
Not Found: /static/img/indoor-outdoor.jpg
Not Found: /favicon.ico
Not Found: /favicon.ico
Not Found: /favicon.ico
Not Found: /favicon.ico
Not Found: /favicon.ico
Not Found: /favicon.ico
Not Found: /favicon.ico
Not Found: /favicon.ico
Not Found: /favicon.ico
Not Found: /favicon.ico
Not Found: /favicon.ico
Not Found: /favicon.ico
Not Found: /favicon.ico
Not Found: /static/css/contact.css
Not Found: /static/css/contact.css
Not Found: /static/css/contact.css
Not Found: /static/css/contact.css
Not Found: /static/css/contact.css
Not Found: /static/css/contact.css
Not Found: /static/css/contact.css
Not Found: /static/css/contact.css
Not Found: /static/css/contact.css
Not Found: /favicon.ico
Not Found: /static/img/switchboard.jpg
Not Found: /static/img/powerpoints.jpg
Not Found: /robots.txt
Not Found: /robots.txt
Not Found: /robots.txt
Not Found: /favicon.ico
Not Found: /favicon.ico
Not Found: /static/img/shed-granny.jpg
Not Found: /static/img/electrical-appliance.jpg
Not Found: /static/img/switchboard.jpg
Not Found: /favicon.ico
Not Found: /favicon.ico
Not Found: /robots.txt
Not Found: /robots.txt
Not Found: /robots.txt
Not Found: /favicon.ico
Not Found: /static/img/switchboard.jpg
Not Found: /static/img/powerpoints.jpg
Not Found: /static/img/emergency.jpg
Not Found: /static/img/indoor-outdoor.jpg
Not Found: /static/img/electrical-appliance.jpg
Not Found: /favicon.ico
Not Found: /static/img/ac.jpg
Not Found: /static/img/din.jpg
Not Found: /static/img/abot.jpg
Not Found: /static/img/abtt.jpg
Not Found: /static/img/wiring.jpg
Not Found: /static/img/Air-conditioning-installation.jpg
Not Found: /static/img/lighting.jpg
Not Found: /static/img/smarthomee.jpg
Not Found: /static/img/airg.jpg
Not Found: /static/img/wiring.jpeg
Not Found: /static/img/kitchenn.jpg
Not Found: /static/img/banner-img.jpg
Not Found: /static/img/din.jpg
Not Found: /static/img/ac.jpg
Not Found: /favicon.ico
Not Found: /static/img/din.jpg
Not Found: /static/img/ac.jpg
Not Found: /static/img/ac.jpg
Not Found: /static/img/din.jpg
Not Found: /static/img/abot.jpg
Not Found: /static/img/abtt.jpg
Not Found: /static/img/wiring.jpg
Not Found: /static/img/airg.jpg
Not Found: /static/img/Air-conditioning-installation.jpg
Not Found: /static/img/smarthomee.jpg
Not Found: /static/img/kitchenn.jpg
Not Found: /static/img/wiring.jpeg
Not Found: /static/img/lighting.jpg
Not Found: /static/img/banner-img.jpg
Not Found: /static/img/ac.jpg
Not Found: /static/img/din.jpg
Not Found: /favicon.ico
Not Found: /static/img/ac.jpg
Not Found: /static/img/abtt.jpg
Not Found: /static/img/abot.jpg
Not Found: /static/img/airg.jpg
Not Found: /static/img/kitchenn.jpg
Not Found: /static/img/wiring.jpg
Not Found: /static/img/lighting.jpg
Not Found: /static/img/smarthomee.jpg
Not Found: /static/img/wiring.jpeg
Not Found: /static/img/Air-conditioning-installation.jpg
Not Found: /static/img/din.jpg
Not Found: /static/img/banner-img.jpg
Not Found: /static/img/ac.jpg
Not Found: /static/img/din.jpg
Not Found: /static/img/abtt.jpg
Not Found: /static/img/airg.jpg
Not Found: /static/img/wiring.jpg
Not Found: /static/img/abot.jpg
Not Found: /static/img/smarthomee.jpg
Not Found: /static/img/Air-conditioning-installation.jpg
Not Found: /static/img/wiring.jpeg
Not Found: /static/img/lighting.jpg
Not Found: /static/img/ac.jpg
Not Found: /static/img/kitchenn.jpg
Not Found: /static/img/din.jpg
Not Found: /static/img/airg.jpg
Not Found: /static/img/wiring.jpg
Not Found: /static/img/smarthomee.jpg
Not Found: /static/img/kitchenn.jpg
Not Found: /static/img/abtt.jpg
Not Found: /static/img/Air-conditioning-installation.jpg
Not Found: /static/img/ac.jpg
Not Found: /static/img/wiring.jpeg
Not Found: /static/img/lighting.jpg
Not Found: /static/img/abot.jpg
Not Found: /static/img/din.jpg
Not Found: /static/img/banner-img.jpg
Not Found: /static/img/ac.jpg
Not Found: /static/img/abot.jpg
Not Found: /static/img/smarthomee.jpg
Not Found: /static/img/Air-conditioning-installation.jpg
Not Found: /static/img/wiring.jpeg
Not Found: /static/img/lighting.jpg
Not Found: /static/img/ac.jpg
Not Found: /static/img/kitchenn.jpg
Not Found: /static/img/wiring.jpg
Not Found: /static/img/airg.jpg
Not Found: /static/img/din.jpg
Not Found: /static/img/abtt.jpg
Not Found: /static/img/ac.jpg
Not Found: /static/img/wiring.jpg
Not Found: /static/img/kitchenn.jpg
Not Found: /static/img/smarthomee.jpg
Not Found: /static/img/Air-conditioning-installation.jpg
Not Found: /static/img/wiring.jpeg
Not Found: /static/img/lighting.jpg
Not Found: /static/img/banner-img.jpg
Not Found: /static/img/ac.jpg
Not Found: /static/img/din.jpg
Not Found: /static/img/airg.jpg
Not Found: /static/img/abtt.jpg
Not Found: /static/img/abot.jpg
Not Found: /static/img/wiring.jpg
Not Found: /static/img/kitchenn.jpg
Not Found: /static/img/smarthomee.jpg
Not Found: /static/img/Air-conditioning-installation.jpg
Not Found: /static/img/ac.jpg
Not Found: /static/img/abot.jpg
Not Found: /static/img/din.jpg
Not Found: /static/img/airg.jpg
Not Found: /static/img/abtt.jpg
Not Found: /static/img/lighting.jpg
Not Found: /static/img/wiring.jpeg
Not Found: /static/img/banner-img.jpg
Not Found: /static/img/din.jpg
Not Found: /static/img/ac.jpg
Not Found: /static/img/wiring.jpg
Not Found: /static/img/kitchenn.jpg
Not Found: /static/img/smarthomee.jpg
Not Found: /static/img/ac.jpg
Not Found: /static/img/wiring.jpeg
Not Found: /static/img/Air-conditioning-installation.jpg
Not Found: /static/img/abot.jpg
Not Found: /static/img/lighting.jpg
Not Found: /static/img/din.jpg
Not Found: /static/img/abtt.jpg
Not Found: /static/img/airg.jpg
Not Found: /static/img/banner-img.jpg
Not Found: /static/img/ac.jpg
Not Found: /static/img/din.jpg
Not Found: /static/img/airg.jpg
Not Found: /static/img/wiring.jpg
Not Found: /static/img/din.jpg
Not Found: /static/img/Air-conditioning-installation.jpg
Not Found: /static/img/smarthomee.jpg
Not Found: /static/img/abtt.jpg
Not Found: /static/img/lighting.jpg
Not Found: /static/img/wiring.jpeg
Not Found: /static/img/ac.jpg
Not Found: /static/img/abot.jpg
Not Found: /static/img/kitchenn.jpg
Not Found: /static/img/din.jpg
Not Found: /static/img/banner-img.jpg
Not Found: /static/img/ac.jpg
Not Found: /static/img/kitchenn.jpg
Not Found: /static/img/smarthomee.jpg
Not Found: /static/img/Air-conditioning-installation.jpg
Not Found: /static/img/wiring.jpeg
Not Found: /static/img/lighting.jpg
Not Found: /static/img/ac.jpg
Not Found: /static/img/airg.jpg
Not Found: /static/img/abtt.jpg
Not Found: /static/img/abot.jpg
Not Found: /static/img/wiring.jpg
Not Found: /static/img/din.jpg
Not Found: /static/img/ac.jpg
Not Found: /static/img/abot.jpg
Not Found: /static/img/din.jpg
Not Found: /static/img/abtt.jpg
Not Found: /static/img/airg.jpg
Not Found: /static/img/kitchenn.jpg
Not Found: /static/img/wiring.jpg
Not Found: /static/img/smarthomee.jpg
Not Found: /static/img/Air-conditioning-installation.jpg
Not Found: /static/img/lighting.jpg
Not Found: /static/img/banner-img.jpg
Not Found: /static/img/wiring.jpeg
Not Found: /static/img/din.jpg
Not Found: /static/img/ac.jpg
Not Found: /static/img/airg.jpg
Not Found: /static/img/wiring.jpg
Not Found: /static/img/kitchenn.jpg
Not Found: /static/img/smarthomee.jpg
Not Found: /static/img/Air-conditioning-installation.jpg
Not Found: /static/img/wiring.jpeg
Not Found: /static/img/lighting.jpg
Not Found: /static/img/banner-img.jpg
Not Found: /static/img/ac.jpg
Not Found: /static/img/abot.jpg
Not Found: /static/img/abtt.jpg
Not Found: /static/img/din.jpg
Not Found: /static/img/ac.jpg
Not Found: /static/img/din.jpg
Not Found: /static/img/abtt.jpg
Not Found: /static/img/abot.jpg
Not Found: /static/img/airg.jpg
Not Found: /static/img/smarthomee.jpg
Not Found: /static/img/wiring.jpg
Not Found: /static/img/kitchenn.jpg
Not Found: /static/img/lighting.jpg
Not Found: /static/img/Air-conditioning-installation.jpg
Not Found: /static/img/wiring.jpeg
Not Found: /static/img/banner-img.jpg
Not Found: /static/img/ac.jpg
Not Found: /static/img/din.jpg
Not Found: /static/img/airg.jpg
Not Found: /static/img/wiring.jpg
Not Found: /static/img/smarthomee.jpg
Not Found: /static/img/kitchenn.jpg
Not Found: /static/img/din.jpg
Not Found: /static/img/ac.jpg
Not Found: /static/img/abtt.jpg
Not Found: /static/img/wiring.jpeg
Not Found: /static/img/Air-conditioning-installation.jpg
Not Found: /static/img/lighting.jpg
Not Found: /static/img/abot.jpg
Not Found: /static/img/banner-img.jpg
Not Found: /static/img/ac.jpg
Not Found: /static/img/din.jpg
Not Found: /static/img/abot.jpg
Not Found: /static/img/ac.jpg
Not Found: /static/img/din.jpg
Not Found: /static/img/Air-conditioning-installation.jpg
Not Found: /static/img/wiring.jpeg
Not Found: /static/img/lighting.jpg
Not Found: /static/img/ac.jpg
Not Found: /static/img/din.jpg
Not Found: /static/img/smarthomee.jpg
Not Found: /static/img/airg.jpg
Not Found: /static/img/wiring.jpg
Not Found: /static/img/kitchenn.jpg
Not Found: /static/img/abtt.jpg
Not Found: /static/img/ac.jpg
Not Found: /static/img/kitchenn.jpg
Not Found: /static/img/din.jpg
Not Found: /static/img/airg.jpg
Not Found: /static/img/smarthomee.jpg
Not Found: /static/img/Air-conditioning-installation.jpg
Not Found: /static/img/wiring.jpeg
Not Found: /static/img/lighting.jpg
Not Found: /static/img/wiring.jpg
Not Found: /static/img/abtt.jpg
Not Found: /static/img/abot.jpg
Not Found: /static/img/ac.jpg
Not Found: /static/img/din.jpg
Not Found: /static/img/airg.jpg
Not Found: /static/img/abot.jpg
Not Found: /static/img/din.jpg
Not Found: /static/img/abtt.jpg
Not Found: /static/img/wiring.jpg
Not Found: /static/img/smarthomee.jpg
Not Found: /static/img/Air-conditioning-installation.jpg
Not Found: /static/img/wiring.jpeg
Not Found: /static/img/lighting.jpg
Not Found: /static/img/kitchenn.jpg
Not Found: /static/img/ac.jpg
Not Found: /static/img/banner-img.jpg
Not Found: /static/img/din.jpg
Not Found: /static/img/wiring.jpg
Not Found: /static/img/kitchenn.jpg
Not Found: /static/img/smarthomee.jpg
Not Found: /static/img/Air-conditioning-installation.jpg
Not Found: /static/img/wiring.jpeg
Not Found: /static/img/lighting.jpg
Not Found: /static/img/abtt.jpg
Not Found: /static/img/ac.jpg
Not Found: /static/img/din.jpg
Not Found: /static/img/abot.jpg
Not Found: /static/img/airg.jpg
Not Found: /static/img/banner-img.jpg
Not Found: /static/img/din.jpg
Not Found: /static/img/abot.jpg
Not Found: /static/img/abtt.jpg
Not Found: /static/img/Air-conditioning-installation.jpg
Not Found: /static/img/wiring.jpeg
Not Found: /static/img/lighting.jpg
Not Found: /static/img/banner-img.jpg
Not Found: /static/img/din.jpg
Not Found: /static/img/wiring.jpg
Not Found: /static/img/airg.jpg
Not Found: /static/img/ac.jpg
Not Found: /static/img/kitchenn.jpg
Not Found: /static/img/smarthomee.jpg
Not Found: /static/img/wiring.jpg
Not Found: /static/img/kitchenn.jpg
Not Found: /static/img/smarthomee.jpg
Not Found: /static/img/Air-conditioning-installation.jpg
Not Found: /static/img/wiring.jpeg
Not Found: /static/img/ac.jpg
Not Found: /static/img/abot.jpg
Not Found: /static/img/lighting.jpg
Not Found: /static/img/din.jpg
Not Found: /static/img/airg.jpg
Not Found: /static/img/abtt.jpg
Not Found: /static/img/banner-img.jpg
Not Found: /static/img/abot.jpg
Not Found: /static/img/din.jpg
Not Found: /static/img/wiring.jpg
Not Found: /static/img/airg.jpg
Not Found: /static/img/kitchenn.jpg
Not Found: /static/img/Air-conditioning-installation.jpg
Not Found: /static/img/smarthomee.jpg
Not Found: /static/img/wiring.jpeg
Not Found: /static/img/lighting.jpg
Not Found: /static/img/abtt.jpg
Not Found: /static/img/ac.jpg
Not Found: /static/img/din.jpg
Not Found: /static/img/airg.jpg
Not Found: /static/img/abot.jpg
Not Found: /static/img/kitchenn.jpg
Not Found: /static/img/wiring.jpg
Not Found: /static/img/ac.jpg
Not Found: /static/img/Air-conditioning-installation.jpg
Not Found: /static/img/smarthomee.jpg
Not Found: /static/img/wiring.jpeg
Not Found: /static/img/lighting.jpg
Not Found: /static/img/din.jpg
Not Found: /static/img/abtt.jpg
Not Found: /static/img/din.jpg
Not Found: /static/img/ac.jpg
Not Found: /static/img/abot.jpg
Not Found: /static/img/kitchenn.jpg
Not Found: /static/img/airg.jpg
Not Found: /static/img/Air-conditioning-installation.jpg
Not Found: /static/img/lighting.jpg
Not Found: /static/img/wiring.jpg
Not Found: /static/img/wiring.jpeg
Not Found: /static/img/abtt.jpg
Not Found: /static/img/smarthomee.jpg
Not Found: /static/img/banner-img.jpg
Not Found: /static/img/din.jpg
Not Found: /static/img/ac.jpg
Not Found: /favicon.ico
Not Found: /static/img/ac.jpg
Not Found: /static/img/din.jpg
Not Found: /static/img/ac.jpg
Not Found: /static/img/din.jpg
Not Found: /static/img/wiring.jpg
Not Found: /static/img/kitchenn.jpg
Not Found: /static/img/abtt.jpg
Not Found: /static/img/smarthomee.jpg
Not Found: /static/img/Air-conditioning-installation.jpg
Not Found: /static/img/airg.jpg
Not Found: /static/img/abot.jpg
Not Found: /static/img/ac.jpg
Not Found: /static/img/din.jpg
Not Found: /static/img/lighting.jpg
Not Found: /static/img/wiring.jpeg
Not Found: /static/img/banner-img.jpg
Not Found: /static/img/din.jpg
Not Found: /static/img/abot.jpg
Not Found: /static/img/smarthomee.jpg
Not Found: /static/img/Air-conditioning-installation.jpg
Not Found: /static/img/wiring.jpeg
Not Found: /static/img/lighting.jpg
Not Found: /static/img/banner-img.jpg
Not Found: /static/img/din.jpg
Not Found: /static/img/airg.jpg
Not Found: /static/img/abtt.jpg
Not Found: /static/img/kitchenn.jpg
Not Found: /static/img/ac.jpg
Not Found: /static/img/wiring.jpg
Not Found: /static/img/ac.jpg
Not Found: /static/img/kitchenn.jpg
Not Found: /static/img/smarthomee.jpg
Not Found: /static/img/wiring.jpg
Not Found: /static/img/abtt.jpg
Not Found: /static/img/din.jpg
Not Found: /static/img/airg.jpg
Not Found: /static/img/wiring.jpeg
Not Found: /static/img/lighting.jpg
Not Found: /static/img/Air-conditioning-installation.jpg
Not Found: /static/img/abot.jpg
Not Found: /static/img/ac.jpg
Not Found: /static/img/airg.jpg
Not Found: /static/img/kitchenn.jpg
Not Found: /static/img/wiring.jpg
Not Found: /static/img/smarthomee.jpg
Not Found: /static/img/Air-conditioning-installation.jpg
Not Found: /static/img/wiring.jpeg
Not Found: /static/img/lighting.jpg
Not Found: /static/img/din.jpg
Not Found: /static/img/abtt.jpg
Not Found: /static/img/abot.jpg
Not Found: /static/img/ac.jpg
Not Found: /static/img/abtt.jpg
Not Found: /static/img/kitchenn.jpg
Not Found: /static/img/din.jpg
Not Found: /static/img/abot.jpg
Not Found: /static/img/airg.jpg
Not Found: /static/img/ac.jpg
Not Found: /static/img/smarthomee.jpg
Not Found: /static/img/wiring.jpg
Not Found: /static/img/wiring.jpeg
Not Found: /static/img/Air-conditioning-installation.jpg
Not Found: /static/img/lighting.jpg
Not Found: /static/img/abot.jpg
Not Found: /static/img/din.jpg
Not Found: /static/img/kitchenn.jpg
Not Found: /static/img/wiring.jpg
Not Found: /static/img/airg.jpg
Not Found: /static/img/Air-conditioning-installation.jpg
Not Found: /static/img/wiring.jpeg
Not Found: /static/img/lighting.jpg
Not Found: /static/img/ac.jpg
Not Found: /static/img/abtt.jpg
Not Found: /static/img/smarthomee.jpg
Not Found: /static/img/banner-img.jpg
Not Found: /static/img/ac.jpg
Not Found: /static/img/din.jpg
Not Found: /favicon.ico
Not Found: /static/img/ac.jpg
Not Found: /static/img/din.jpg
Not Found: /static/img/abtt.jpg
Not Found: /static/img/airg.jpg
Not Found: /static/img/kitchenn.jpg
Not Found: /static/img/din.jpg
Not Found: /static/img/wiring.jpg
Not Found: /static/img/smarthomee.jpg
Not Found: /static/img/wiring.jpeg
Not Found: /static/img/Air-conditioning-installation.jpg
Not Found: /static/img/lighting.jpg
Not Found: /static/img/banner-img.jpg
Not Found: /static/img/din.jpg
Not Found: /static/img/ac.jpg
Not Found: /static/img/abot.jpg
Not Found: /static/img/wiring.jpg
Not Found: /static/img/kitchenn.jpg
Not Found: /static/img/smarthomee.jpg
Not Found: /static/img/Air-conditioning-installation.jpg
Not Found: /static/img/din.jpg
Not Found: /static/img/ac.jpg
Not Found: /static/img/wiring.jpeg
Not Found: /static/img/abtt.jpg
Not Found: /static/img/lighting.jpg
Not Found: /static/img/airg.jpg
Not Found: /static/img/abot.jpg
Not Found: /static/img/banner-img.jpg
Not Found: /static/img/airg.jpg
Not Found: /static/img/wiring.jpg
Not Found: /static/img/kitchenn.jpg
Not Found: /static/img/wiring.jpeg
Not Found: /static/img/smarthomee.jpg
Not Found: /static/img/Air-conditioning-installation.jpg
Not Found: /static/img/lighting.jpg
Not Found: /static/img/din.jpg
Not Found: /static/img/abot.jpg
Not Found: /static/img/abtt.jpg
Not Found: /static/img/banner-img.jpg
Not Found: /static/img/abot.jpg
Not Found: /static/img/kitchenn.jpg
Not Found: /static/img/smarthomee.jpg
Not Found: /static/img/abtt.jpg
Not Found: /static/img/Air-conditioning-installation.jpg
Not Found: /static/img/wiring.jpg
Not Found: /static/img/lighting.jpg
Not Found: /static/img/wiring.jpeg
Not Found: /static/img/airg.jpg
Not Found: /static/img/abtt.jpg
Not Found: /static/img/kitchenn.jpg
Not Found: /static/img/smarthomee.jpg
Not Found: /static/img/wiring.jpeg
Not Found: /static/img/Air-conditioning-installation.jpg
Not Found: /static/img/lighting.jpg
Not Found: /static/img/wiring.jpg
Not Found: /static/img/airg.jpg
Not Found: /static/img/abot.jpg
Not Found: /static/img/airg.jpg
Not Found: /static/img/wiring.jpg
Not Found: /static/img/abot.jpg
Not Found: /static/img/kitchenn.jpg
Not Found: /static/img/Air-conditioning-installation.jpg
Not Found: /static/img/lighting.jpg
Not Found: /static/img/smarthomee.jpg
Not Found: /static/img/wiring.jpeg
Not Found: /static/img/abtt.jpg
Not Found: /static/img/banner-img.jpg
Not Found: /static/img/smarthomee.jpg
Not Found: /static/img/Air-conditioning-installation.jpg
Not Found: /static/img/wiring.jpeg
Not Found: /static/img/abot.jpg
Not Found: /static/img/airg.jpg
Not Found: /static/img/lighting.jpg
Not Found: /static/img/abtt.jpg
Not Found: /static/img/wiring.jpg
Not Found: /static/img/kitchenn.jpg
Not Found: /static/img/wiring.jpg
Not Found: /static/img/kitchenn.jpg
Not Found: /static/img/Air-conditioning-installation.jpg
Not Found: /static/img/abtt.jpg
Not Found: /static/img/smarthomee.jpg
Not Found: /static/img/airg.jpg
Not Found: /static/img/wiring.jpeg
Not Found: /static/img/abot.jpg
Not Found: /static/img/lighting.jpg
Not Found: /static/img/banner-img.jpg
Not Found: /static/img/airg.jpg
Not Found: /static/img/wiring.jpg
Not Found: /static/img/abot.jpg
Not Found: /static/img/Air-conditioning-installation.jpg
Not Found: /static/img/kitchenn.jpg
Not Found: /static/img/smarthomee.jpg
Not Found: /static/img/lighting.jpg
Not Found: /static/img/wiring.jpeg
Not Found: /static/img/abtt.jpg
Not Found: /static/img/wiring.jpg
Not Found: /static/img/abtt.jpg
Not Found: /static/img/Air-conditioning-installation.jpg
Not Found: /static/img/kitchenn.jpg
Not Found: /static/img/smarthomee.jpg
Not Found: /static/img/lighting.jpg
Not Found: /static/img/wiring.jpeg
Not Found: /static/img/airg.jpg
Not Found: /static/img/abot.jpg
Not Found: /static/img/banner-img.jpg
Not Found: /static/img/kitchenn.jpg
Not Found: /static/img/wiring.jpg
Not Found: /static/img/smarthomee.jpg
Not Found: /static/img/Air-conditioning-installation.jpg
Not Found: /static/img/wiring.jpeg
Not Found: /static/img/lighting.jpg
Not Found: /static/img/airg.jpg
Not Found: /static/img/about-mayday-small.jpg
Not Found: /static/img/about-mayday.jpg
Not Found: /static/img/banner-img.jpg
Not Found: /static/img/about-mayday.jpg
Not Found: /static/img/about-mayday-small.jpg
Not Found: /static/img/wiring.jpeg
Not Found: /static/img/lighting.jpg
Not Found: /static/img/banner-img.jpg
Not Found: /static/img/Air-conditioning-installation.jpg
Not Found: /static/img/kitchenn.jpg
Not Found: /static/img/smarthomee.jpg
Not Found: /static/img/airg.jpg
Not Found: /static/img/wiring.jpg
Not Found: /static/img/about-mayday.jpg
Not Found: /static/img/airg.jpg
Not Found: /static/img/wiring.jpg
Not Found: /static/img/wiring.jpeg
Not Found: /static/img/kitchenn.jpg
Not Found: /static/img/lighting.jpg
Not Found: /static/img/Air-conditioning-installation.jpg
Not Found: /static/img/smarthomee.jpg
Not Found: /static/img/about-mayday-small.jpg
Not Found: /static/img/kitchenn.jpg
Not Found: /static/img/smarthomee.jpg
Not Found: /static/img/Air-conditioning-installation.jpg
Not Found: /static/img/wiring.jpeg
Not Found: /static/img/wiring.jpg
Not Found: /static/img/lighting.jpg
Not Found: /static/img/about-mayday.jpg
Not Found: /static/img/airg.jpg
Not Found: /static/img/banner-img.jpg
Not Found: /static/img/airg.jpg
Not Found: /static/img/smarthomee.jpg
Not Found: /static/img/wiring.jpeg
Not Found: /static/img/lighting.jpg
Not Found: /static/img/Air-conditioning-installation.jpg
Not Found: /static/img/about-mayday.jpg
Not Found: /static/img/kitchenn.jpg
Not Found: /static/img/wiring.jpg
Not Found: /static/img/banner-img.jpg
Not Found: /static/img/smarthomee.jpg
Not Found: /static/img/wiring.jpg
Not Found: /static/img/airg.jpg
Not Found: /static/img/kitchenn.jpg
Not Found: /static/img/about-mayday.jpg
Not Found: /static/img/lighting.jpg
Not Found: /static/img/Air-conditioning-installation.jpg
Not Found: /static/img/wiring.jpeg
Not Found: /static/img/banner-img.jpg
Not Found: /static/img/about-mayday.jpg
Not Found: /static/img/airg.jpg
Not Found: /static/img/kitchenn.jpg
Not Found: /static/img/wiring.jpg
Not Found: /static/img/Air-conditioning-installation.jpg
Not Found: /static/img/smarthomee.jpg
Not Found: /static/img/wiring.jpeg
Not Found: /static/img/lighting.jpg
Not Found: /static/img/smarthomee.jpg
Not Found: /static/img/kitchenn.jpg
Not Found: /static/img/airg.jpg
Not Found: /static/img/wiring.jpg
Not Found: /static/img/about-mayday.jpg
Not Found: /static/img/wiring.jpeg
Not Found: /static/img/lighting.jpg
Not Found: /static/img/Air-conditioning-installation.jpg
Not Found: /static/img/kitchenn.jpg
Not Found: /static/img/wiring.jpg
Not Found: /static/img/airg.jpg
Not Found: /static/img/about-mayday.jpg
Not Found: /static/img/smarthomee.jpg
Not Found: /static/img/lighting.jpg
Not Found: /static/img/wiring.jpeg
Not Found: /static/img/Air-conditioning-installation.jpg
Not Found: /static/img/smarthomee.jpg
Not Found: /static/img/Air-conditioning-installation.jpg
Not Found: /static/img/wiring.jpeg
Not Found: /static/img/lighting.jpg
Not Found: /static/img/airg.jpg
Not Found: /static/img/wiring.jpg
Not Found: /static/img/kitchenn.jpg
Not Found: /static/img/smarthomee.jpg
Not Found: /static/img/Air-conditioning-installation.jpg
Not Found: /static/img/wiring.jpeg
Not Found: /static/img/kitchenn.jpg
Not Found: /static/img/lighting.jpg
Not Found: /static/img/airg.jpg
Not Found: /static/img/wiring.jpg
Not Found: /static/img/banner-img.jpg
Not Found: /static/img/kitchenn.jpg
Not Found: /static/img/smarthomee.jpg
Not Found: /static/img/airg.jpg
Not Found: /static/img/Air-conditioning-installation.jpg
Not Found: /static/img/lighting.jpg
Not Found: /static/img/about-small.jpg
Not Found: /static/img/wiring.jpg
Not Found: /static/img/wiring.jpeg
Not Found: /static/img/banner-img.jpg
Not Found: /static/img/kitchenn.jpg
Not Found: /static/img/smarthomee.jpg
Not Found: /static/img/Air-conditioning-installation.jpg
Not Found: /static/img/wiring.jpeg
Not Found: /static/img/about-small.jpg
Not Found: /static/img/lighting.jpg
Not Found: /static/img/wiring.jpg
Not Found: /static/img/airg.jpg
Not Found: /static/img/banner-img.jpg
Not Found: /static/img/smarthomee.jpg
Not Found: /static/img/wiring.jpeg
Not Found: /static/img/lighting.jpg
Not Found: /static/img/kitchenn.jpg
Not Found: /static/img/wiring.jpg
Not Found: /static/img/Air-conditioning-installation.jpg
Not Found: /static/img/airg.jpg
Not Found: /static/img/airg.jpg
Not Found: /static/img/smarthomee.jpg
Not Found: /static/img/wiring.jpg
Not Found: /static/img/kitchenn.jpg
Not Found: /static/img/lighting.jpg
Not Found: /static/img/Air-conditioning-installation.jpg
Not Found: /static/img/wiring.jpeg
Not Found: /static/img/banner-img.jpg
Not Found: /static/img/kitchenn.jpg
Not Found: /static/img/smarthomee.jpg
Not Found: /static/img/Air-conditioning-installation.jpg
Not Found: /static/img/lighting.jpg
Not Found: /static/img/airg.jpg
Not Found: /static/img/wiring.jpeg
Not Found: /static/img/wiring.jpg
Not Found: /static/img/banner-img.jpg
Not Found: /static/img/smarthomee.jpg
Not Found: /static/img/wiring.jpeg
Not Found: /static/img/Air-conditioning-installation.jpg
Not Found: /static/img/wiring.jpg
Not Found: /static/img/airg.jpg
Not Found: /static/img/lighting.jpg
Not Found: /static/img/kitchenn.jpg
Not Found: /static/img/banner-img.jpg
Not Found: /static/img/airg.jpg
Not Found: /static/img/Air-conditioning-installation.jpg
Not Found: /static/img/wiring.jpeg
Not Found: /static/img/smarthomee.jpg
Not Found: /static/img/lighting.jpg
Not Found: /static/img/wiring.jpg
Not Found: /static/img/kitchenn.jpg
Not Found: /static/img/wiring.jpg
Not Found: /static/img/smarthomee.jpg
Not Found: /static/img/lighting.jpg
Not Found: /static/img/wiring.jpeg
Not Found: /static/img/Air-conditioning-installation.jpg
Not Found: /static/img/kitchenn.jpg
Not Found: /static/img/airg.jpg
Not Found: /static/img/Air-conditioning-installation.jpg
Not Found: /static/img/wiring.jpeg
Not Found: /static/img/airg.jpg
Not Found: /static/img/lighting.jpg
Not Found: /static/img/smarthomee.jpg
Not Found: /static/img/kitchenn.jpg
Not Found: /static/img/wiring.jpg
Not Found: /static/img/banner-img.jpg
Not Found: /static/img/Air-conditioning-installation.jpg
Not Found: /static/img/wiring.jpeg
Not Found: /static/img/lighting.jpg
Not Found: /static/img/wiring.jpg
Not Found: /static/img/kitchenn.jpg
Not Found: /static/img/smarthomee.jpg
Not Found: /static/img/airg.jpg
Not Found: /static/img/banner-img.jpg
Not Found: /static/img/kitchenn.jpg
Not Found: /static/img/smarthomee.jpg
Not Found: /static/img/Air-conditioning-installation.jpg
Not Found: /static/img/wiring.jpeg
Not Found: /static/img/airg.jpg
Not Found: /static/img/wiring.jpg
Not Found: /static/img/lighting.jpg
Not Found: /static/img/banner-img.jpg
Not Found: /static/img/wiring.jpeg
Not Found: /static/img/kitchenn.jpg
Not Found: /static/img/smarthomee.jpg
Not Found: /static/img/lighting.jpg
Not Found: /static/img/airg.jpg
Not Found: /static/img/wiring.jpg
Not Found: /static/img/Air-conditioning-installation.jpg
Not Found: /static/img/banner-img.jpg
Not Found: /static/img/Air-conditioning-installation.jpg
Not Found: /static/img/wiring.jpg
Not Found: /static/img/wiring.jpeg
Not Found: /static/img/smarthomee.jpg
Not Found: /static/img/lighting.jpg
Not Found: /static/img/airg.jpg
Not Found: /static/img/kitchenn.jpg
Not Found: /static/img/banner-img.jpg
Not Found: /static/img/kitchenn.jpg
Not Found: /static/img/wiring.jpg
Not Found: /static/img/lighting.jpg
Not Found: /static/img/Air-conditioning-installation.jpg
Not Found: /static/img/airg.jpg
Not Found: /static/img/smarthomee.jpg
Not Found: /static/img/wiring.jpeg
Not Found: /static/img/wiring.jpeg
Not Found: /static/img/lighting.jpg
Not Found: /static/img/airg.jpg
Not Found: /static/img/smarthomee.jpg
Not Found: /static/img/kitchenn.jpg
Not Found: /static/img/Air-conditioning-installation.jpg
Not Found: /static/img/wiring.jpg
Not Found: /static/img/banner-img.jpg
Not Found: /static/img/airg.jpg
Not Found: /static/img/kitchenn.jpg
Not Found: /static/img/smarthomee.jpg
Not Found: /static/img/Air-conditioning-installation.jpg
Not Found: /static/img/wiring.jpg
Not Found: /static/img/lighting.jpg
Not Found: /static/img/wiring.jpeg
Not Found: /static/img/banner-img.jpg
Not Found: /favicon.ico
Not Found: /static/img/Air-conditioning-installation.jpg
Not Found: /static/img/wiring.jpeg
Not Found: /static/img/airg.jpg
Not Found: /static/img/smarthomee.jpg
Not Found: /static/img/wiring.jpg
Not Found: /static/img/lighting.jpg
Not Found: /static/img/kitchenn.jpg
Not Found: /static/img/banner-img.jpg
Not Found: /static/img/kitchenn.jpg
Not Found: /static/img/smarthomee.jpg
Not Found: /static/img/Air-conditioning-installation.jpg
Not Found: /static/img/wiring.jpeg
Not Found: /static/img/wiring.jpg
Not Found: /static/img/airg.jpg
Not Found: /static/img/lighting.jpg
Not Found: /static/img/banner-img.jpg
Not Found: /static/img/Air-conditioning-installation.jpg
Not Found: /static/img/kitchenn.jpg
Not Found: /static/img/wiring.jpeg
Not Found: /static/img/airg.jpg
Not Found: /static/img/lighting.jpg
Not Found: /static/img/wiring.jpg
Not Found: /static/img/smarthomee.jpg
Not Found: /static/img/banner-img.jpg
Not Found: /static/img/Air-conditioning-installation.jpg
Not Found: /static/img/wiring.jpeg
Not Found: /static/img/smarthomee.jpg
Not Found: /static/img/lighting.jpg
Not Found: /static/img/wiring.jpg
Not Found: /static/img/airg.jpg
Not Found: /static/img/kitchenn.jpg
Not Found: /static/img/banner-img.jpg
Not Found: /static/img/smarthomee.jpg
Not Found: /static/img/Air-conditioning-installation.jpg
Not Found: /static/img/wiring.jpeg
Not Found: /static/img/airg.jpg
Not Found: /static/img/lighting.jpg
Not Found: /static/img/wiring.jpg
Not Found: /static/img/kitchenn.jpg
Not Found: /static/img/banner-img.jpg
Not Found: /static/img/smarthomee.jpg
Not Found: /static/img/Air-conditioning-installation.jpg
Not Found: /static/img/lighting.jpg
Not Found: /static/img/wiring.jpeg
Not Found: /static/img/banner-img.jpg
Not Found: /static/img/wiring.jpg
Not Found: /static/img/kitchenn.jpg
Not Found: /static/img/lighting.jpg
Not Found: /static/img/wiring.jpg
Not Found: /static/img/Air-conditioning-installation.jpg
Not Found: /static/img/kitchenn.jpg
Not Found: /static/img/wiring.jpeg
Not Found: /static/img/smarthomee.jpg
Not Found: /static/img/banner-img.jpg
Not Found: /static/img/wiring.jpeg
Not Found: /static/img/lighting.jpg
Not Found: /static/img/wiring.jpg
Not Found: /static/img/kitchenn.jpg
Not Found: /static/img/smarthomee.jpg
Not Found: /static/img/Air-conditioning-installation.jpg
Not Found: /static/img/Air-conditioning-installation.jpg
Not Found: /static/img/wiring.jpeg
Not Found: /static/img/lighting.jpg
Not Found: /static/img/kitchenn.jpg
Not Found: /static/img/smarthomee.jpg
Not Found: /static/img/wiring.jpg
Not Found: /static/img/banner-img.jpg
Not Found: /static/img/wiring.jpeg
Not Found: /static/img/lighting.jpg
Not Found: /static/img/wiring.jpg
Not Found: /static/img/kitchenn.jpg
Not Found: /static/img/smarthomee.jpg
Not Found: /static/img/Air-conditioning-installation.jpg
Not Found: /static/img/banner-img.jpg
Not Found: /static/img/Air-conditioning-installation.jpg
Not Found: /static/img/wiring.jpeg
Not Found: /static/img/lighting.jpg
Not Found: /static/img/kitchenn.jpg
Not Found: /static/img/wiring.jpg
Not Found: /static/img/smarthomee.jpg
Not Found: /static/img/wiring.jpg
Not Found: /static/img/lighting.jpg
Not Found: /static/img/kitchenn.jpg
Not Found: /static/img/wiring.jpeg
Not Found: /static/img/Air-conditioning-installation.jpg
Not Found: /static/img/smarthomee.jpg
Not Found: /static/img/wiring.jpeg
Not Found: /static/img/lighting.jpg
Not Found: /static/img/kitchenn.jpg
Not Found: /static/img/Air-conditioning-installation.jpg
Not Found: /static/img/wiring.jpg
Not Found: /static/img/smarthomee.jpg
Not Found: /static/img/wiring.jpg
Not Found: /static/img/banner-img.jpg
Not Found: /static/img/smarthomee.jpg
Not Found: /static/img/Air-conditioning-installation.jpg
Not Found: /static/img/wiring.jpeg
Not Found: /static/img/kitchenn.jpg
Not Found: /static/img/lighting.jpg
Not Found: /static/img/lighting.jpg
Not Found: /static/img/Air-conditioning-installation.jpg
Not Found: /static/img/smarthomee.jpg
Not Found: /static/img/wiring.jpeg
Not Found: /static/img/wiring.jpg
Not Found: /static/img/kitchenn.jpg
Not Found: /static/img/banner-img.jpg
Not Found: /static/img/wiring.jpg
Not Found: /static/img/smarthomee.jpg
Not Found: /static/img/Air-conditioning-installation.jpg
Not Found: /static/img/lighting.jpg
Not Found: /static/img/wiring.jpeg
Not Found: /static/img/kitchenn.jpg
Not Found: /static/img/wiring.jpg
Not Found: /static/img/kitchenn.jpg
Not Found: /static/img/smarthomee.jpg
Not Found: /static/img/Air-conditioning-installation.jpg
Not Found: /static/img/wiring.jpeg
Not Found: /static/img/lighting.jpg
Not Found: /static/img/wiring.jpeg
Not Found: /static/img/Air-conditioning-installation.jpg
Not Found: /static/img/lighting.jpg
Not Found: /static/img/smarthomee.jpg
Not Found: /static/img/wiring.jpg
Not Found: /static/img/kitchenn.jpg
Not Found: /static/img/banner-img.jpg
Not Found: /static/img/wiring.jpg
Not Found: /static/img/kitchenn.jpg
Not Found: /static/img/Air-conditioning-installation.jpg
Not Found: /static/img/smarthomee.jpg
Not Found: /static/img/wiring.jpeg
Not Found: /static/img/lighting.jpg
Not Found: /static/img/lighting.jpg
Not Found: /static/img/kitchenn.jpg
Not Found: /static/img/wiring.jpg
Not Found: /static/img/wiring.jpeg
Not Found: /static/img/smarthomee.jpg
Not Found: /static/img/Air-conditioning-installation.jpg
Not Found: /static/img/banner-img.jpg
Not Found: /static/img/services/dryer.jpg
Not Found: /static/img/services/air-conditioning.jpg
Not Found: /static/img/wiring.jpg
Not Found: /static/img/smarthomee.jpg
Not Found: /static/img/kitchenn.jpg
Not Found: /static/img/services/oven.jpg
Not Found: /static/img/Air-conditioning-installation.jpg
Not Found: /static/img/wiring.jpeg
Not Found: /static/img/lighting.jpg
Not Found: /static/img/services/dishwasher.jpg
Not Found: /static/img/services/rangehood.jpg
Not Found: /static/img/services/washing-machine.jpg
Not Found: /static/img/banner-img.jpg
Not Found: /static/img/wiring.jpeg
Not Found: /static/img/wiring.jpg
Not Found: /static/img/lighting.jpg
Not Found: /static/img/kitchenn.jpg
Not Found: /static/img/smarthomee.jpg
Not Found: /static/img/Air-conditioning-installation.jpg
Not Found: /static/img/services/dryer.jpg
Not Found: /static/img/services/air-conditioning.jpg
Not Found: /static/img/wiring.jpg
Not Found: /static/img/kitchenn.jpg
Not Found: /static/img/services/washing-machine.jpg
Not Found: /static/img/smarthomee.jpg
Not Found: /static/img/services/oven.jpg
Not Found: /static/img/services/dishwasher.jpg
Not Found: /static/img/lighting.jpg
Not Found: /static/img/Air-conditioning-installation.jpg
Not Found: /static/img/services/rangehood.jpg
Not Found: /static/img/wiring.jpeg
Not Found: /static/img/banner-img.jpg
Not Found: /static/img/services/dishwasher.jpg
Not Found: /static/img/services/oven.jpg
Not Found: /static/img/services/rangehood.jpg
Not Found: /static/img/services/air-conditioning.jpg
Not Found: /static/img/kitchenn.jpg
Not Found: /static/img/smarthomee.jpg
Not Found: /static/img/Air-conditioning-installation.jpg
Not Found: /static/img/wiring.jpeg
Not Found: /static/img/lighting.jpg
Not Found: /static/img/services/dryer.jpg
Not Found: /static/img/services/washing-machine.jpg
Not Found: /static/img/wiring.jpg
Not Found: /static/img/services/washing-machine.jpg
Not Found: /static/img/services/dishwasher.jpg
Not Found: /static/img/services/air-conditioning.jpg
Not Found: /static/img/wiring.jpg
Not Found: /static/img/kitchenn.jpg
Not Found: /static/img/smarthomee.jpg
Not Found: /static/img/Air-conditioning-installation.jpg
Not Found: /static/img/lighting.jpg
Not Found: /static/img/wiring.jpeg
Not Found: /static/img/services/oven.jpg
Not Found: /static/img/services/rangehood.jpg
Not Found: /static/img/services/dryer.jpg
Not Found: /static/img/banner-img.jpg
Not Found: /static/img/lighting.jpg
Not Found: /static/img/smarthomee.jpg
Not Found: /static/img/wiring.jpg
Not Found: /static/img/kitchenn.jpg
Not Found: /static/img/Air-conditioning-installation.jpg
Not Found: /static/img/wiring.jpeg
Not Found: /static/img/smarthomee.jpg
Not Found: /static/img/Air-conditioning-installation.jpg
Not Found: /static/img/wiring.jpeg
Not Found: /static/img/lighting.jpg
Not Found: /static/img/kitchenn.jpg
Not Found: /static/img/wiring.jpg
Not Found: /static/img/wiring.jpg
Not Found: /static/img/lighting.jpg
Not Found: /static/img/kitchenn.jpg
Not Found: /static/img/smarthomee.jpg
Not Found: /static/img/Air-conditioning-installation.jpg
Not Found: /static/img/wiring.jpeg
Not Found: /static/img/banner-img.jpg
Not Found: /static/img/lighting.jpg
Not Found: /static/img/wiring.jpg
Not Found: /static/img/wiring.jpeg
Not Found: /static/img/Air-conditioning-installation.jpg
Not Found: /static/img/kitchenn.jpg
Not Found: /static/img/smarthomee.jpg
Not Found: /static/img/banner-img.jpg
Not Found: /static/img/kitchenn.jpg
Not Found: /static/img/smarthomee.jpg
Not Found: /static/img/lighting.jpg
Not Found: /static/img/Air-conditioning-installation.jpg
Not Found: /static/img/wiring.jpg
Not Found: /static/img/wiring.jpeg
Not Found: /static/img/banner-img.jpg
Not Found: /static/img/lighting.jpg
Not Found: /static/img/wiring.jpg
Not Found: /static/img/Air-conditioning-installation.jpg
Not Found: /static/img/kitchenn.jpg
Not Found: /static/img/smarthomee.jpg
Not Found: /static/img/wiring.jpeg
Not Found: /static/img/lighting.jpg
Not Found: /static/img/wiring.jpg
Not Found: /static/img/kitchenn.jpg
Not Found: /static/img/Air-conditioning-installation.jpg
Not Found: /static/img/smarthomee.jpg
Not Found: /static/img/wiring.jpeg
Not Found: /static/img/lighting.jpg
Not Found: /static/img/wiring.jpeg
Not Found: /static/img/smarthomee.jpg
Not Found: /static/img/wiring.jpg
Not Found: /static/img/Air-conditioning-installation.jpg
Not Found: /static/img/kitchenn.jpg
Not Found: /static/img/banner-img.jpg
Not Found: /static/img/Air-conditioning-installation.jpg
Not Found: /static/img/kitchenn.jpg
Not Found: /static/img/lighting.jpg
Not Found: /static/img/wiring.jpeg
Not Found: /static/img/wiring.jpg
Not Found: /static/img/smarthomee.jpg
Not Found: /static/img/banner-img.jpg
Not Found: /static/img/smarthomee.jpg
Not Found: /static/img/wiring.jpg
Not Found: /static/img/kitchenn.jpg
Not Found: /static/img/lighting.jpg
Not Found: /static/img/Air-conditioning-installation.jpg
Not Found: /static/img/wiring.jpeg
Not Found: /static/img/banner-img.jpg
Not Found: /static/img/wiring.jpg
Not Found: /static/img/kitchenn.jpg
Not Found: /static/img/wiring.jpeg
Not Found: /static/img/lighting.jpg
Not Found: /static/img/smarthomee.jpg
Not Found: /static/img/Air-conditioning-installation.jpg
Not Found: /static/img/wiring.jpeg
Not Found: /static/img/lighting.jpg
Not Found: /static/img/smarthomee.jpg
Not Found: /static/img/kitchenn.jpg
Not Found: /static/img/wiring.jpg
Not Found: /static/img/Air-conditioning-installation.jpg
Not Found: /static/img/banner-img.jpg
Not Found: /static/img/wiring.jpg
Not Found: /static/img/kitchenn.jpg
Not Found: /static/img/Air-conditioning-installation.jpg
Not Found: /static/img/wiring.jpeg
Not Found: /static/img/lighting.jpg
Not Found: /static/img/smarthomee.jpg
Not Found: /static/img/lighting.jpg
Not Found: /static/img/wiring.jpeg
Not Found: /static/img/kitchenn.jpg
Not Found: /static/img/wiring.jpg
Not Found: /static/img/smarthomee.jpg
Not Found: /static/img/Air-conditioning-installation.jpg
Not Found: /static/img/banner-img.jpg
Not Found: /static/img/wiring.jpeg
Not Found: /static/img/smarthomee.jpg
Not Found: /static/img/lighting.jpg
Not Found: /static/img/Air-conditioning-installation.jpg
Not Found: /static/img/kitchenn.jpg
Not Found: /static/img/wiring.jpg
Not Found: /static/img/banner-img.jpg
Not Found: /static/img/Air-conditioning-installation.jpg
Not Found: /static/img/lighting.jpg
Not Found: /static/img/wiring.jpeg
Not Found: /static/img/kitchenn.jpg
Not Found: /static/img/wiring.jpg
Not Found: /static/img/smarthomee.jpg
Not Found: /static/img/banner-img.jpg
Not Found: /static/img/lighting.jpg
Not Found: /static/img/wiring.jpg
Not Found: /static/img/Air-conditioning-installation.jpg
Not Found: /static/img/smarthomee.jpg
Not Found: /static/img/kitchenn.jpg
Not Found: /static/img/wiring.jpeg
Not Found: /static/img/banner-img.jpg
Not Found: /static/img/kitchenn.jpg
Not Found: /static/img/smarthomee.jpg
Not Found: /static/img/wiring.jpeg
Not Found: /static/img/Air-conditioning-installation.jpg
Not Found: /static/img/wiring.jpg
Not Found: /static/img/lighting.jpg
Not Found: /static/img/banner-img.jpg
Not Found: /static/img/wiring.jpg
Not Found: /static/img/kitchenn.jpg
Not Found: /static/img/smarthomee.jpg
Not Found: /static/img/banner-img.jpg
Not Found: /static/img/Air-conditioning-installation.jpg
Not Found: /static/img/lighting.jpg
Not Found: /static/img/wiring.jpeg
Not Found: /static/img/wiring.jpg
Not Found: /static/img/kitchenn.jpg
Not Found: /static/img/Air-conditioning-installation.jpg
Not Found: /static/img/wiring.jpeg
Not Found: /static/img/smarthomee.jpg
Not Found: /static/img/lighting.jpg
Not Found: /static/img/banner-img.jpg
Not Found: /static/img/kitchenn.jpg
Not Found: /static/img/smarthomee.jpg
Not Found: /static/img/wiring.jpg
Not Found: /static/img/lighting.jpg
Not Found: /static/img/wiring.jpeg
Not Found: /static/img/Air-conditioning-installation.jpg
Not Found: /static/img/banner-img.jpg
Not Found: /static/img/wiring.jpg
Not Found: /static/img/kitchenn.jpg
Not Found: /static/img/smarthomee.jpg
Not Found: /static/img/wiring.jpeg
Not Found: /static/img/lighting.jpg
Not Found: /static/img/Air-conditioning-installation.jpg
Not Found: /static/img/banner-img.jpg
Not Found: /static/img/wiring.jpg
Not Found: /static/img/kitchenn.jpg
Not Found: /static/img/smarthomee.jpg
Not Found: /static/img/Air-conditioning-installation.jpg
Not Found: /static/img/wiring.jpeg
Not Found: /static/img/lighting.jpg
Not Found: /static/img/wiring.jpg
Not Found: /static/img/kitchenn.jpg
Not Found: /static/img/smarthomee.jpg
Not Found: /static/img/Air-conditioning-installation.jpg
Not Found: /static/img/wiring.jpeg
Not Found: /static/img/lighting.jpg
Not Found: /static/img/banner-img.jpg
Not Found: /static/img/wiring.jpg
Not Found: /static/img/smarthomee.jpg
Not Found: /static/img/kitchenn.jpg
Not Found: /static/img/Air-conditioning-installation.jpg
Not Found: /static/img/wiring.jpeg
Not Found: /static/img/lighting.jpg
Not Found: /static/img/banner-img.jpg
Not Found: /static/img/wiring.jpg
Not Found: /static/img/kitchenn.jpg
Not Found: /static/img/Air-conditioning-installation.jpg
Not Found: /static/img/smarthomee.jpg
Not Found: /static/img/wiring.jpeg
Not Found: /static/img/lighting.jpg
Not Found: /static/img/banner-img.jpg
Not Found: /static/img/wiring.jpeg
Not Found: /static/img/lighting.jpg
Not Found: /static/img/kitchenn.jpg
Not Found: /static/img/smarthomee.jpg
Not Found: /static/img/Air-conditioning-installation.jpg
Not Found: /static/img/wiring.jpg
Not Found: /static/img/banner-img.jpg
Not Found: /static/img/smarthomee.jpg
Not Found: /static/img/wiring.jpeg
Not Found: /static/img/lighting.jpg
Not Found: /static/img/Air-conditioning-installation.jpg
Not Found: /static/img/wiring.jpg
Not Found: /static/img/kitchenn.jpg
Not Found: /static/img/smarthomee.jpg
Not Found: /static/img/wiring.jpeg
Not Found: /static/img/Air-conditioning-installation.jpg
Not Found: /static/img/lighting.jpg
Not Found: /static/img/kitchenn.jpg
Not Found: /static/img/wiring.jpg
Not Found: /static/img/banner-img.jpg
Not Found: /static/img/banner-img.jpg
Not Found: /static/img/banner-img.jpg
Not Found: /static/img/banner-img.jpg
Not Found: /favicon.ico
Not Found: /static/img/banner-img.jpg
Not Found: /static/img/banner-img.jpg
Not Found: /static/img/client1.jpg
Not Found: /static/img/client2.jpg
Not Found: /static/img/client3.jpg
Not Found: /static/img/client4.jpg
Not Found: /static/img/banner-img.jpg
Not Found: /static/img/banner-img.jpg
Not Found: /static/img/banner-img.jpg
Not Found: /static/img/banner-img.jpg
Not Found: /static/img/banner-img.jpg
Not Found: /static/img/banner-img.jpg
Not Found: /static/img/banner-img.jpg
Not Found: /static/img/banner-img.jpg
Not Found: /static/img/banner-img.jpg
Not Found: /static/img/banner-img.jpg
Not Found: /static/img/banner-img.jpg
Not Found: /static/img/banner-img.jpg
Not Found: /static/img/banner-img.jpg
Not Found: /static/img/banner-img.jpg
Not Found: /static/img/banner-img.jpg
Not Found: /static/img/banner-img.jpg
Not Found: /static/img/banner-img.jpg
Not Found: /static/img/banner-img.jpg
Not Found: /static/img/banner-img.jpg
Not Found: /static/img/banner-img.jpg
Not Found: /static/img/banner-img.jpg
Not Found: /static/img/banner-img.jpg
Not Found: /static/img/banner-img.jpg
Not Found: /static/img/fridge-repair.jpg
Not Found: /static/img/washing-machine.jpg
Not Found: /static/img/cooktop.jpg
Not Found: /static/img/dishwasher.jpg
Not Found: /static/img/oven-repair.jpg
Not Found: /static/img/banner-img.jpg
Not Found: /static/img/fridge-repair.jpg
Not Found: /static/img/dishwasher.jpg
Not Found: /static/img/washing-machine.jpg
Not Found: /static/img/oven-repair.jpg
Not Found: /static/img/cooktop.jpg
Not Found: /static/img/banner-img.jpg
Not Found: /static/img/banner-img.jpg
Not Found: /static/img/banner-img.jpg
Not Found: /static/img/banner-img.jpg
Not Found: /static/img/banner-img.jpg
Not Found: /static/img/banner-img.jpg
Not Found: /static/img/banner-img.jpg
Not Found: /static/img/banner-img.jpg
Not Found: /favicon.ico
Not Found: /static/img/banner-img.jpg
Not Found: /favicon.ico
Not Found: /static/img/banner-img.jpg
Not Found: /static/img/banner-img.jpg
Not Found: /favicon.ico
Not Found: /static/img/banner-img.jpg
Not Found: /favicon.ico
Not Found: /favicon.ico
Not Found: /favicon.ico
Not Found: /favicon.ico
Not Found: /static/img/banner-img.jpg
Not Found: /favicon.ico
Not Found: /static/img/airg.jpg
Not Found: /static/img/abot.jpg
Not Found: /static/img/abtt.jpg
Not Found: /static/img/banner-img.jpg
Not Found: /static/img/banner-img.jpg
Not Found: /favicon.ico
Not Found: /static/img/banner-img.jpg
Not Found: /static/img/banner-img.jpg
Not Found: /favicon.ico
Not Found: /static/img/banner-img.jpg
Not Found: /favicon.ico
Not Found: /static/img/banner-img.jpg
Not Found: /static/img/banner-img.jpg
Not Found: /static/img/banner-img.jpg
Not Found: /apple-touch-icon-120x120-precomposed.png
Not Found: /apple-touch-icon-120x120.png
Not Found: /apple-touch-icon-precomposed.png
Not Found: /apple-touch-icon.png
Not Found: /favicon.ico
Not Found: /apple-touch-icon-120x120-precomposed.png
Not Found: /apple-touch-icon-120x120.png
Not Found: /apple-touch-icon-precomposed.png
Not Found: /apple-touch-icon.png
Not Found: /favicon.ico
Not Found: /static/img/banner-img.jpg
Not Found: /favicon.ico
Not Found: /static/img/banner-img.jpg
Not Found: /favicon.ico
Not Found: /favicon.ico
Not Found: /robots.txt
Not Found: /.env
Not Found: /vendor/phpunit/phpunit/src/Util/PHP/eval-stdin.php
Not Found: /vendor/laravel-filemanager/js/script.js
Not Found: /public/vendor/laravel-filemanager/js/script.js
Forbidden (Referer checking failed - no Referer.): /
Not Found: /_ignition/execute-solution
Not Found: /public/_ignition/execute-solution
Not Found: /robots.txt
Not Found: /sxallsitemap.xml
Not Found: /robots.txt
Not Found: /robots.txt
Not Found: /robots.txt
Not Found: /robots.txt
Not Found: /robots.txt
Not Found: /robots.txt
Not Found: /robots.txt
Not Found: /robots.txt
Not Found: /robots.txt
Not Found: /robots.txt
Not Found: /robots.txt
Not Found: /robots.txt
Not Found: /apps
Not Found: /api/action
Not Found: /api/actions
Not Found: /_next/data
Forbidden (Referer checking failed - no Referer.): /
Not Found: /robots.txt
Not Found: /favicon.ico
Not Found: /robots.txt
Not Found: /robots.txt
Not Found: /favicon.ico
Not Found: /robots.txt
Not Found: /robots.txt
Not Found: /robots.txt
Not Found: /robots.txt
Not Found: /robots.txt
Not Found: /apps
Not Found: /api/action
Not Found: /api/actions
Not Found: /_next/data
Forbidden (Referer checking failed - no Referer.): /
Not Found: /robots.txt
Not Found: /robots.txt
Not Found: /robots.txt
Not Found: /favicon.ico
Not Found: /robots.txt
Not Found: /robots.txt
Not Found: /static/img/banner-img.jpg
Not Found: /favicon.ico
Not Found: /static/img/banner-img.jpg
Not Found: /favicon.ico
Not Found: /static/img/banner-img.jpg
Not Found: /favicon.ico
Not Found: /sxallsitemap.xml
Not Found: /robots.txt
Not Found: /robots.txt
Not Found: /robots.txt
Not Found: /robots.txt
Not Found: /robots.txt
Not Found: /sxallsitemap.xml
Not Found: /robots.txt
Not Found: /robots.txt
Not Found: /robots.txt
Not Found: /robots.txt
Not Found: /robots.txt
Not Found: /robots.txt
Not Found: /robots.txt
Not Found: /favicon.ico
Not Found: /robots.txt
Not Found: /robots.txt
Not Found: /robots.txt
Not Found: /robots.txt
Not Found: /favicon.ico
Not Found: /favicon.ico
Not Found: /static/img/he.jpeg
Not Found: /favicon.ico
Not Found: /static/img/he.jpeg
Not Found: /static/img/he.jpeg
Not Found: /favicon.ico
Not Found: /favicon.ico
Not Found: /apple-touch-icon-precomposed.png
Not Found: /apple-touch-icon.png
Not Found: /static/img/he.jpeg
Not Found: /static/img/he.jpeg
Not Found: /static/img/he.jpeg
Not Found: /favicon.ico
Not Found: /static/img/he.jpeg
Not Found: /static/img/he.jpeg
Not Found: /wp-content/uploads/elementor/css/post-6.css
Not Found: /wp-content/plugins/elementor/assets/css/conditionals/e-swiper.min.css
Not Found: /wp-content/plugins/elementor-pro/assets/css/widget-nested-carousel.min.css
Not Found: /wp-content/themes/hello-elementor/assets/js/hello-frontend.js
Not Found: /wp-content/plugins/elementor/assets/css/widget-image.min.css
Not Found: /wp-content/uploads/elementor/google-fonts/css/robotoslab.css
Not Found: /wp-content/plugins/elementor/assets/js/frontend-modules.min.js
Not Found: /wp-content/uploads/elementor/google-fonts/css/khand.css
Not Found: /wp-includes/js/jquery/jquery-migrate.min.js
Not Found: /wp-content/plugins/elementor/assets/css/widget-image-box.min.css
Not Found: /wp-content/plugins/elementor/assets/js/frontend.min.js
Not Found: /wp-content/plugins/elementor/assets/css/conditionals/apple-webkit.min.css
Not Found: /wp-includes/js/jquery/ui/core.min.js
Not Found: /wp-content/plugins/elementor-pro/assets/lib/smartmenus/jquery.smartmenus.min.js
Not Found: /wp-includes/js/dist/hooks.min.js
Not Found: /wp-content/plugins/elementor/assets/js/nested-accordion.c546968f7aebebc356f2.bundle.min.js
Not Found: /wp-content/uploads/elementor/css/post-323.css
Not Found: /wp-content/plugins/elementor/assets/lib/swiper/v8/swiper.min.js
Not Found: /wp-content/plugins/elementor-pro/assets/js/elements-handlers.min.js
Not Found: /wp-content/uploads/2025/07/heating-icon.webp
Not Found: /wp-content/uploads/2025/07/360_F_318732794_h8kaFAiGkKsMlCquuFJlg5bKqGEXtJSR.jpg
Not Found: /wp-content/uploads/2025/07/banner-circle.webp
Not Found: /static/img/he.jpeg
Not Found: /static/img/he.jpeg
Not Found: /favicon.ico
Not Found: /static/img/he.jpeg
Not Found: /static/css/contact.css
Not Found: /static/img/banner-img.jpg
Not Found: /static/img/he.jpeg
Not Found: /favicon.ico
Not Found: /robots.txt
Not Found: /robots.txt
Not Found: /static/img/he.jpeg
Not Found: /favicon.ico
Not Found: /static/img/he.jpeg
Not Found: /favicon.ico
Not Found: /static/img/he.jpeg
Not Found: /favicon.ico
Not Found: /static/img/he.jpeg
Not Found: /favicon.ico
Not Found: /static/img/he.jpeg
Not Found: /favicon.ico
Not Found: /static/img/he.jpeg
Not Found: /favicon.ico
Not Found: /static/img/he.jpeg
Not Found: /favicon.ico
Not Found: /static/img/he.jpeg
Not Found: /favicon.ico
Not Found: /static/img/he.jpeg
Not Found: /favicon.ico
Not Found: /static/img/he.jpeg
Not Found: /favicon.ico
Not Found: /static/img/he.jpeg
Not Found: /favicon.ico
Not Found: /static/img/he.jpeg
Not Found: /favicon.ico
Not Found: /static/img/he.jpeg
Not Found: /favicon.ico
Not Found: /static/img/he.jpeg
Not Found: /favicon.ico
Not Found: /static/img/he.jpeg
Not Found: /favicon.ico
Not Found: /static/img/he.jpeg
Not Found: /favicon.ico
Not Found: /static/img/he.jpeg
Not Found: /favicon.ico
Not Found: /static/img/he.jpeg
Not Found: /favicon.ico
Not Found: /static/img/he.jpeg
Not Found: /favicon.ico
Not Found: /favicon.ico
Not Found: /robots.txt
Not Found: /static/css/contact.css
Not Found: /static/css/service.css
Not Found: /static/css/blog.css
Not Found: /static/img/he.jpeg
Not Found: /favicon.ico
Not Found: /static/img/he.jpeg
Not Found: /favicon.ico
Not Found: /static/img/he.jpeg
Not Found: /favicon.ico
Not Found: /static/img/he.jpeg
Not Found: /favicon.ico
Not Found: /static/img/abtt.jpg
Not Found: /static/img/abot.jpg
Not Found: /static/img/airg.jpg
Not Found: /static/img/banner-img.jpg
Not Found: /robots.txt
Not Found: /robots.txt
Not Found: /static/img/ac.jpg
Not Found: /static/img/ac.jpg
Not Found: /static/img/ac.jpg
Not Found: /favicon.ico
Not Found: /static/img/ac.jpg
Not Found: /favicon.ico
Not Found: /static/img/ac.jpg
Not Found: /favicon.ico
Not Found: /static/img/he.jpeg
Not Found: /static/img/he.jpeg
Not Found: /favicon.ico
Not Found: /static/img/he.jpeg
Not Found: /favicon.ico
Not Found: /static/img/he.jpeg
Not Found: /static/img/airg.jpg
Not Found: /static/img/banner-img.jpg
Not Found: /favicon.ico
Not Found: /static/img/abtt.jpg
Not Found: /static/img/airg.jpg
Not Found: /static/img/abot.jpg
Not Found: /static/img/banner-img.jpg
Not Found: /favicon.ico
Not Found: /static/img/he.jpeg
Not Found: /static/img/he.jpeg
Internal Server Error: /about/
Traceback (most recent call last):
  File "/home/hightech/virtualenv/project.columbiatransportation.com/air/3.10/lib/python3.10/site-packages/django/template/base.py", line 511, in parse
    compile_func = self.tags[command]
KeyError: 'endblock'

During handling of the above exception, another exception occurred:

Traceback (most recent call last):
  File "/home/hightech/virtualenv/project.columbiatransportation.com/air/3.10/lib/python3.10/site-packages/django/core/handlers/exception.py", line 55, in inner
    response = get_response(request)
  File "/home/hightech/virtualenv/project.columbiatransportation.com/air/3.10/lib/python3.10/site-packages/django/core/handlers/base.py", line 197, in _get_response
    response = wrapped_callback(request, *callback_args, **callback_kwargs)
  File "/home/hightech/project.columbiatransportation.com/air/main/views.py", line 135, in about
    return render(request, 'main/about.html')
  File "/home/hightech/virtualenv/project.columbiatransportation.com/air/3.10/lib/python3.10/site-packages/django/shortcuts.py", line 25, in render
    content = loader.render_to_string(template_name, context, request, using=using)
  File "/home/hightech/virtualenv/project.columbiatransportation.com/air/3.10/lib/python3.10/site-packages/django/template/loader.py", line 61, in render_to_string
    template = get_template(template_name, using=using)
  File "/home/hightech/virtualenv/project.columbiatransportation.com/air/3.10/lib/python3.10/site-packages/django/template/loader.py", line 15, in get_template
    return engine.get_template(template_name)
  File "/home/hightech/virtualenv/project.columbiatransportation.com/air/3.10/lib/python3.10/site-packages/django/template/backends/django.py", line 79, in get_template
    return Template(self.engine.get_template(template_name), self)
  File "/home/hightech/virtualenv/project.columbiatransportation.com/air/3.10/lib/python3.10/site-packages/django/template/engine.py", line 177, in get_template
    template, origin = self.find_template(template_name)
  File "/home/hightech/virtualenv/project.columbiatransportation.com/air/3.10/lib/python3.10/site-packages/django/template/engine.py", line 159, in find_template
    template = loader.get_template(name, skip=skip)
  File "/home/hightech/virtualenv/project.columbiatransportation.com/air/3.10/lib/python3.10/site-packages/django/template/loaders/cached.py", line 57, in get_template
    template = super().get_template(template_name, skip)
  File "/home/hightech/virtualenv/project.columbiatransportation.com/air/3.10/lib/python3.10/site-packages/django/template/loaders/base.py", line 28, in get_template
    return Template(
  File "/home/hightech/virtualenv/project.columbiatransportation.com/air/3.10/lib/python3.10/site-packages/django/template/base.py", line 155, in __init__
    self.nodelist = self.compile_nodelist()
  File "/home/hightech/virtualenv/project.columbiatransportation.com/air/3.10/lib/python3.10/site-packages/django/template/base.py", line 197, in compile_nodelist
    nodelist = parser.parse()
  File "/home/hightech/virtualenv/project.columbiatransportation.com/air/3.10/lib/python3.10/site-packages/django/template/base.py", line 519, in parse
    raise self.error(token, e)
  File "/home/hightech/virtualenv/project.columbiatransportation.com/air/3.10/lib/python3.10/site-packages/django/template/base.py", line 517, in parse
    compiled_result = compile_func(self, token)
  File "/home/hightech/virtualenv/project.columbiatransportation.com/air/3.10/lib/python3.10/site-packages/django/template/loader_tags.py", line 299, in do_extends
    nodelist = parser.parse()
  File "/home/hightech/virtualenv/project.columbiatransportation.com/air/3.10/lib/python3.10/site-packages/django/template/base.py", line 513, in parse
    self.invalid_block_tag(token, command, parse_until)
  File "/home/hightech/virtualenv/project.columbiatransportation.com/air/3.10/lib/python3.10/site-packages/django/template/base.py", line 578, in invalid_block_tag
    raise self.error(
django.template.exceptions.TemplateSyntaxError: Invalid block tag on line 55: 'endblock'. Did you forget to register or load this tag?
Not Found: /favicon.ico
Not Found: /static/img/airg.jpg
Not Found: /favicon.ico
Not Found: /static/img/banner-img.jpg
Not Found: /favicon.ico
Not Found: /static/img/banner-img.jpg
Not Found: /favicon.ico
Not Found: /static/img/banner-img.jpg
Not Found: /favicon.ico
Not Found: /static/css/contact.css
Not Found: /static/css/contact.css
Not Found: /static/img/banner-img.jpg
Not Found: /favicon.ico
Not Found: /static/css/contact.css
Not Found: /static/img/banner-img.jpg
Not Found: /favicon.ico
Not Found: /static/css/contact.css
Not Found: /static/img/banner-img.jpg
Not Found: /favicon.ico
Not Found: /static/css/contact.css
Not Found: /static/img/banner-img.jpg
Not Found: /favicon.ico
Not Found: /static/css/contact.css
Not Found: /static/img/banner-img.jpg
Not Found: /favicon.ico
Not Found: /static/css/contact.css
Not Found: /static/img/banner-img.jpg
Not Found: /favicon.ico
Not Found: /static/css/contact.css
Not Found: /static/img/banner-img.jpg
Not Found: /favicon.ico
Not Found: /static/img/he.jpeg
Not Found: /static/css/contact.css
Not Found: /static/css/contact.css
Not Found: /static/img/banner-img.jpg
Not Found: /favicon.ico
Not Found: /static/css/contact.css
Not Found: /static/img/banner-img.jpg
Not Found: /favicon.ico
Not Found: /static/css/contact.css
Not Found: /static/img/banner-img.jpg
Not Found: /favicon.ico
Not Found: /static/css/contact.css
Not Found: /static/img/banner-img.jpg
Not Found: /favicon.ico
Not Found: /static/css/contact.css
Not Found: /static/img/banner-img.jpg
Not Found: /favicon.ico
Not Found: /static/css/contact.css
Not Found: /static/img/he.jpeg
Not Found: /static/css/contact.css
Not Found: /favicon.ico
Not Found: /static/css/contact.css
Not Found: /static/img/banner-img.jpg
Not Found: /favicon.ico
Not Found: /static/css/contact.css
Not Found: /static/img/banner-img.jpg
Not Found: /favicon.ico
Not Found: /static/img/he.jpeg
Not Found: /static/img/he.jpeg
Not Found: /favicon.ico
Not Found: /static/img/he.jpeg
Not Found: /favicon.ico
Not Found: /static/img/he.jpeg
Not Found: /favicon.ico
Not Found: /static/img/he.jpeg
Not Found: /favicon.ico
Not Found: /robots.txt
Not Found: /static/img/he.jpeg
Not Found: /favicon.ico
Not Found: /static/img/he.jpeg
Not Found: /favicon.ico
Not Found: /static/img/he.jpeg
Not Found: /favicon.ico
Not Found: /static/img/banner-img.jpg
Not Found: /static/img/banner-img.jpg
Not Found: /favicon.ico
Not Found: /static/css/contact.css
Not Found: /static/css/contact.css
Not Found: /static/img/banner-img.jpg
Not Found: /favicon.ico
[UID:1788][4057698] Child process with pid: 4058450 was killed by signal: 15, core dumped: no
Not Found: /static/css/contact.css
Not Found: /static/img/banner-img.jpg
Not Found: /favicon.ico
Not Found: /static/img/he.jpeg
Not Found: /static/img/he.jpeg
Not Found: /favicon.ico
Not Found: /static/img/banner-img.jpg
Not Found: /static/img/banner-img.jpg
Not Found: /favicon.ico
Not Found: /static/img/banner-img.jpg
Not Found: /favicon.ico
Not Found: /static/img/banner-img.jpg
Not Found: /favicon.ico
Not Found: /static/img/banner-img.jpg
Not Found: /favicon.ico
Not Found: /static/img/banner-img.jpg
Not Found: /favicon.ico
Not Found: /static/css/services.css
Not Found: /static/css/services.css
Not Found: /static/img/banner-img.jpg
Not Found: /favicon.ico
Not Found: /static/img/he.jpeg
Not Found: /static/img/he.jpeg
Not Found: /static/img/he.jpeg
Not Found: /robots.txt
Not Found: /robots.txt
Not Found: /static/img/he.jpeg
Not Found: /favicon.ico
Not Found: /favicon.ico
Not Found: /static/img/he.jpeg
Not Found: /favicon.ico
Not Found: /static/img/he.jpeg
Not Found: /favicon.ico
Not Found: /static/img/banner-img.jpg
Not Found: /static/css/services.css
Not Found: /static/css/contact.css
Not Found: /static/css/contact.css
Not Found: /static/css/contact.css
Not Found: /static/img/banner-img.jpg
Not Found: /favicon.ico
Not Found: /static/css/contact.css
Not Found: /static/img/banner-img.jpg
Not Found: /static/img/he.jpeg
Not Found: /static/img/he.jpeg
Not Found: /static/img/banner-img.jpg
Not Found: /static/css/services.css
Not Found: /robots.txt
Not Found: /robots.txt
Not Found: /robots.txt
Not Found: /robots.txt
Not Found: /static/img/he.jpeg
Not Found: /favicon.ico
Not Found: /static/img/he.jpeg
Not Found: /favicon.ico
Not Found: /static/img/he.jpeg
Not Found: /favicon.ico
Not Found: /static/img/he.jpeg
Not Found: /favicon.ico
[UID:1788][320242] Child process with pid: 323748 was killed by signal: 15, core dumped: no
Not Found: /static/img/he.jpeg
Not Found: /favicon.ico
Not Found: /static/img/he.jpeg
Not Found: /favicon.ico
Not Found: /static/img/he.jpeg
Not Found: /favicon.ico
Not Found: /static/img/he.jpeg
Not Found: /favicon.ico
Not Found: /static/img/he.jpeg
Not Found: /favicon.ico
Not Found: /static/img/he.jpeg
Not Found: /favicon.ico
Not Found: /static/img/he.jpeg
Not Found: /favicon.ico
Not Found: /static/img/he.jpeg
Not Found: /favicon.ico
Not Found: /static/img/he.jpeg
Not Found: /favicon.ico
Not Found: /static/img/he.jpeg
Not Found: /favicon.ico
Not Found: /static/img/he.jpeg
Not Found: /favicon.ico
Not Found: /static/img/he.jpeg
Not Found: /favicon.ico
Not Found: /static/img/he.jpeg
Not Found: /favicon.ico
Not Found: /static/img/he.jpeg
Not Found: /favicon.ico
Not Found: /static/img/he.jpeg
Not Found: /favicon.ico
Not Found: /static/img/he.jpeg
Not Found: /favicon.ico
Not Found: /static/img/he.jpeg
Not Found: /static/img/he.jpeg
Not Found: /favicon.ico
Not Found: /static/img/he.jpeg
Not Found: /favicon.ico
Not Found: /static/img/he.jpeg
Not Found: /favicon.ico
Not Found: /static/img/he.jpeg
Not Found: /favicon.ico
[UID:1788][518385] Child process with pid: 518578 was killed by signal: 15, core dumped: no
Not Found: /static/img/he.jpeg
Not Found: /favicon.ico
Not Found: /static/img/he.jpeg
Not Found: /favicon.ico
Not Found: /static/img/he.jpeg
Not Found: /favicon.ico
Not Found: /static/img/he.jpeg
Not Found: /static/img/he.jpeg
Not Found: /favicon.ico
Not Found: /static/img/he.jpeg
Not Found: /favicon.ico
Not Found: /static/img/he.jpeg
Not Found: /favicon.ico
Not Found: /static/img/he.jpeg
Not Found: /favicon.ico
Not Found: /static/img/he.jpeg
Not Found: /favicon.ico
Not Found: /static/img/he.jpeg
Not Found: /favicon.ico
Not Found: /static/img/he.jpeg
Not Found: /favicon.ico
Not Found: /static/img/he.jpeg
Not Found: /favicon.ico
Not Found: /static/img/he.jpeg
Not Found: /favicon.ico
Not Found: /static/img/he.jpeg
Not Found: /static/img/he.jpeg
Not Found: /favicon.ico
Not Found: /static/img/he.jpeg
Not Found: /favicon.ico
Not Found: /service/IMAGE_URL_5
Not Found: /service/IMAGE_URL_3
Not Found: /service/IMAGE_URL_1
Not Found: /service/IMAGE_URL_6
Not Found: /static/css/services.css
Not Found: /service/IMAGE_URL_2
Not Found: /service/IMAGE_URL_4
Not Found: /static/img/banner-img.jpg
Not Found: /static/css/services.css
Not Found: /service/IMAGE_URL_1
Not Found: /service/IMAGE_URL_2
Not Found: /service/IMAGE_URL_6
Not Found: /service/IMAGE_URL_3
Not Found: /service/IMAGE_URL_4
Not Found: /service/IMAGE_URL_5
Not Found: /static/css/services.css
Not Found: /static/img/banner-img.jpg
Not Found: /favicon.ico
Not Found: /static/css/services.css
Not Found: /static/img/banner-img.jpg
Not Found: /favicon.ico
Not Found: /static/css/services.css
Not Found: /static/img/banner-img.jpg
Not Found: /favicon.ico
Not Found: /static/css/services.css
Not Found: /static/img/banner-img.jpg
Not Found: /favicon.ico
Not Found: /static/css/services.css
Not Found: /static/img/banner-img.jpg
Not Found: /favicon.ico
Not Found: /static/css/services.css
Not Found: /static/css/services.css
Not Found: /static/img/banner-img.jpg
Not Found: /favicon.ico
Not Found: /static/css/services.css
Not Found: /static/img/banner-img.jpg
Not Found: /favicon.ico
Not Found: /static/css/services.css
Not Found: /static/img/banner-img.jpg
Not Found: /favicon.ico
Not Found: /static/css/services.css
Not Found: /static/img/banner-img.jpg
Not Found: /favicon.ico
Not Found: /static/css/services.css
Not Found: /static/img/banner-img.jpg
Not Found: /favicon.ico
Not Found: /static/css/services.css
Not Found: /static/img/banner-img.jpg
Not Found: /favicon.ico
Not Found: /static/css/services.css
Not Found: /static/img/banner-img.jpg
Not Found: /favicon.ico
Not Found: /static/css/services.css
Not Found: /static/img/banner-img.jpg
Not Found: /favicon.ico
Not Found: /static/img/he.jpeg
Not Found: /static/img/he.jpeg
Not Found: /favicon.ico
Not Found: /static/img/he.jpeg
Not Found: /favicon.ico
Not Found: /static/img/he.jpeg
Not Found: /favicon.ico
Not Found: /static/img/he.jpeg
Not Found: /favicon.ico
Not Found: /static/img/he.jpeg
Not Found: /favicon.ico
Not Found: /static/img/he.jpeg
Not Found: /favicon.ico
Not Found: /static/css/services.css
Not Found: /static/img/banner-img.jpg
Not Found: /static/css/services.css
Not Found: /static/img/banner-img.jpg
Not Found: /favicon.ico
Not Found: /static/css/services.css
Not Found: /static/img/banner-img.jpg
Not Found: /favicon.ico
Not Found: /static/img/he.jpeg
Not Found: /static/img/fast-service.png
Not Found: /static/img/warranty.png
Not Found: /static/img/affordable.png
Not Found: /static/img/experienced-tech.png
Not Found: /static/img/guaranteed.png
Not Found: /static/img/customer-support.png
Not Found: /static/img/he.jpeg
Not Found: /favicon.ico
Not Found: /static/img/hero-appliance.jpg
Not Found: /static/img/he.jpeg
Not Found: /favicon.ico
Not Found: /static/img/hero-appliance.jpg
Not Found: /static/img/he.jpeg
Not Found: /favicon.ico
Not Found: /static/img/hero-appliance.jpg
Not Found: /static/img/he.jpeg
Not Found: /favicon.ico
Not Found: /static/img/he.jpeg
Not Found: /favicon.ico
Not Found: /static/img/he.jpeg
Not Found: /static/img/hero-appliance.jpg
Not Found: /favicon.ico
Not Found: /static/img/he.jpeg
Not Found: /static/img/hero-appliance.jpg
Not Found: /favicon.ico
Not Found: /static/img/he.jpeg
Not Found: /static/img/hero-appliance.jpg
Not Found: /favicon.ico
Not Found: /static/img/he.jpeg
Not Found: /favicon.ico
Not Found: /static/img/he.jpeg
Not Found: /favicon.ico
Not Found: /static/img/hero-appliance.jpg
Not Found: /static/img/he.jpeg
Not Found: /favicon.ico
Not Found: /static/img/he.jpeg
Not Found: /static/img/hero-appliance.jpg
Not Found: /favicon.ico
Not Found: /static/img/hero-appliance.jpg
Not Found: /static/img/he.jpeg
Not Found: /favicon.ico
Not Found: /static/img/he.jpeg
Not Found: /favicon.ico
Not Found: /static/img/he.jpeg
Not Found: /favicon.ico
Not Found: /static/img/he.jpeg
Not Found: /favicon.ico
Not Found: /favicon.ico
Not Found: /static/img/he.jpeg
Not Found: /favicon.ico
Not Found: /static/img/he.jpeg
Not Found: /favicon.ico
Not Found: /static/img/he.jpeg
Not Found: /favicon.ico
Not Found: /static/img/he.jpeg
Not Found: /favicon.ico
Not Found: /static/img/he.jpeg
Not Found: /favicon.ico
Not Found: /static/img/he.jpeg
Not Found: /favicon.ico
Not Found: /static/img/he.jpeg
Not Found: /favicon.ico
Not Found: /static/img/banner-img.jpg
Not Found: /static/css/services.css
Not Found: /static/css/services.css
Not Found: /static/img/banner-img.jpg
Not Found: /favicon.ico
Not Found: /static/css/services.css
Not Found: /static/img/banner-img.jpg
Not Found: /favicon.ico
Not Found: /static/css/services.css
Not Found: /static/img/banner-img.jpg
Not Found: /favicon.ico
Not Found: /static/css/services.css
Not Found: /static/img/banner-img.jpg
Not Found: /favicon.ico
Not Found: /static/css/services.css
Not Found: /static/img/he.jpeg
Not Found: /static/img/he.jpeg
Not Found: /favicon.ico
Not Found: /static/img/he.jpeg
Not Found: /favicon.ico
Not Found: /static/img/he.jpeg
Not Found: /favicon.ico
Not Found: /static/img/he.jpeg
Not Found: /favicon.ico
Not Found: /static/img/banner-img.jpg
Not Found: /static/img/banner-img.jpg
Not Found: /favicon.ico
Not Found: /static/img/banner-img.jpg
Not Found: /favicon.ico
Not Found: /static/img/banner-img.jpg
Not Found: /favicon.ico
Not Found: /static/css/services.css
Not Found: /static/css/contact.css
Not Found: /static/css/contact.css
Not Found: /static/img/banner-img.jpg
Not Found: /favicon.ico
Not Found: /static/img/he.jpeg
Not Found: /static/css/blog.css
Not Found: /static/css/blog.css
Not Found: /static/img/banner-img.jpg
Not Found: /static/img/he.jpeg
Not Found: /favicon.ico
Not Found: /static/css/contact.css
Not Found: /static/css/services.css
Not Found: /static/img/he.jpeg
Not Found: /favicon.ico
Not Found: /static/img/banner-img.jpg
Not Found: /static/img/banner-img.jpg
Not Found: /static/css/services.css
Not Found: /static/img/banner-img.jpg
Not Found: /static/css/contact.css
Not Found: /static/img/he.jpeg
Not Found: /favicon.ico
Not Found: /static/img/banner-img.jpg
Not Found: /static/img/banner-img.jpg
Not Found: /favicon.ico
Not Found: /static/css/services.css
Not Found: /static/css/contact.css
Not Found: /favicon.ico
Not Found: /static/img/he.jpeg
Not Found: /robots.txt
Not Found: /robots.txt
Not Found: /static/css/contact.css
Not Found: /static/img/banner-img.jpg
Not Found: /favicon.ico
Not Found: /static/css/contact.css
Not Found: /favicon.ico
Not Found: /robots.txt
Not Found: /robots.txt
Not Found: /static/img/he.jpeg
Not Found: /robots.txt
Not Found: /robots.txt
Not Found: /robots.txt
Not Found: /robots.txt
Not Found: /static/img/he.jpeg
Not Found: /favicon.ico
Not Found: /static/img/he.jpeg
Not Found: /static/img/banner-img.jpg
Not Found: /static/img/he.jpeg
Not Found: /static/css/services.css
Not Found: /static/css/contact.css
Not Found: /static/img/banner-img.jpg
Not Found: /favicon.ico
Not Found: /static/img/he.jpeg
Not Found: /static/img/banner-img.jpg
Not Found: /static/css/services.css
Not Found: /static/css/contact.css
Not Found: /static/css/contact.css
Not Found: /static/img/he.jpeg
Not Found: /favicon.ico
Not Found: /favicon.ico
Not Found: /static/css/services.css
Not Found: /static/css/contact.css
Not Found: /favicon.ico
Not Found: /static/img/he.jpeg
Not Found: /static/css/services.css
Not Found: /static/css/services.css
Not Found: /static/img/he.jpeg
Not Found: /favicon.ico
Not Found: /favicon.ico
Not Found: /static/img/he.jpeg
Not Found: /static/img/he.jpeg
Not Found: /favicon.ico
Not Found: /static/img/he.jpeg
Not Found: /favicon.ico
Not Found: /static/img/he.jpeg
Not Found: /favicon.ico
Not Found: /static/img/he.jpeg
Not Found: /favicon.ico
Not Found: /static/img/he.jpeg
Not Found: /static/css/services.css
Not Found: /static/css/services.css
Not Found: /static/css/contact.css
Not Found: /favicon.ico
Not Found: /robots.txt
Not Found: /robots.txt
Not Found: /favicon.ico
Forbidden (Referer checking failed - no Referer.): /
Forbidden (Referer checking failed - no Referer.): /
Forbidden (Referer checking failed - no Referer.): /
Forbidden (Referer checking failed - no Referer.): /
Forbidden (Referer checking failed - no Referer.): /
Forbidden (Referer checking failed - no Referer.): /
Forbidden (Referer checking failed - no Referer.): /
Not Found: /robots.txt
Forbidden (Referer checking failed - no Referer.): /
Forbidden (Referer checking failed - no Referer.): /
Forbidden (Referer checking failed - no Referer.): /
Forbidden (Referer checking failed - no Referer.): /
Forbidden (Referer checking failed - no Referer.): /
Forbidden (Referer checking failed - no Referer.): /
Not Found: /apple-touch-icon.png
Not Found: /apple-touch-icon-precomposed.png
Not Found: /favicon.ico
Not Found: /robots.txt
Not Found: /robots.txt
Not Found: /robots.txt
Not Found: /robots.txt
Not Found: /robots.txt
Not Found: /favicon.ico
Not Found: /robots.txt
Not Found: /robots.txt
Not Found: /static/img/he.jpeg
Not Found: /favicon.ico
Not Found: /static/img/he.jpeg
Not Found: /static/img/he.jpeg
Not Found: /favicon.ico
Not Found: /wp-json/wc/v3
Not Found: /magento_version
Not Found: /index.php
Not Found: /index.php
Not Found: /index.php
Not Found: /index.php
Not Found: /wp-json/
Not Found: /static/img/he.jpeg
Not Found: /wp-content/plugins/hellopress/wp_filemanager.php
Not Found: /baixy.php
Not Found: /bgymj.php
Not Found: /nf.php
Not Found: /davaa.php
Not Found: /ceiif.php
Not Found: /sst.php
Not Found: /class-db.php
Not Found: /tmpls.php
Not Found: /ver.php
Not Found: /ultra.php
Not Found: /pro.php
Not Found: /wp-good.php
Not Found: /e.php
Not Found: /data.php
Not Found: /abcd.php
Not Found: /z.php
Not Found: /css.php
Not Found: /image.php
Not Found: /file22.php
Not Found: /check.php
Not Found: /wp-header-json.php
Not Found: /fm.php
Not Found: /1.php
Not Found: /ws.php
Not Found: /xxxx.php
Not Found: /wp-configs.php
Not Found: /xmlrpc.php
Not Found: /file56.php
Not Found: /990.php
Not Found: /error.php
Not Found: /robots.txt
Not Found: /robots.txt
Not Found: /robots.txt
Not Found: /wp-json/wc/v3
Not Found: /magento_version
Not Found: /index.php
Not Found: /index.php
Not Found: /index.php
Not Found: /index.php
Not Found: /wp-json/
Not Found: /robots.txt
Not Found: /static/css/services.css
Not Found: /static/css/services.css
Not Found: /favicon.ico
Not Found: /static/img/he.jpeg
Not Found: /static/img/he.jpeg
Not Found: /favicon.ico
Not Found: /static/img/he.jpeg
Not Found: /favicon.ico
Not Found: /robots.txt
Not Found: /robots.txt
Not Found: /wp-json/wc/v3
Not Found: /magento_version
Not Found: /index.php
Not Found: /index.php
Not Found: /index.php
Not Found: /index.php
Not Found: /wp-json/
Not Found: /wp-json/wc/v3
Not Found: /magento_version
Not Found: /index.php
Not Found: /index.php
Not Found: /index.php
Not Found: /index.php
Not Found: /wp-json/
Not Found: /robots.txt
Not Found: /robots.txt
Not Found: /robots.txt
Not Found: /robots.txt
Not Found: /robots.txt
Not Found: /robots.txt
Not Found: /static/img/he.jpeg
Not Found: /favicon.ico
Not Found: /wp-content/plugins/hellopress/wp_filemanager.php
Not Found: /rip.php
Not Found: /robots.txt
Not Found: /robots.txt
Not Found: /static/lib/owlcarousel/+a+
Not Found: /static/css/contact.css
Not Found: /static/css/services.css
Not Found: /static/img/he.jpeg
Not Found: /static/img/banner-img.jpg
Not Found: /static/img/hero-appliance.jpg
Not Found: /wp-content/plugins/hellopress/wp_filemanager.php
Not Found: /rip.php
Not Found: /robots.txt
Not Found: /robots.txt
Not Found: /apple-touch-icon-precomposed.png
Not Found: /favicon.ico
Not Found: /apple-touch-icon.png
Not Found: /static/img/he.jpeg
Not Found: /static/img/he.jpeg
Not Found: /favicon.ico
Not Found: /static/img/he.jpeg
Not Found: /static/img/he.jpeg
Not Found: /favicon.ico
Not Found: /static/img/he.jpeg
Not Found: /favicon.ico
Not Found: /static/img/he.jpeg
Not Found: /static/img/he.jpeg
Not Found: /favicon.ico
Not Found: /static/img/he.jpeg
Not Found: /static/img/he.jpeg
Not Found: /static/img/he.jpeg
Not Found: /static/img/he.jpeg
Not Found: /static/img/he.jpeg
Not Found: /static/img/he.jpeg
Not Found: /favicon.ico
Not Found: /favicon.ico
Not Found: /static/img/he.jpeg
Not Found: /robots.txt
Not Found: /favicon.ico
Not Found: /xmlrpc.php
Not Found: /xmlrpc.php
Not Found: /xmlrpc.php
Not Found: /wp-login.php
Not Found: /wp-login.php
Not Found: /xmlrpc.php
Not Found: /xmlrpc.php
Not Found: /wp-login.php
Not Found: /wp-login.php
Not Found: /wp-login.php
Not Found: /wp-login.php
Not Found: /robots.txt
Not Found: /static/img/banner-img.jpg
Not Found: /static/img/hero-appliance.jpg
Not Found: /static/img/he.jpeg
Not Found: /static/lib/owlcarousel/+a+
Not Found: /static/css/services.css
Not Found: /static/css/contact.css
Not Found: /static/img/he.jpeg
Not Found: /favicon.ico
Not Found: /static/img/he.jpeg
Not Found: /static/img/he.jpeg
Not Found: /static/img/he.jpeg
Not Found: /favicon.ico
Not Found: /static/css/services.css
Not Found: /static/css/contact.css
Not Found: /static/css/services.css
Not Found: /static/css/contact.css
Not Found: /static/img/he.jpeg
Not Found: /favicon.ico
Not Found: /static/img/he.jpeg
Not Found: /favicon.ico
Not Found: /static/img/he.jpeg
Not Found: /favicon.ico
Not Found: /static/css/services.css
Not Found: /static/img/he.jpeg
Not Found: /static/img/he.jpeg
Not Found: /favicon.ico
Not Found: /static/img/he.jpeg
Not Found: /static/img/he.jpeg
Not Found: /static/img/he.jpeg
Not Found: /favicon.ico
Not Found: /static/img/he.jpeg
Not Found: /static/img/he.jpeg
Not Found: /static/img/he.jpeg
Not Found: /favicon.ico
Not Found: /static/img/he.jpeg
Not Found: /static/css/services.css
Not Found: /static/css/contact.css
Not Found: /static/css/contact.css
Not Found: /static/img/he.jpeg
Not Found: /favicon.ico
Not Found: /static/img/he.jpeg
Not Found: /static/css/services.css
Not Found: /static/css/contact.css
[ERROR] [UID:1788][4020747] wsgiAppHandler pApp->start_response() return NULL.
Traceback (most recent call last):
  File "/home/hightech/virtualenv/project.columbiatransportation.com/air/3.10/lib/python3.10/site-packages/django/core/handlers/exception.py", line 55, in inner
    response = get_response(request)
  File "/home/hightech/virtualenv/project.columbiatransportation.com/air/3.10/lib/python3.10/site-packages/django/core/handlers/base.py", line 181, in _get_response
    callback, callback_args, callback_kwargs = self.resolve_request(request)
  File "/home/hightech/virtualenv/project.columbiatransportation.com/air/3.10/lib/python3.10/site-packages/django/core/handlers/base.py", line 313, in resolve_request
    resolver_match = resolver.resolve(request.path_info)
  File "/home/hightech/virtualenv/project.columbiatransportation.com/air/3.10/lib/python3.10/site-packages/django/urls/resolvers.py", line 666, in resolve
    for pattern in self.url_patterns:
  File "/home/hightech/virtualenv/project.columbiatransportation.com/air/3.10/lib/python3.10/site-packages/django/utils/functional.py", line 47, in __get__
    res = instance.__dict__[self.name] = self.func(instance)
  File "/home/hightech/virtualenv/project.columbiatransportation.com/air/3.10/lib/python3.10/site-packages/django/urls/resolvers.py", line 718, in url_patterns
    patterns = getattr(self.urlconf_module, "urlpatterns", self.urlconf_module)
  File "/home/hightech/virtualenv/project.columbiatransportation.com/air/3.10/lib/python3.10/site-packages/django/utils/functional.py", line 47, in __get__
    res = instance.__dict__[self.name] = self.func(instance)
  File "/home/hightech/virtualenv/project.columbiatransportation.com/air/3.10/lib/python3.10/site-packages/django/urls/resolvers.py", line 711, in urlconf_module
    return import_module(self.urlconf_name)
  File "/opt/alt/python310/lib64/python3.10/importlib/__init__.py", line 126, in import_module
    return _bootstrap._gcd_import(name[level:], package, level)
  File "<frozen importlib._bootstrap>", line 1050, in _gcd_import
  File "<frozen importlib._bootstrap>", line 1027, in _find_and_load
  File "<frozen importlib._bootstrap>", line 1006, in _find_and_load_unlocked
  File "<frozen importlib._bootstrap>", line 688, in _load_unlocked
  File "<frozen importlib._bootstrap_external>", line 883, in exec_module
  File "<frozen importlib._bootstrap>", line 241, in _call_with_frames_removed
  File "/home/hightech/project.columbiatransportation.com/air/air/urls.py", line 24, in <module>
    path('',include('main.urls'))
  File "/home/hightech/virtualenv/project.columbiatransportation.com/air/3.10/lib/python3.10/site-packages/django/urls/conf.py", line 39, in include
    urlconf_module = import_module(urlconf_module)
  File "/opt/alt/python310/lib64/python3.10/importlib/__init__.py", line 126, in import_module
    return _bootstrap._gcd_import(name[level:], package, level)
  File "<frozen importlib._bootstrap>", line 1050, in _gcd_import
  File "<frozen importlib._bootstrap>", line 1027, in _find_and_load
  File "<frozen importlib._bootstrap>", line 1006, in _find_and_load_unlocked
  File "<frozen importlib._bootstrap>", line 688, in _load_unlocked
  File "<frozen importlib._bootstrap_external>", line 883, in exec_module
  File "<frozen importlib._bootstrap>", line 241, in _call_with_frames_removed
  File "/home/hightech/project.columbiatransportation.com/air/main/urls.py", line 2, in <module>
    from .views import index
  File "/home/hightech/project.columbiatransportation.com/air/main/views.py", line 5, in <module>
    from .forms import InquiryForm, ContactForm, ScheduleContactForm
  File "/home/hightech/project.columbiatransportation.com/air/main/forms.py", line 2, in <module>
    from .models import Inquiry, Contact, ScheduleContact
ImportError: cannot import name 'ScheduleContact' from 'main.models' (/home/hightech/project.columbiatransportation.com/air/main/models.py)

During handling of the above exception, another exception occurred:

Traceback (most recent call last):
  File "/home/hightech/virtualenv/project.columbiatransportation.com/air/3.10/lib/python3.10/site-packages/django/core/handlers/exception.py", line 55, in inner
    response = get_response(request)
  File "/home/hightech/virtualenv/project.columbiatransportation.com/air/3.10/lib/python3.10/site-packages/django/utils/deprecation.py", line 120, in __call__
    response = response or self.get_response(request)
  File "/home/hightech/virtualenv/project.columbiatransportation.com/air/3.10/lib/python3.10/site-packages/django/core/handlers/exception.py", line 57, in inner
    response = response_for_exception(request, exc)
  File "/home/hightech/virtualenv/project.columbiatransportation.com/air/3.10/lib/python3.10/site-packages/django/core/handlers/exception.py", line 141, in response_for_exception
    response = handle_uncaught_exception(
  File "/home/hightech/virtualenv/project.columbiatransportation.com/air/3.10/lib/python3.10/site-packages/django/core/handlers/exception.py", line 182, in handle_uncaught_exception
    return debug.technical_500_response(request, *exc_info)
  File "/home/hightech/virtualenv/project.columbiatransportation.com/air/3.10/lib/python3.10/site-packages/django/views/debug.py", line 69, in technical_500_response
    html = reporter.get_traceback_html()
  File "/home/hightech/virtualenv/project.columbiatransportation.com/air/3.10/lib/python3.10/site-packages/django/views/debug.py", line 428, in get_traceback_html
    c = Context(self.get_traceback_data(), use_l10n=False)
  File "/home/hightech/virtualenv/project.columbiatransportation.com/air/3.10/lib/python3.10/site-packages/django/views/debug.py", line 411, in get_traceback_data
    c["raising_view_name"] = get_caller(self.request)
  File "/home/hightech/virtualenv/project.columbiatransportation.com/air/3.10/lib/python3.10/site-packages/django/views/debug.py", line 102, in get_caller
    resolver_match = resolve(request.path)
  File "/home/hightech/virtualenv/project.columbiatransportation.com/air/3.10/lib/python3.10/site-packages/django/urls/base.py", line 25, in resolve
    return get_resolver(urlconf).resolve(path)
  File "/home/hightech/virtualenv/project.columbiatransportation.com/air/3.10/lib/python3.10/site-packages/django/urls/resolvers.py", line 666, in resolve
    for pattern in self.url_patterns:
  File "/home/hightech/virtualenv/project.columbiatransportation.com/air/3.10/lib/python3.10/site-packages/django/utils/functional.py", line 47, in __get__
    res = instance.__dict__[self.name] = self.func(instance)
  File "/home/hightech/virtualenv/project.columbiatransportation.com/air/3.10/lib/python3.10/site-packages/django/urls/resolvers.py", line 718, in url_patterns
    patterns = getattr(self.urlconf_module, "urlpatterns", self.urlconf_module)
  File "/home/hightech/virtualenv/project.columbiatransportation.com/air/3.10/lib/python3.10/site-packages/django/utils/functional.py", line 47, in __get__
    res = instance.__dict__[self.name] = self.func(instance)
  File "/home/hightech/virtualenv/project.columbiatransportation.com/air/3.10/lib/python3.10/site-packages/django/urls/resolvers.py", line 711, in urlconf_module
    return import_module(self.urlconf_name)
  File "/opt/alt/python310/lib64/python3.10/importlib/__init__.py", line 126, in import_module
    return _bootstrap._gcd_import(name[level:], package, level)
  File "<frozen importlib._bootstrap>", line 1050, in _gcd_import
  File "<frozen importlib._bootstrap>", line 1027, in _find_and_load
  File "<frozen importlib._bootstrap>", line 1006, in _find_and_load_unlocked
  File "<frozen importlib._bootstrap>", line 688, in _load_unlocked
  File "<frozen importlib._bootstrap_external>", line 883, in exec_module
  File "<frozen importlib._bootstrap>", line 241, in _call_with_frames_removed
  File "/home/hightech/project.columbiatransportation.com/air/air/urls.py", line 24, in <module>
    path('',include('main.urls'))
  File "/home/hightech/virtualenv/project.columbiatransportation.com/air/3.10/lib/python3.10/site-packages/django/urls/conf.py", line 39, in include
    urlconf_module = import_module(urlconf_module)
  File "/opt/alt/python310/lib64/python3.10/importlib/__init__.py", line 126, in import_module
    return _bootstrap._gcd_import(name[level:], package, level)
  File "<frozen importlib._bootstrap>", line 1050, in _gcd_import
  File "<frozen importlib._bootstrap>", line 1027, in _find_and_load
  File "<frozen importlib._bootstrap>", line 1006, in _find_and_load_unlocked
  File "<frozen importlib._bootstrap>", line 688, in _load_unlocked
  File "<frozen importlib._bootstrap_external>", line 883, in exec_module
  File "<frozen importlib._bootstrap>", line 241, in _call_with_frames_removed
  File "/home/hightech/project.columbiatransportation.com/air/main/urls.py", line 2, in <module>
    from .views import index
  File "/home/hightech/project.columbiatransportation.com/air/main/views.py", line 5, in <module>
    from .forms import InquiryForm, ContactForm, ScheduleContactForm
  File "/home/hightech/project.columbiatransportation.com/air/main/forms.py", line 2, in <module>
    from .models import Inquiry, Contact, ScheduleContact
ImportError: cannot import name 'ScheduleContact' from 'main.models' (/home/hightech/project.columbiatransportation.com/air/main/models.py)

During handling of the above exception, another exception occurred:

Traceback (most recent call last):
  File "/home/hightech/virtualenv/project.columbiatransportation.com/air/3.10/lib/python3.10/site-packages/django/core/handlers/exception.py", line 55, in inner
    response = get_response(request)
  File "/home/hightech/virtualenv/project.columbiatransportation.com/air/3.10/lib/python3.10/site-packages/django/utils/deprecation.py", line 120, in __call__
    response = response or self.get_response(request)
  File "/home/hightech/virtualenv/project.columbiatransportation.com/air/3.10/lib/python3.10/site-packages/django/core/handlers/exception.py", line 57, in inner
    response = response_for_exception(request, exc)
  File "/home/hightech/virtualenv/project.columbiatransportation.com/air/3.10/lib/python3.10/site-packages/django/core/handlers/exception.py", line 141, in response_for_exception
    response = handle_uncaught_exception(
  File "/home/hightech/virtualenv/project.columbiatransportation.com/air/3.10/lib/python3.10/site-packages/django/core/handlers/exception.py", line 182, in handle_uncaught_exception
    return debug.technical_500_response(request, *exc_info)
  File "/home/hightech/virtualenv/project.columbiatransportation.com/air/3.10/lib/python3.10/site-packages/django/views/debug.py", line 69, in technical_500_response
    html = reporter.get_traceback_html()
  File "/home/hightech/virtualenv/project.columbiatransportation.com/air/3.10/lib/python3.10/site-packages/django/views/debug.py", line 428, in get_traceback_html
    c = Context(self.get_traceback_data(), use_l10n=False)
  File "/home/hightech/virtualenv/project.columbiatransportation.com/air/3.10/lib/python3.10/site-packages/django/views/debug.py", line 411, in get_traceback_data
    c["raising_view_name"] = get_caller(self.request)
  File "/home/hightech/virtualenv/project.columbiatransportation.com/air/3.10/lib/python3.10/site-packages/django/views/debug.py", line 102, in get_caller
    resolver_match = resolve(request.path)
  File "/home/hightech/virtualenv/project.columbiatransportation.com/air/3.10/lib/python3.10/site-packages/django/urls/base.py", line 25, in resolve
    return get_resolver(urlconf).resolve(path)
  File "/home/hightech/virtualenv/project.columbiatransportation.com/air/3.10/lib/python3.10/site-packages/django/urls/resolvers.py", line 666, in resolve
    for pattern in self.url_patterns:
  File "/home/hightech/virtualenv/project.columbiatransportation.com/air/3.10/lib/python3.10/site-packages/django/utils/functional.py", line 47, in __get__
    res = instance.__dict__[self.name] = self.func(instance)
  File "/home/hightech/virtualenv/project.columbiatransportation.com/air/3.10/lib/python3.10/site-packages/django/urls/resolvers.py", line 718, in url_patterns
    patterns = getattr(self.urlconf_module, "urlpatterns", self.urlconf_module)
  File "/home/hightech/virtualenv/project.columbiatransportation.com/air/3.10/lib/python3.10/site-packages/django/utils/functional.py", line 47, in __get__
    res = instance.__dict__[self.name] = self.func(instance)
  File "/home/hightech/virtualenv/project.columbiatransportation.com/air/3.10/lib/python3.10/site-packages/django/urls/resolvers.py", line 711, in urlconf_module
    return import_module(self.urlconf_name)
  File "/opt/alt/python310/lib64/python3.10/importlib/__init__.py", line 126, in import_module
    return _bootstrap._gcd_import(name[level:], package, level)
  File "<frozen importlib._bootstrap>", line 1050, in _gcd_import
  File "<frozen importlib._bootstrap>", line 1027, in _find_and_load
  File "<frozen importlib._bootstrap>", line 1006, in _find_and_load_unlocked
  File "<frozen importlib._bootstrap>", line 688, in _load_unlocked
  File "<frozen importlib._bootstrap_external>", line 883, in exec_module
  File "<frozen importlib._bootstrap>", line 241, in _call_with_frames_removed
  File "/home/hightech/project.columbiatransportation.com/air/air/urls.py", line 24, in <module>
    path('',include('main.urls'))
  File "/home/hightech/virtualenv/project.columbiatransportation.com/air/3.10/lib/python3.10/site-packages/django/urls/conf.py", line 39, in include
    urlconf_module = import_module(urlconf_module)
  File "/opt/alt/python310/lib64/python3.10/importlib/__init__.py", line 126, in import_module
    return _bootstrap._gcd_import(name[level:], package, level)
  File "<frozen importlib._bootstrap>", line 1050, in _gcd_import
  File "<frozen importlib._bootstrap>", line 1027, in _find_and_load
  File "<frozen importlib._bootstrap>", line 1006, in _find_and_load_unlocked
  File "<frozen importlib._bootstrap>", line 688, in _load_unlocked
  File "<frozen importlib._bootstrap_external>", line 883, in exec_module
  File "<frozen importlib._bootstrap>", line 241, in _call_with_frames_removed
  File "/home/hightech/project.columbiatransportation.com/air/main/urls.py", line 2, in <module>
    from .views import index
  File "/home/hightech/project.columbiatransportation.com/air/main/views.py", line 5, in <module>
    from .forms import InquiryForm, ContactForm, ScheduleContactForm
  File "/home/hightech/project.columbiatransportation.com/air/main/forms.py", line 2, in <module>
    from .models import Inquiry, Contact, ScheduleContact
ImportError: cannot import name 'ScheduleContact' from 'main.models' (/home/hightech/project.columbiatransportation.com/air/main/models.py)

During handling of the above exception, another exception occurred:

Traceback (most recent call last):
  File "/home/hightech/virtualenv/project.columbiatransportation.com/air/3.10/lib/python3.10/site-packages/django/core/handlers/exception.py", line 55, in inner
    response = get_response(request)
  File "/home/hightech/virtualenv/project.columbiatransportation.com/air/3.10/lib/python3.10/site-packages/django/utils/deprecation.py", line 120, in __call__
    response = response or self.get_response(request)
  File "/home/hightech/virtualenv/project.columbiatransportation.com/air/3.10/lib/python3.10/site-packages/django/core/handlers/exception.py", line 57, in inner
    response = response_for_exception(request, exc)
  File "/home/hightech/virtualenv/project.columbiatransportation.com/air/3.10/lib/python3.10/site-packages/django/core/handlers/exception.py", line 141, in response_for_exception
    response = handle_uncaught_exception(
  File "/home/hightech/virtualenv/project.columbiatransportation.com/air/3.10/lib/python3.10/site-packages/django/core/handlers/exception.py", line 182, in handle_uncaught_exception
    return debug.technical_500_response(request, *exc_info)
  File "/home/hightech/virtualenv/project.columbiatransportation.com/air/3.10/lib/python3.10/site-packages/django/views/debug.py", line 69, in technical_500_response
    html = reporter.get_traceback_html()
  File "/home/hightech/virtualenv/project.columbiatransportation.com/air/3.10/lib/python3.10/site-packages/django/views/debug.py", line 428, in get_traceback_html
    c = Context(self.get_traceback_data(), use_l10n=False)
  File "/home/hightech/virtualenv/project.columbiatransportation.com/air/3.10/lib/python3.10/site-packages/django/views/debug.py", line 411, in get_traceback_data
    c["raising_view_name"] = get_caller(self.request)
  File "/home/hightech/virtualenv/project.columbiatransportation.com/air/3.10/lib/python3.10/site-packages/django/views/debug.py", line 102, in get_caller
    resolver_match = resolve(request.path)
  File "/home/hightech/virtualenv/project.columbiatransportation.com/air/3.10/lib/python3.10/site-packages/django/urls/base.py", line 25, in resolve
    return get_resolver(urlconf).resolve(path)
  File "/home/hightech/virtualenv/project.columbiatransportation.com/air/3.10/lib/python3.10/site-packages/django/urls/resolvers.py", line 666, in resolve
    for pattern in self.url_patterns:
  File "/home/hightech/virtualenv/project.columbiatransportation.com/air/3.10/lib/python3.10/site-packages/django/utils/functional.py", line 47, in __get__
    res = instance.__dict__[self.name] = self.func(instance)
  File "/home/hightech/virtualenv/project.columbiatransportation.com/air/3.10/lib/python3.10/site-packages/django/urls/resolvers.py", line 718, in url_patterns
    patterns = getattr(self.urlconf_module, "urlpatterns", self.urlconf_module)
  File "/home/hightech/virtualenv/project.columbiatransportation.com/air/3.10/lib/python3.10/site-packages/django/utils/functional.py", line 47, in __get__
    res = instance.__dict__[self.name] = self.func(instance)
  File "/home/hightech/virtualenv/project.columbiatransportation.com/air/3.10/lib/python3.10/site-packages/django/urls/resolvers.py", line 711, in urlconf_module
    return import_module(self.urlconf_name)
  File "/opt/alt/python310/lib64/python3.10/importlib/__init__.py", line 126, in import_module
    return _bootstrap._gcd_import(name[level:], package, level)
  File "<frozen importlib._bootstrap>", line 1050, in _gcd_import
  File "<frozen importlib._bootstrap>", line 1027, in _find_and_load
  File "<frozen importlib._bootstrap>", line 1006, in _find_and_load_unlocked
  File "<frozen importlib._bootstrap>", line 688, in _load_unlocked
  File "<frozen importlib._bootstrap_external>", line 883, in exec_module
  File "<frozen importlib._bootstrap>", line 241, in _call_with_frames_removed
  File "/home/hightech/project.columbiatransportation.com/air/air/urls.py", line 24, in <module>
    path('',include('main.urls'))
  File "/home/hightech/virtualenv/project.columbiatransportation.com/air/3.10/lib/python3.10/site-packages/django/urls/conf.py", line 39, in include
    urlconf_module = import_module(urlconf_module)
  File "/opt/alt/python310/lib64/python3.10/importlib/__init__.py", line 126, in import_module
    return _bootstrap._gcd_import(name[level:], package, level)
  File "<frozen importlib._bootstrap>", line 1050, in _gcd_import
  File "<frozen importlib._bootstrap>", line 1027, in _find_and_load
  File "<frozen importlib._bootstrap>", line 1006, in _find_and_load_unlocked
  File "<frozen importlib._bootstrap>", line 688, in _load_unlocked
  File "<frozen importlib._bootstrap_external>", line 883, in exec_module
  File "<frozen importlib._bootstrap>", line 241, in _call_with_frames_removed
  File "/home/hightech/project.columbiatransportation.com/air/main/urls.py", line 2, in <module>
    from .views import index
  File "/home/hightech/project.columbiatransportation.com/air/main/views.py", line 5, in <module>
    from .forms import InquiryForm, ContactForm, ScheduleContactForm
  File "/home/hightech/project.columbiatransportation.com/air/main/forms.py", line 2, in <module>
    from .models import Inquiry, Contact, ScheduleContact
ImportError: cannot import name 'ScheduleContact' from 'main.models' (/home/hightech/project.columbiatransportation.com/air/main/models.py)

During handling of the above exception, another exception occurred:

Traceback (most recent call last):
  File "/home/hightech/virtualenv/project.columbiatransportation.com/air/3.10/lib/python3.10/site-packages/django/core/handlers/exception.py", line 55, in inner
    response = get_response(request)
  File "/home/hightech/virtualenv/project.columbiatransportation.com/air/3.10/lib/python3.10/site-packages/django/utils/deprecation.py", line 120, in __call__
    response = response or self.get_response(request)
  File "/home/hightech/virtualenv/project.columbiatransportation.com/air/3.10/lib/python3.10/site-packages/django/core/handlers/exception.py", line 57, in inner
    response = response_for_exception(request, exc)
  File "/home/hightech/virtualenv/project.columbiatransportation.com/air/3.10/lib/python3.10/site-packages/django/core/handlers/exception.py", line 141, in response_for_exception
    response = handle_uncaught_exception(
  File "/home/hightech/virtualenv/project.columbiatransportation.com/air/3.10/lib/python3.10/site-packages/django/core/handlers/exception.py", line 182, in handle_uncaught_exception
    return debug.technical_500_response(request, *exc_info)
  File "/home/hightech/virtualenv/project.columbiatransportation.com/air/3.10/lib/python3.10/site-packages/django/views/debug.py", line 69, in technical_500_response
    html = reporter.get_traceback_html()
  File "/home/hightech/virtualenv/project.columbiatransportation.com/air/3.10/lib/python3.10/site-packages/django/views/debug.py", line 428, in get_traceback_html
    c = Context(self.get_traceback_data(), use_l10n=False)
  File "/home/hightech/virtualenv/project.columbiatransportation.com/air/3.10/lib/python3.10/site-packages/django/views/debug.py", line 411, in get_traceback_data
    c["raising_view_name"] = get_caller(self.request)
  File "/home/hightech/virtualenv/project.columbiatransportation.com/air/3.10/lib/python3.10/site-packages/django/views/debug.py", line 102, in get_caller
    resolver_match = resolve(request.path)
  File "/home/hightech/virtualenv/project.columbiatransportation.com/air/3.10/lib/python3.10/site-packages/django/urls/base.py", line 25, in resolve
    return get_resolver(urlconf).resolve(path)
  File "/home/hightech/virtualenv/project.columbiatransportation.com/air/3.10/lib/python3.10/site-packages/django/urls/resolvers.py", line 666, in resolve
    for pattern in self.url_patterns:
  File "/home/hightech/virtualenv/project.columbiatransportation.com/air/3.10/lib/python3.10/site-packages/django/utils/functional.py", line 47, in __get__
    res = instance.__dict__[self.name] = self.func(instance)
  File "/home/hightech/virtualenv/project.columbiatransportation.com/air/3.10/lib/python3.10/site-packages/django/urls/resolvers.py", line 718, in url_patterns
    patterns = getattr(self.urlconf_module, "urlpatterns", self.urlconf_module)
  File "/home/hightech/virtualenv/project.columbiatransportation.com/air/3.10/lib/python3.10/site-packages/django/utils/functional.py", line 47, in __get__
    res = instance.__dict__[self.name] = self.func(instance)
  File "/home/hightech/virtualenv/project.columbiatransportation.com/air/3.10/lib/python3.10/site-packages/django/urls/resolvers.py", line 711, in urlconf_module
    return import_module(self.urlconf_name)
  File "/opt/alt/python310/lib64/python3.10/importlib/__init__.py", line 126, in import_module
    return _bootstrap._gcd_import(name[level:], package, level)
  File "<frozen importlib._bootstrap>", line 1050, in _gcd_import
  File "<frozen importlib._bootstrap>", line 1027, in _find_and_load
  File "<frozen importlib._bootstrap>", line 1006, in _find_and_load_unlocked
  File "<frozen importlib._bootstrap>", line 688, in _load_unlocked
  File "<frozen importlib._bootstrap_external>", line 883, in exec_module
  File "<frozen importlib._bootstrap>", line 241, in _call_with_frames_removed
  File "/home/hightech/project.columbiatransportation.com/air/air/urls.py", line 24, in <module>
    path('',include('main.urls'))
  File "/home/hightech/virtualenv/project.columbiatransportation.com/air/3.10/lib/python3.10/site-packages/django/urls/conf.py", line 39, in include
    urlconf_module = import_module(urlconf_module)
  File "/opt/alt/python310/lib64/python3.10/importlib/__init__.py", line 126, in import_module
    return _bootstrap._gcd_import(name[level:], package, level)
  File "<frozen importlib._bootstrap>", line 1050, in _gcd_import
  File "<frozen importlib._bootstrap>", line 1027, in _find_and_load
  File "<frozen importlib._bootstrap>", line 1006, in _find_and_load_unlocked
  File "<frozen importlib._bootstrap>", line 688, in _load_unlocked
  File "<frozen importlib._bootstrap_external>", line 883, in exec_module
  File "<frozen importlib._bootstrap>", line 241, in _call_with_frames_removed
  File "/home/hightech/project.columbiatransportation.com/air/main/urls.py", line 2, in <module>
    from .views import index
  File "/home/hightech/project.columbiatransportation.com/air/main/views.py", line 5, in <module>
    from .forms import InquiryForm, ContactForm, ScheduleContactForm
  File "/home/hightech/project.columbiatransportation.com/air/main/forms.py", line 2, in <module>
    from .models import Inquiry, Contact, ScheduleContact
ImportError: cannot import name 'ScheduleContact' from 'main.models' (/home/hightech/project.columbiatransportation.com/air/main/models.py)

During handling of the above exception, another exception occurred:

Traceback (most recent call last):
  File "/home/hightech/virtualenv/project.columbiatransportation.com/air/3.10/lib/python3.10/site-packages/django/core/handlers/exception.py", line 55, in inner
    response = get_response(request)
  File "/home/hightech/virtualenv/project.columbiatransportation.com/air/3.10/lib/python3.10/site-packages/django/utils/deprecation.py", line 120, in __call__
    response = response or self.get_response(request)
  File "/home/hightech/virtualenv/project.columbiatransportation.com/air/3.10/lib/python3.10/site-packages/django/core/handlers/exception.py", line 57, in inner
    response = response_for_exception(request, exc)
  File "/home/hightech/virtualenv/project.columbiatransportation.com/air/3.10/lib/python3.10/site-packages/django/core/handlers/exception.py", line 141, in response_for_exception
    response = handle_uncaught_exception(
  File "/home/hightech/virtualenv/project.columbiatransportation.com/air/3.10/lib/python3.10/site-packages/django/core/handlers/exception.py", line 182, in handle_uncaught_exception
    return debug.technical_500_response(request, *exc_info)
  File "/home/hightech/virtualenv/project.columbiatransportation.com/air/3.10/lib/python3.10/site-packages/django/views/debug.py", line 69, in technical_500_response
    html = reporter.get_traceback_html()
  File "/home/hightech/virtualenv/project.columbiatransportation.com/air/3.10/lib/python3.10/site-packages/django/views/debug.py", line 428, in get_traceback_html
    c = Context(self.get_traceback_data(), use_l10n=False)
  File "/home/hightech/virtualenv/project.columbiatransportation.com/air/3.10/lib/python3.10/site-packages/django/views/debug.py", line 411, in get_traceback_data
    c["raising_view_name"] = get_caller(self.request)
  File "/home/hightech/virtualenv/project.columbiatransportation.com/air/3.10/lib/python3.10/site-packages/django/views/debug.py", line 102, in get_caller
    resolver_match = resolve(request.path)
  File "/home/hightech/virtualenv/project.columbiatransportation.com/air/3.10/lib/python3.10/site-packages/django/urls/base.py", line 25, in resolve
    return get_resolver(urlconf).resolve(path)
  File "/home/hightech/virtualenv/project.columbiatransportation.com/air/3.10/lib/python3.10/site-packages/django/urls/resolvers.py", line 666, in resolve
    for pattern in self.url_patterns:
  File "/home/hightech/virtualenv/project.columbiatransportation.com/air/3.10/lib/python3.10/site-packages/django/utils/functional.py", line 47, in __get__
    res = instance.__dict__[self.name] = self.func(instance)
  File "/home/hightech/virtualenv/project.columbiatransportation.com/air/3.10/lib/python3.10/site-packages/django/urls/resolvers.py", line 718, in url_patterns
    patterns = getattr(self.urlconf_module, "urlpatterns", self.urlconf_module)
  File "/home/hightech/virtualenv/project.columbiatransportation.com/air/3.10/lib/python3.10/site-packages/django/utils/functional.py", line 47, in __get__
    res = instance.__dict__[self.name] = self.func(instance)
  File "/home/hightech/virtualenv/project.columbiatransportation.com/air/3.10/lib/python3.10/site-packages/django/urls/resolvers.py", line 711, in urlconf_module
    return import_module(self.urlconf_name)
  File "/opt/alt/python310/lib64/python3.10/importlib/__init__.py", line 126, in import_module
    return _bootstrap._gcd_import(name[level:], package, level)
  File "<frozen importlib._bootstrap>", line 1050, in _gcd_import
  File "<frozen importlib._bootstrap>", line 1027, in _find_and_load
  File "<frozen importlib._bootstrap>", line 1006, in _find_and_load_unlocked
  File "<frozen importlib._bootstrap>", line 688, in _load_unlocked
  File "<frozen importlib._bootstrap_external>", line 883, in exec_module
  File "<frozen importlib._bootstrap>", line 241, in _call_with_frames_removed
  File "/home/hightech/project.columbiatransportation.com/air/air/urls.py", line 24, in <module>
    path('',include('main.urls'))
  File "/home/hightech/virtualenv/project.columbiatransportation.com/air/3.10/lib/python3.10/site-packages/django/urls/conf.py", line 39, in include
    urlconf_module = import_module(urlconf_module)
  File "/opt/alt/python310/lib64/python3.10/importlib/__init__.py", line 126, in import_module
    return _bootstrap._gcd_import(name[level:], package, level)
  File "<frozen importlib._bootstrap>", line 1050, in _gcd_import
  File "<frozen importlib._bootstrap>", line 1027, in _find_and_load
  File "<frozen importlib._bootstrap>", line 1006, in _find_and_load_unlocked
  File "<frozen importlib._bootstrap>", line 688, in _load_unlocked
  File "<frozen importlib._bootstrap_external>", line 883, in exec_module
  File "<frozen importlib._bootstrap>", line 241, in _call_with_frames_removed
  File "/home/hightech/project.columbiatransportation.com/air/main/urls.py", line 2, in <module>
    from .views import index
  File "/home/hightech/project.columbiatransportation.com/air/main/views.py", line 5, in <module>
    from .forms import InquiryForm, ContactForm, ScheduleContactForm
  File "/home/hightech/project.columbiatransportation.com/air/main/forms.py", line 2, in <module>
    from .models import Inquiry, Contact, ScheduleContact
ImportError: cannot import name 'ScheduleContact' from 'main.models' (/home/hightech/project.columbiatransportation.com/air/main/models.py)

During handling of the above exception, another exception occurred:

Traceback (most recent call last):
  File "/home/hightech/virtualenv/project.columbiatransportation.com/air/3.10/lib/python3.10/site-packages/django/core/handlers/exception.py", line 55, in inner
    response = get_response(request)
  File "/home/hightech/virtualenv/project.columbiatransportation.com/air/3.10/lib/python3.10/site-packages/django/utils/deprecation.py", line 120, in __call__
    response = response or self.get_response(request)
  File "/home/hightech/virtualenv/project.columbiatransportation.com/air/3.10/lib/python3.10/site-packages/django/core/handlers/exception.py", line 57, in inner
    response = response_for_exception(request, exc)
  File "/home/hightech/virtualenv/project.columbiatransportation.com/air/3.10/lib/python3.10/site-packages/django/core/handlers/exception.py", line 141, in response_for_exception
    response = handle_uncaught_exception(
  File "/home/hightech/virtualenv/project.columbiatransportation.com/air/3.10/lib/python3.10/site-packages/django/core/handlers/exception.py", line 182, in handle_uncaught_exception
    return debug.technical_500_response(request, *exc_info)
  File "/home/hightech/virtualenv/project.columbiatransportation.com/air/3.10/lib/python3.10/site-packages/django/views/debug.py", line 69, in technical_500_response
    html = reporter.get_traceback_html()
  File "/home/hightech/virtualenv/project.columbiatransportation.com/air/3.10/lib/python3.10/site-packages/django/views/debug.py", line 428, in get_traceback_html
    c = Context(self.get_traceback_data(), use_l10n=False)
  File "/home/hightech/virtualenv/project.columbiatransportation.com/air/3.10/lib/python3.10/site-packages/django/views/debug.py", line 411, in get_traceback_data
    c["raising_view_name"] = get_caller(self.request)
  File "/home/hightech/virtualenv/project.columbiatransportation.com/air/3.10/lib/python3.10/site-packages/django/views/debug.py", line 102, in get_caller
    resolver_match = resolve(request.path)
  File "/home/hightech/virtualenv/project.columbiatransportation.com/air/3.10/lib/python3.10/site-packages/django/urls/base.py", line 25, in resolve
    return get_resolver(urlconf).resolve(path)
  File "/home/hightech/virtualenv/project.columbiatransportation.com/air/3.10/lib/python3.10/site-packages/django/urls/resolvers.py", line 666, in resolve
    for pattern in self.url_patterns:
  File "/home/hightech/virtualenv/project.columbiatransportation.com/air/3.10/lib/python3.10/site-packages/django/utils/functional.py", line 47, in __get__
    res = instance.__dict__[self.name] = self.func(instance)
  File "/home/hightech/virtualenv/project.columbiatransportation.com/air/3.10/lib/python3.10/site-packages/django/urls/resolvers.py", line 718, in url_patterns
    patterns = getattr(self.urlconf_module, "urlpatterns", self.urlconf_module)
  File "/home/hightech/virtualenv/project.columbiatransportation.com/air/3.10/lib/python3.10/site-packages/django/utils/functional.py", line 47, in __get__
    res = instance.__dict__[self.name] = self.func(instance)
  File "/home/hightech/virtualenv/project.columbiatransportation.com/air/3.10/lib/python3.10/site-packages/django/urls/resolvers.py", line 711, in urlconf_module
    return import_module(self.urlconf_name)
  File "/opt/alt/python310/lib64/python3.10/importlib/__init__.py", line 126, in import_module
    return _bootstrap._gcd_import(name[level:], package, level)
  File "<frozen importlib._bootstrap>", line 1050, in _gcd_import
  File "<frozen importlib._bootstrap>", line 1027, in _find_and_load
  File "<frozen importlib._bootstrap>", line 1006, in _find_and_load_unlocked
  File "<frozen importlib._bootstrap>", line 688, in _load_unlocked
  File "<frozen importlib._bootstrap_external>", line 883, in exec_module
  File "<frozen importlib._bootstrap>", line 241, in _call_with_frames_removed
  File "/home/hightech/project.columbiatransportation.com/air/air/urls.py", line 24, in <module>
    path('',include('main.urls'))
  File "/home/hightech/virtualenv/project.columbiatransportation.com/air/3.10/lib/python3.10/site-packages/django/urls/conf.py", line 39, in include
    urlconf_module = import_module(urlconf_module)
  File "/opt/alt/python310/lib64/python3.10/importlib/__init__.py", line 126, in import_module
    return _bootstrap._gcd_import(name[level:], package, level)
  File "<frozen importlib._bootstrap>", line 1050, in _gcd_import
  File "<frozen importlib._bootstrap>", line 1027, in _find_and_load
  File "<frozen importlib._bootstrap>", line 1006, in _find_and_load_unlocked
  File "<frozen importlib._bootstrap>", line 688, in _load_unlocked
  File "<frozen importlib._bootstrap_external>", line 883, in exec_module
  File "<frozen importlib._bootstrap>", line 241, in _call_with_frames_removed
  File "/home/hightech/project.columbiatransportation.com/air/main/urls.py", line 2, in <module>
    from .views import index
  File "/home/hightech/project.columbiatransportation.com/air/main/views.py", line 5, in <module>
    from .forms import InquiryForm, ContactForm, ScheduleContactForm
  File "/home/hightech/project.columbiatransportation.com/air/main/forms.py", line 2, in <module>
    from .models import Inquiry, Contact, ScheduleContact
ImportError: cannot import name 'ScheduleContact' from 'main.models' (/home/hightech/project.columbiatransportation.com/air/main/models.py)

During handling of the above exception, another exception occurred:

Traceback (most recent call last):
  File "/home/hightech/virtualenv/project.columbiatransportation.com/air/3.10/lib/python3.10/site-packages/django/core/handlers/exception.py", line 55, in inner
    response = get_response(request)
  File "/home/hightech/virtualenv/project.columbiatransportation.com/air/3.10/lib/python3.10/site-packages/django/utils/deprecation.py", line 120, in __call__
    response = response or self.get_response(request)
  File "/home/hightech/virtualenv/project.columbiatransportation.com/air/3.10/lib/python3.10/site-packages/django/core/handlers/exception.py", line 57, in inner
    response = response_for_exception(request, exc)
  File "/home/hightech/virtualenv/project.columbiatransportation.com/air/3.10/lib/python3.10/site-packages/django/core/handlers/exception.py", line 141, in response_for_exception
    response = handle_uncaught_exception(
  File "/home/hightech/virtualenv/project.columbiatransportation.com/air/3.10/lib/python3.10/site-packages/django/core/handlers/exception.py", line 182, in handle_uncaught_exception
    return debug.technical_500_response(request, *exc_info)
  File "/home/hightech/virtualenv/project.columbiatransportation.com/air/3.10/lib/python3.10/site-packages/django/views/debug.py", line 69, in technical_500_response
    html = reporter.get_traceback_html()
  File "/home/hightech/virtualenv/project.columbiatransportation.com/air/3.10/lib/python3.10/site-packages/django/views/debug.py", line 428, in get_traceback_html
    c = Context(self.get_traceback_data(), use_l10n=False)
  File "/home/hightech/virtualenv/project.columbiatransportation.com/air/3.10/lib/python3.10/site-packages/django/views/debug.py", line 411, in get_traceback_data
    c["raising_view_name"] = get_caller(self.request)
  File "/home/hightech/virtualenv/project.columbiatransportation.com/air/3.10/lib/python3.10/site-packages/django/views/debug.py", line 102, in get_caller
    resolver_match = resolve(request.path)
  File "/home/hightech/virtualenv/project.columbiatransportation.com/air/3.10/lib/python3.10/site-packages/django/urls/base.py", line 25, in resolve
    return get_resolver(urlconf).resolve(path)
  File "/home/hightech/virtualenv/project.columbiatransportation.com/air/3.10/lib/python3.10/site-packages/django/urls/resolvers.py", line 666, in resolve
    for pattern in self.url_patterns:
  File "/home/hightech/virtualenv/project.columbiatransportation.com/air/3.10/lib/python3.10/site-packages/django/utils/functional.py", line 47, in __get__
    res = instance.__dict__[self.name] = self.func(instance)
  File "/home/hightech/virtualenv/project.columbiatransportation.com/air/3.10/lib/python3.10/site-packages/django/urls/resolvers.py", line 718, in url_patterns
    patterns = getattr(self.urlconf_module, "urlpatterns", self.urlconf_module)
  File "/home/hightech/virtualenv/project.columbiatransportation.com/air/3.10/lib/python3.10/site-packages/django/utils/functional.py", line 47, in __get__
    res = instance.__dict__[self.name] = self.func(instance)
  File "/home/hightech/virtualenv/project.columbiatransportation.com/air/3.10/lib/python3.10/site-packages/django/urls/resolvers.py", line 711, in urlconf_module
    return import_module(self.urlconf_name)
  File "/opt/alt/python310/lib64/python3.10/importlib/__init__.py", line 126, in import_module
    return _bootstrap._gcd_import(name[level:], package, level)
  File "<frozen importlib._bootstrap>", line 1050, in _gcd_import
  File "<frozen importlib._bootstrap>", line 1027, in _find_and_load
  File "<frozen importlib._bootstrap>", line 1006, in _find_and_load_unlocked
  File "<frozen importlib._bootstrap>", line 688, in _load_unlocked
  File "<frozen importlib._bootstrap_external>", line 883, in exec_module
  File "<frozen importlib._bootstrap>", line 241, in _call_with_frames_removed
  File "/home/hightech/project.columbiatransportation.com/air/air/urls.py", line 24, in <module>
    path('',include('main.urls'))
  File "/home/hightech/virtualenv/project.columbiatransportation.com/air/3.10/lib/python3.10/site-packages/django/urls/conf.py", line 39, in include
    urlconf_module = import_module(urlconf_module)
  File "/opt/alt/python310/lib64/python3.10/importlib/__init__.py", line 126, in import_module
    return _bootstrap._gcd_import(name[level:], package, level)
  File "<frozen importlib._bootstrap>", line 1050, in _gcd_import
  File "<frozen importlib._bootstrap>", line 1027, in _find_and_load
  File "<frozen importlib._bootstrap>", line 1006, in _find_and_load_unlocked
  File "<frozen importlib._bootstrap>", line 688, in _load_unlocked
  File "<frozen importlib._bootstrap_external>", line 883, in exec_module
  File "<frozen importlib._bootstrap>", line 241, in _call_with_frames_removed
  File "/home/hightech/project.columbiatransportation.com/air/main/urls.py", line 2, in <module>
    from .views import index
  File "/home/hightech/project.columbiatransportation.com/air/main/views.py", line 5, in <module>
    from .forms import InquiryForm, ContactForm, ScheduleContactForm
  File "/home/hightech/project.columbiatransportation.com/air/main/forms.py", line 2, in <module>
    from .models import Inquiry, Contact, ScheduleContact
ImportError: cannot import name 'ScheduleContact' from 'main.models' (/home/hightech/project.columbiatransportation.com/air/main/models.py)

During handling of the above exception, another exception occurred:

Traceback (most recent call last):
  File "/home/hightech/virtualenv/project.columbiatransportation.com/air/3.10/lib/python3.10/site-packages/django/core/handlers/wsgi.py", line 124, in __call__
    response = self.get_response(request)
  File "/home/hightech/virtualenv/project.columbiatransportation.com/air/3.10/lib/python3.10/site-packages/django/core/handlers/base.py", line 140, in get_response
    response = self._middleware_chain(request)
  File "/home/hightech/virtualenv/project.columbiatransportation.com/air/3.10/lib/python3.10/site-packages/django/core/handlers/exception.py", line 57, in inner
    response = response_for_exception(request, exc)
  File "/home/hightech/virtualenv/project.columbiatransportation.com/air/3.10/lib/python3.10/site-packages/django/core/handlers/exception.py", line 141, in response_for_exception
    response = handle_uncaught_exception(
  File "/home/hightech/virtualenv/project.columbiatransportation.com/air/3.10/lib/python3.10/site-packages/django/core/handlers/exception.py", line 182, in handle_uncaught_exception
    return debug.technical_500_response(request, *exc_info)
  File "/home/hightech/virtualenv/project.columbiatransportation.com/air/3.10/lib/python3.10/site-packages/django/views/debug.py", line 69, in technical_500_response
    html = reporter.get_traceback_html()
  File "/home/hightech/virtualenv/project.columbiatransportation.com/air/3.10/lib/python3.10/site-packages/django/views/debug.py", line 428, in get_traceback_html
    c = Context(self.get_traceback_data(), use_l10n=False)
  File "/home/hightech/virtualenv/project.columbiatransportation.com/air/3.10/lib/python3.10/site-packages/django/views/debug.py", line 411, in get_traceback_data
    c["raising_view_name"] = get_caller(self.request)
  File "/home/hightech/virtualenv/project.columbiatransportation.com/air/3.10/lib/python3.10/site-packages/django/views/debug.py", line 102, in get_caller
    resolver_match = resolve(request.path)
  File "/home/hightech/virtualenv/project.columbiatransportation.com/air/3.10/lib/python3.10/site-packages/django/urls/base.py", line 25, in resolve
    return get_resolver(urlconf).resolve(path)
  File "/home/hightech/virtualenv/project.columbiatransportation.com/air/3.10/lib/python3.10/site-packages/django/urls/resolvers.py", line 666, in resolve
    for pattern in self.url_patterns:
  File "/home/hightech/virtualenv/project.columbiatransportation.com/air/3.10/lib/python3.10/site-packages/django/utils/functional.py", line 47, in __get__
    res = instance.__dict__[self.name] = self.func(instance)
  File "/home/hightech/virtualenv/project.columbiatransportation.com/air/3.10/lib/python3.10/site-packages/django/urls/resolvers.py", line 718, in url_patterns
    patterns = getattr(self.urlconf_module, "urlpatterns", self.urlconf_module)
  File "/home/hightech/virtualenv/project.columbiatransportation.com/air/3.10/lib/python3.10/site-packages/django/utils/functional.py", line 47, in __get__
    res = instance.__dict__[self.name] = self.func(instance)
  File "/home/hightech/virtualenv/project.columbiatransportation.com/air/3.10/lib/python3.10/site-packages/django/urls/resolvers.py", line 711, in urlconf_module
    return import_module(self.urlconf_name)
  File "/opt/alt/python310/lib64/python3.10/importlib/__init__.py", line 126, in import_module
    return _bootstrap._gcd_import(name[level:], package, level)
  File "<frozen importlib._bootstrap>", line 1050, in _gcd_import
  File "<frozen importlib._bootstrap>", line 1027, in _find_and_load
  File "<frozen importlib._bootstrap>", line 1006, in _find_and_load_unlocked
  File "<frozen importlib._bootstrap>", line 688, in _load_unlocked
  File "<frozen importlib._bootstrap_external>", line 883, in exec_module
  File "<frozen importlib._bootstrap>", line 241, in _call_with_frames_removed
  File "/home/hightech/project.columbiatransportation.com/air/air/urls.py", line 24, in <module>
    path('',include('main.urls'))
  File "/home/hightech/virtualenv/project.columbiatransportation.com/air/3.10/lib/python3.10/site-packages/django/urls/conf.py", line 39, in include
    urlconf_module = import_module(urlconf_module)
  File "/opt/alt/python310/lib64/python3.10/importlib/__init__.py", line 126, in import_module
    return _bootstrap._gcd_import(name[level:], package, level)
  File "<frozen importlib._bootstrap>", line 1050, in _gcd_import
  File "<frozen importlib._bootstrap>", line 1027, in _find_and_load
  File "<frozen importlib._bootstrap>", line 1006, in _find_and_load_unlocked
  File "<frozen importlib._bootstrap>", line 688, in _load_unlocked
  File "<frozen importlib._bootstrap_external>", line 883, in exec_module
  File "<frozen importlib._bootstrap>", line 241, in _call_with_frames_removed
  File "/home/hightech/project.columbiatransportation.com/air/main/urls.py", line 2, in <module>
    from .views import index
  File "/home/hightech/project.columbiatransportation.com/air/main/views.py", line 5, in <module>
    from .forms import InquiryForm, ContactForm, ScheduleContactForm
  File "/home/hightech/project.columbiatransportation.com/air/main/forms.py", line 2, in <module>
    from .models import Inquiry, Contact, ScheduleContact
ImportError: cannot import name 'ScheduleContact' from 'main.models' (/home/hightech/project.columbiatransportation.com/air/main/models.py)
[ERROR] [UID:1788][4020747] wsgiAppHandler pApp->start_response() return NULL.
Traceback (most recent call last):
  File "/home/hightech/virtualenv/project.columbiatransportation.com/air/3.10/lib/python3.10/site-packages/django/core/handlers/exception.py", line 55, in inner
    response = get_response(request)
  File "/home/hightech/virtualenv/project.columbiatransportation.com/air/3.10/lib/python3.10/site-packages/django/core/handlers/base.py", line 181, in _get_response
    callback, callback_args, callback_kwargs = self.resolve_request(request)
  File "/home/hightech/virtualenv/project.columbiatransportation.com/air/3.10/lib/python3.10/site-packages/django/core/handlers/base.py", line 313, in resolve_request
    resolver_match = resolver.resolve(request.path_info)
  File "/home/hightech/virtualenv/project.columbiatransportation.com/air/3.10/lib/python3.10/site-packages/django/urls/resolvers.py", line 666, in resolve
    for pattern in self.url_patterns:
  File "/home/hightech/virtualenv/project.columbiatransportation.com/air/3.10/lib/python3.10/site-packages/django/utils/functional.py", line 47, in __get__
    res = instance.__dict__[self.name] = self.func(instance)
  File "/home/hightech/virtualenv/project.columbiatransportation.com/air/3.10/lib/python3.10/site-packages/django/urls/resolvers.py", line 718, in url_patterns
    patterns = getattr(self.urlconf_module, "urlpatterns", self.urlconf_module)
  File "/home/hightech/virtualenv/project.columbiatransportation.com/air/3.10/lib/python3.10/site-packages/django/utils/functional.py", line 47, in __get__
    res = instance.__dict__[self.name] = self.func(instance)
  File "/home/hightech/virtualenv/project.columbiatransportation.com/air/3.10/lib/python3.10/site-packages/django/urls/resolvers.py", line 711, in urlconf_module
    return import_module(self.urlconf_name)
  File "/opt/alt/python310/lib64/python3.10/importlib/__init__.py", line 126, in import_module
    return _bootstrap._gcd_import(name[level:], package, level)
  File "<frozen importlib._bootstrap>", line 1050, in _gcd_import
  File "<frozen importlib._bootstrap>", line 1027, in _find_and_load
  File "<frozen importlib._bootstrap>", line 1006, in _find_and_load_unlocked
  File "<frozen importlib._bootstrap>", line 688, in _load_unlocked
  File "<frozen importlib._bootstrap_external>", line 883, in exec_module
  File "<frozen importlib._bootstrap>", line 241, in _call_with_frames_removed
  File "/home/hightech/project.columbiatransportation.com/air/air/urls.py", line 24, in <module>
    path('',include('main.urls'))
  File "/home/hightech/virtualenv/project.columbiatransportation.com/air/3.10/lib/python3.10/site-packages/django/urls/conf.py", line 39, in include
    urlconf_module = import_module(urlconf_module)
  File "/opt/alt/python310/lib64/python3.10/importlib/__init__.py", line 126, in import_module
    return _bootstrap._gcd_import(name[level:], package, level)
  File "<frozen importlib._bootstrap>", line 1050, in _gcd_import
  File "<frozen importlib._bootstrap>", line 1027, in _find_and_load
  File "<frozen importlib._bootstrap>", line 1006, in _find_and_load_unlocked
  File "<frozen importlib._bootstrap>", line 688, in _load_unlocked
  File "<frozen importlib._bootstrap_external>", line 883, in exec_module
  File "<frozen importlib._bootstrap>", line 241, in _call_with_frames_removed
  File "/home/hightech/project.columbiatransportation.com/air/main/urls.py", line 2, in <module>
    from .views import index
  File "/home/hightech/project.columbiatransportation.com/air/main/views.py", line 5, in <module>
    from .forms import InquiryForm, ContactForm, ScheduleContactForm
  File "/home/hightech/project.columbiatransportation.com/air/main/forms.py", line 2, in <module>
    from .models import Inquiry, Contact, ScheduleContact
ImportError: cannot import name 'ScheduleContact' from 'main.models' (/home/hightech/project.columbiatransportation.com/air/main/models.py)

During handling of the above exception, another exception occurred:

Traceback (most recent call last):
  File "/home/hightech/virtualenv/project.columbiatransportation.com/air/3.10/lib/python3.10/site-packages/django/core/handlers/exception.py", line 55, in inner
    response = get_response(request)
  File "/home/hightech/virtualenv/project.columbiatransportation.com/air/3.10/lib/python3.10/site-packages/django/utils/deprecation.py", line 120, in __call__
    response = response or self.get_response(request)
  File "/home/hightech/virtualenv/project.columbiatransportation.com/air/3.10/lib/python3.10/site-packages/django/core/handlers/exception.py", line 57, in inner
    response = response_for_exception(request, exc)
  File "/home/hightech/virtualenv/project.columbiatransportation.com/air/3.10/lib/python3.10/site-packages/django/core/handlers/exception.py", line 141, in response_for_exception
    response = handle_uncaught_exception(
  File "/home/hightech/virtualenv/project.columbiatransportation.com/air/3.10/lib/python3.10/site-packages/django/core/handlers/exception.py", line 182, in handle_uncaught_exception
    return debug.technical_500_response(request, *exc_info)
  File "/home/hightech/virtualenv/project.columbiatransportation.com/air/3.10/lib/python3.10/site-packages/django/views/debug.py", line 69, in technical_500_response
    html = reporter.get_traceback_html()
  File "/home/hightech/virtualenv/project.columbiatransportation.com/air/3.10/lib/python3.10/site-packages/django/views/debug.py", line 428, in get_traceback_html
    c = Context(self.get_traceback_data(), use_l10n=False)
  File "/home/hightech/virtualenv/project.columbiatransportation.com/air/3.10/lib/python3.10/site-packages/django/views/debug.py", line 411, in get_traceback_data
    c["raising_view_name"] = get_caller(self.request)
  File "/home/hightech/virtualenv/project.columbiatransportation.com/air/3.10/lib/python3.10/site-packages/django/views/debug.py", line 102, in get_caller
    resolver_match = resolve(request.path)
  File "/home/hightech/virtualenv/project.columbiatransportation.com/air/3.10/lib/python3.10/site-packages/django/urls/base.py", line 25, in resolve
    return get_resolver(urlconf).resolve(path)
  File "/home/hightech/virtualenv/project.columbiatransportation.com/air/3.10/lib/python3.10/site-packages/django/urls/resolvers.py", line 666, in resolve
    for pattern in self.url_patterns:
  File "/home/hightech/virtualenv/project.columbiatransportation.com/air/3.10/lib/python3.10/site-packages/django/utils/functional.py", line 47, in __get__
    res = instance.__dict__[self.name] = self.func(instance)
  File "/home/hightech/virtualenv/project.columbiatransportation.com/air/3.10/lib/python3.10/site-packages/django/urls/resolvers.py", line 718, in url_patterns
    patterns = getattr(self.urlconf_module, "urlpatterns", self.urlconf_module)
  File "/home/hightech/virtualenv/project.columbiatransportation.com/air/3.10/lib/python3.10/site-packages/django/utils/functional.py", line 47, in __get__
    res = instance.__dict__[self.name] = self.func(instance)
  File "/home/hightech/virtualenv/project.columbiatransportation.com/air/3.10/lib/python3.10/site-packages/django/urls/resolvers.py", line 711, in urlconf_module
    return import_module(self.urlconf_name)
  File "/opt/alt/python310/lib64/python3.10/importlib/__init__.py", line 126, in import_module
    return _bootstrap._gcd_import(name[level:], package, level)
  File "<frozen importlib._bootstrap>", line 1050, in _gcd_import
  File "<frozen importlib._bootstrap>", line 1027, in _find_and_load
  File "<frozen importlib._bootstrap>", line 1006, in _find_and_load_unlocked
  File "<frozen importlib._bootstrap>", line 688, in _load_unlocked
  File "<frozen importlib._bootstrap_external>", line 883, in exec_module
  File "<frozen importlib._bootstrap>", line 241, in _call_with_frames_removed
  File "/home/hightech/project.columbiatransportation.com/air/air/urls.py", line 24, in <module>
    path('',include('main.urls'))
  File "/home/hightech/virtualenv/project.columbiatransportation.com/air/3.10/lib/python3.10/site-packages/django/urls/conf.py", line 39, in include
    urlconf_module = import_module(urlconf_module)
  File "/opt/alt/python310/lib64/python3.10/importlib/__init__.py", line 126, in import_module
    return _bootstrap._gcd_import(name[level:], package, level)
  File "<frozen importlib._bootstrap>", line 1050, in _gcd_import
  File "<frozen importlib._bootstrap>", line 1027, in _find_and_load
  File "<frozen importlib._bootstrap>", line 1006, in _find_and_load_unlocked
  File "<frozen importlib._bootstrap>", line 688, in _load_unlocked
  File "<frozen importlib._bootstrap_external>", line 883, in exec_module
  File "<frozen importlib._bootstrap>", line 241, in _call_with_frames_removed
  File "/home/hightech/project.columbiatransportation.com/air/main/urls.py", line 2, in <module>
    from .views import index
  File "/home/hightech/project.columbiatransportation.com/air/main/views.py", line 5, in <module>
    from .forms import InquiryForm, ContactForm, ScheduleContactForm
  File "/home/hightech/project.columbiatransportation.com/air/main/forms.py", line 2, in <module>
    from .models import Inquiry, Contact, ScheduleContact
ImportError: cannot import name 'ScheduleContact' from 'main.models' (/home/hightech/project.columbiatransportation.com/air/main/models.py)

During handling of the above exception, another exception occurred:

Traceback (most recent call last):
  File "/home/hightech/virtualenv/project.columbiatransportation.com/air/3.10/lib/python3.10/site-packages/django/core/handlers/exception.py", line 55, in inner
    response = get_response(request)
  File "/home/hightech/virtualenv/project.columbiatransportation.com/air/3.10/lib/python3.10/site-packages/django/utils/deprecation.py", line 120, in __call__
    response = response or self.get_response(request)
  File "/home/hightech/virtualenv/project.columbiatransportation.com/air/3.10/lib/python3.10/site-packages/django/core/handlers/exception.py", line 57, in inner
    response = response_for_exception(request, exc)
  File "/home/hightech/virtualenv/project.columbiatransportation.com/air/3.10/lib/python3.10/site-packages/django/core/handlers/exception.py", line 141, in response_for_exception
    response = handle_uncaught_exception(
  File "/home/hightech/virtualenv/project.columbiatransportation.com/air/3.10/lib/python3.10/site-packages/django/core/handlers/exception.py", line 182, in handle_uncaught_exception
    return debug.technical_500_response(request, *exc_info)
  File "/home/hightech/virtualenv/project.columbiatransportation.com/air/3.10/lib/python3.10/site-packages/django/views/debug.py", line 69, in technical_500_response
    html = reporter.get_traceback_html()
  File "/home/hightech/virtualenv/project.columbiatransportation.com/air/3.10/lib/python3.10/site-packages/django/views/debug.py", line 428, in get_traceback_html
    c = Context(self.get_traceback_data(), use_l10n=False)
  File "/home/hightech/virtualenv/project.columbiatransportation.com/air/3.10/lib/python3.10/site-packages/django/views/debug.py", line 411, in get_traceback_data
    c["raising_view_name"] = get_caller(self.request)
  File "/home/hightech/virtualenv/project.columbiatransportation.com/air/3.10/lib/python3.10/site-packages/django/views/debug.py", line 102, in get_caller
    resolver_match = resolve(request.path)
  File "/home/hightech/virtualenv/project.columbiatransportation.com/air/3.10/lib/python3.10/site-packages/django/urls/base.py", line 25, in resolve
    return get_resolver(urlconf).resolve(path)
  File "/home/hightech/virtualenv/project.columbiatransportation.com/air/3.10/lib/python3.10/site-packages/django/urls/resolvers.py", line 666, in resolve
    for pattern in self.url_patterns:
  File "/home/hightech/virtualenv/project.columbiatransportation.com/air/3.10/lib/python3.10/site-packages/django/utils/functional.py", line 47, in __get__
    res = instance.__dict__[self.name] = self.func(instance)
  File "/home/hightech/virtualenv/project.columbiatransportation.com/air/3.10/lib/python3.10/site-packages/django/urls/resolvers.py", line 718, in url_patterns
    patterns = getattr(self.urlconf_module, "urlpatterns", self.urlconf_module)
  File "/home/hightech/virtualenv/project.columbiatransportation.com/air/3.10/lib/python3.10/site-packages/django/utils/functional.py", line 47, in __get__
    res = instance.__dict__[self.name] = self.func(instance)
  File "/home/hightech/virtualenv/project.columbiatransportation.com/air/3.10/lib/python3.10/site-packages/django/urls/resolvers.py", line 711, in urlconf_module
    return import_module(self.urlconf_name)
  File "/opt/alt/python310/lib64/python3.10/importlib/__init__.py", line 126, in import_module
    return _bootstrap._gcd_import(name[level:], package, level)
  File "<frozen importlib._bootstrap>", line 1050, in _gcd_import
  File "<frozen importlib._bootstrap>", line 1027, in _find_and_load
  File "<frozen importlib._bootstrap>", line 1006, in _find_and_load_unlocked
  File "<frozen importlib._bootstrap>", line 688, in _load_unlocked
  File "<frozen importlib._bootstrap_external>", line 883, in exec_module
  File "<frozen importlib._bootstrap>", line 241, in _call_with_frames_removed
  File "/home/hightech/project.columbiatransportation.com/air/air/urls.py", line 24, in <module>
    path('',include('main.urls'))
  File "/home/hightech/virtualenv/project.columbiatransportation.com/air/3.10/lib/python3.10/site-packages/django/urls/conf.py", line 39, in include
    urlconf_module = import_module(urlconf_module)
  File "/opt/alt/python310/lib64/python3.10/importlib/__init__.py", line 126, in import_module
    return _bootstrap._gcd_import(name[level:], package, level)
  File "<frozen importlib._bootstrap>", line 1050, in _gcd_import
  File "<frozen importlib._bootstrap>", line 1027, in _find_and_load
  File "<frozen importlib._bootstrap>", line 1006, in _find_and_load_unlocked
  File "<frozen importlib._bootstrap>", line 688, in _load_unlocked
  File "<frozen importlib._bootstrap_external>", line 883, in exec_module
  File "<frozen importlib._bootstrap>", line 241, in _call_with_frames_removed
  File "/home/hightech/project.columbiatransportation.com/air/main/urls.py", line 2, in <module>
    from .views import index
  File "/home/hightech/project.columbiatransportation.com/air/main/views.py", line 5, in <module>
    from .forms import InquiryForm, ContactForm, ScheduleContactForm
  File "/home/hightech/project.columbiatransportation.com/air/main/forms.py", line 2, in <module>
    from .models import Inquiry, Contact, ScheduleContact
ImportError: cannot import name 'ScheduleContact' from 'main.models' (/home/hightech/project.columbiatransportation.com/air/main/models.py)

During handling of the above exception, another exception occurred:

Traceback (most recent call last):
  File "/home/hightech/virtualenv/project.columbiatransportation.com/air/3.10/lib/python3.10/site-packages/django/core/handlers/exception.py", line 55, in inner
    response = get_response(request)
  File "/home/hightech/virtualenv/project.columbiatransportation.com/air/3.10/lib/python3.10/site-packages/django/utils/deprecation.py", line 120, in __call__
    response = response or self.get_response(request)
  File "/home/hightech/virtualenv/project.columbiatransportation.com/air/3.10/lib/python3.10/site-packages/django/core/handlers/exception.py", line 57, in inner
    response = response_for_exception(request, exc)
  File "/home/hightech/virtualenv/project.columbiatransportation.com/air/3.10/lib/python3.10/site-packages/django/core/handlers/exception.py", line 141, in response_for_exception
    response = handle_uncaught_exception(
  File "/home/hightech/virtualenv/project.columbiatransportation.com/air/3.10/lib/python3.10/site-packages/django/core/handlers/exception.py", line 182, in handle_uncaught_exception
    return debug.technical_500_response(request, *exc_info)
  File "/home/hightech/virtualenv/project.columbiatransportation.com/air/3.10/lib/python3.10/site-packages/django/views/debug.py", line 69, in technical_500_response
    html = reporter.get_traceback_html()
  File "/home/hightech/virtualenv/project.columbiatransportation.com/air/3.10/lib/python3.10/site-packages/django/views/debug.py", line 428, in get_traceback_html
    c = Context(self.get_traceback_data(), use_l10n=False)
  File "/home/hightech/virtualenv/project.columbiatransportation.com/air/3.10/lib/python3.10/site-packages/django/views/debug.py", line 411, in get_traceback_data
    c["raising_view_name"] = get_caller(self.request)
  File "/home/hightech/virtualenv/project.columbiatransportation.com/air/3.10/lib/python3.10/site-packages/django/views/debug.py", line 102, in get_caller
    resolver_match = resolve(request.path)
  File "/home/hightech/virtualenv/project.columbiatransportation.com/air/3.10/lib/python3.10/site-packages/django/urls/base.py", line 25, in resolve
    return get_resolver(urlconf).resolve(path)
  File "/home/hightech/virtualenv/project.columbiatransportation.com/air/3.10/lib/python3.10/site-packages/django/urls/resolvers.py", line 666, in resolve
    for pattern in self.url_patterns:
  File "/home/hightech/virtualenv/project.columbiatransportation.com/air/3.10/lib/python3.10/site-packages/django/utils/functional.py", line 47, in __get__
    res = instance.__dict__[self.name] = self.func(instance)
  File "/home/hightech/virtualenv/project.columbiatransportation.com/air/3.10/lib/python3.10/site-packages/django/urls/resolvers.py", line 718, in url_patterns
    patterns = getattr(self.urlconf_module, "urlpatterns", self.urlconf_module)
  File "/home/hightech/virtualenv/project.columbiatransportation.com/air/3.10/lib/python3.10/site-packages/django/utils/functional.py", line 47, in __get__
    res = instance.__dict__[self.name] = self.func(instance)
  File "/home/hightech/virtualenv/project.columbiatransportation.com/air/3.10/lib/python3.10/site-packages/django/urls/resolvers.py", line 711, in urlconf_module
    return import_module(self.urlconf_name)
  File "/opt/alt/python310/lib64/python3.10/importlib/__init__.py", line 126, in import_module
    return _bootstrap._gcd_import(name[level:], package, level)
  File "<frozen importlib._bootstrap>", line 1050, in _gcd_import
  File "<frozen importlib._bootstrap>", line 1027, in _find_and_load
  File "<frozen importlib._bootstrap>", line 1006, in _find_and_load_unlocked
  File "<frozen importlib._bootstrap>", line 688, in _load_unlocked
  File "<frozen importlib._bootstrap_external>", line 883, in exec_module
  File "<frozen importlib._bootstrap>", line 241, in _call_with_frames_removed
  File "/home/hightech/project.columbiatransportation.com/air/air/urls.py", line 24, in <module>
    path('',include('main.urls'))
  File "/home/hightech/virtualenv/project.columbiatransportation.com/air/3.10/lib/python3.10/site-packages/django/urls/conf.py", line 39, in include
    urlconf_module = import_module(urlconf_module)
  File "/opt/alt/python310/lib64/python3.10/importlib/__init__.py", line 126, in import_module
    return _bootstrap._gcd_import(name[level:], package, level)
  File "<frozen importlib._bootstrap>", line 1050, in _gcd_import
  File "<frozen importlib._bootstrap>", line 1027, in _find_and_load
  File "<frozen importlib._bootstrap>", line 1006, in _find_and_load_unlocked
  File "<frozen importlib._bootstrap>", line 688, in _load_unlocked
  File "<frozen importlib._bootstrap_external>", line 883, in exec_module
  File "<frozen importlib._bootstrap>", line 241, in _call_with_frames_removed
  File "/home/hightech/project.columbiatransportation.com/air/main/urls.py", line 2, in <module>
    from .views import index
  File "/home/hightech/project.columbiatransportation.com/air/main/views.py", line 5, in <module>
    from .forms import InquiryForm, ContactForm, ScheduleContactForm
  File "/home/hightech/project.columbiatransportation.com/air/main/forms.py", line 2, in <module>
    from .models import Inquiry, Contact, ScheduleContact
ImportError: cannot import name 'ScheduleContact' from 'main.models' (/home/hightech/project.columbiatransportation.com/air/main/models.py)

During handling of the above exception, another exception occurred:

Traceback (most recent call last):
  File "/home/hightech/virtualenv/project.columbiatransportation.com/air/3.10/lib/python3.10/site-packages/django/core/handlers/exception.py", line 55, in inner
    response = get_response(request)
  File "/home/hightech/virtualenv/project.columbiatransportation.com/air/3.10/lib/python3.10/site-packages/django/utils/deprecation.py", line 120, in __call__
    response = response or self.get_response(request)
  File "/home/hightech/virtualenv/project.columbiatransportation.com/air/3.10/lib/python3.10/site-packages/django/core/handlers/exception.py", line 57, in inner
    response = response_for_exception(request, exc)
  File "/home/hightech/virtualenv/project.columbiatransportation.com/air/3.10/lib/python3.10/site-packages/django/core/handlers/exception.py", line 141, in response_for_exception
    response = handle_uncaught_exception(
  File "/home/hightech/virtualenv/project.columbiatransportation.com/air/3.10/lib/python3.10/site-packages/django/core/handlers/exception.py", line 182, in handle_uncaught_exception
    return debug.technical_500_response(request, *exc_info)
  File "/home/hightech/virtualenv/project.columbiatransportation.com/air/3.10/lib/python3.10/site-packages/django/views/debug.py", line 69, in technical_500_response
    html = reporter.get_traceback_html()
  File "/home/hightech/virtualenv/project.columbiatransportation.com/air/3.10/lib/python3.10/site-packages/django/views/debug.py", line 428, in get_traceback_html
    c = Context(self.get_traceback_data(), use_l10n=False)
  File "/home/hightech/virtualenv/project.columbiatransportation.com/air/3.10/lib/python3.10/site-packages/django/views/debug.py", line 411, in get_traceback_data
    c["raising_view_name"] = get_caller(self.request)
  File "/home/hightech/virtualenv/project.columbiatransportation.com/air/3.10/lib/python3.10/site-packages/django/views/debug.py", line 102, in get_caller
    resolver_match = resolve(request.path)
  File "/home/hightech/virtualenv/project.columbiatransportation.com/air/3.10/lib/python3.10/site-packages/django/urls/base.py", line 25, in resolve
    return get_resolver(urlconf).resolve(path)
  File "/home/hightech/virtualenv/project.columbiatransportation.com/air/3.10/lib/python3.10/site-packages/django/urls/resolvers.py", line 666, in resolve
    for pattern in self.url_patterns:
  File "/home/hightech/virtualenv/project.columbiatransportation.com/air/3.10/lib/python3.10/site-packages/django/utils/functional.py", line 47, in __get__
    res = instance.__dict__[self.name] = self.func(instance)
  File "/home/hightech/virtualenv/project.columbiatransportation.com/air/3.10/lib/python3.10/site-packages/django/urls/resolvers.py", line 718, in url_patterns
    patterns = getattr(self.urlconf_module, "urlpatterns", self.urlconf_module)
  File "/home/hightech/virtualenv/project.columbiatransportation.com/air/3.10/lib/python3.10/site-packages/django/utils/functional.py", line 47, in __get__
    res = instance.__dict__[self.name] = self.func(instance)
  File "/home/hightech/virtualenv/project.columbiatransportation.com/air/3.10/lib/python3.10/site-packages/django/urls/resolvers.py", line 711, in urlconf_module
    return import_module(self.urlconf_name)
  File "/opt/alt/python310/lib64/python3.10/importlib/__init__.py", line 126, in import_module
    return _bootstrap._gcd_import(name[level:], package, level)
  File "<frozen importlib._bootstrap>", line 1050, in _gcd_import
  File "<frozen importlib._bootstrap>", line 1027, in _find_and_load
  File "<frozen importlib._bootstrap>", line 1006, in _find_and_load_unlocked
  File "<frozen importlib._bootstrap>", line 688, in _load_unlocked
  File "<frozen importlib._bootstrap_external>", line 883, in exec_module
  File "<frozen importlib._bootstrap>", line 241, in _call_with_frames_removed
  File "/home/hightech/project.columbiatransportation.com/air/air/urls.py", line 24, in <module>
    path('',include('main.urls'))
  File "/home/hightech/virtualenv/project.columbiatransportation.com/air/3.10/lib/python3.10/site-packages/django/urls/conf.py", line 39, in include
    urlconf_module = import_module(urlconf_module)
  File "/opt/alt/python310/lib64/python3.10/importlib/__init__.py", line 126, in import_module
    return _bootstrap._gcd_import(name[level:], package, level)
  File "<frozen importlib._bootstrap>", line 1050, in _gcd_import
  File "<frozen importlib._bootstrap>", line 1027, in _find_and_load
  File "<frozen importlib._bootstrap>", line 1006, in _find_and_load_unlocked
  File "<frozen importlib._bootstrap>", line 688, in _load_unlocked
  File "<frozen importlib._bootstrap_external>", line 883, in exec_module
  File "<frozen importlib._bootstrap>", line 241, in _call_with_frames_removed
  File "/home/hightech/project.columbiatransportation.com/air/main/urls.py", line 2, in <module>
    from .views import index
  File "/home/hightech/project.columbiatransportation.com/air/main/views.py", line 5, in <module>
    from .forms import InquiryForm, ContactForm, ScheduleContactForm
  File "/home/hightech/project.columbiatransportation.com/air/main/forms.py", line 2, in <module>
    from .models import Inquiry, Contact, ScheduleContact
ImportError: cannot import name 'ScheduleContact' from 'main.models' (/home/hightech/project.columbiatransportation.com/air/main/models.py)

During handling of the above exception, another exception occurred:

Traceback (most recent call last):
  File "/home/hightech/virtualenv/project.columbiatransportation.com/air/3.10/lib/python3.10/site-packages/django/core/handlers/exception.py", line 55, in inner
    response = get_response(request)
  File "/home/hightech/virtualenv/project.columbiatransportation.com/air/3.10/lib/python3.10/site-packages/django/utils/deprecation.py", line 120, in __call__
    response = response or self.get_response(request)
  File "/home/hightech/virtualenv/project.columbiatransportation.com/air/3.10/lib/python3.10/site-packages/django/core/handlers/exception.py", line 57, in inner
    response = response_for_exception(request, exc)
  File "/home/hightech/virtualenv/project.columbiatransportation.com/air/3.10/lib/python3.10/site-packages/django/core/handlers/exception.py", line 141, in response_for_exception
    response = handle_uncaught_exception(
  File "/home/hightech/virtualenv/project.columbiatransportation.com/air/3.10/lib/python3.10/site-packages/django/core/handlers/exception.py", line 182, in handle_uncaught_exception
    return debug.technical_500_response(request, *exc_info)
  File "/home/hightech/virtualenv/project.columbiatransportation.com/air/3.10/lib/python3.10/site-packages/django/views/debug.py", line 69, in technical_500_response
    html = reporter.get_traceback_html()
  File "/home/hightech/virtualenv/project.columbiatransportation.com/air/3.10/lib/python3.10/site-packages/django/views/debug.py", line 428, in get_traceback_html
    c = Context(self.get_traceback_data(), use_l10n=False)
  File "/home/hightech/virtualenv/project.columbiatransportation.com/air/3.10/lib/python3.10/site-packages/django/views/debug.py", line 411, in get_traceback_data
    c["raising_view_name"] = get_caller(self.request)
  File "/home/hightech/virtualenv/project.columbiatransportation.com/air/3.10/lib/python3.10/site-packages/django/views/debug.py", line 102, in get_caller
    resolver_match = resolve(request.path)
  File "/home/hightech/virtualenv/project.columbiatransportation.com/air/3.10/lib/python3.10/site-packages/django/urls/base.py", line 25, in resolve
    return get_resolver(urlconf).resolve(path)
  File "/home/hightech/virtualenv/project.columbiatransportation.com/air/3.10/lib/python3.10/site-packages/django/urls/resolvers.py", line 666, in resolve
    for pattern in self.url_patterns:
  File "/home/hightech/virtualenv/project.columbiatransportation.com/air/3.10/lib/python3.10/site-packages/django/utils/functional.py", line 47, in __get__
    res = instance.__dict__[self.name] = self.func(instance)
  File "/home/hightech/virtualenv/project.columbiatransportation.com/air/3.10/lib/python3.10/site-packages/django/urls/resolvers.py", line 718, in url_patterns
    patterns = getattr(self.urlconf_module, "urlpatterns", self.urlconf_module)
  File "/home/hightech/virtualenv/project.columbiatransportation.com/air/3.10/lib/python3.10/site-packages/django/utils/functional.py", line 47, in __get__
    res = instance.__dict__[self.name] = self.func(instance)
  File "/home/hightech/virtualenv/project.columbiatransportation.com/air/3.10/lib/python3.10/site-packages/django/urls/resolvers.py", line 711, in urlconf_module
    return import_module(self.urlconf_name)
  File "/opt/alt/python310/lib64/python3.10/importlib/__init__.py", line 126, in import_module
    return _bootstrap._gcd_import(name[level:], package, level)
  File "<frozen importlib._bootstrap>", line 1050, in _gcd_import
  File "<frozen importlib._bootstrap>", line 1027, in _find_and_load
  File "<frozen importlib._bootstrap>", line 1006, in _find_and_load_unlocked
  File "<frozen importlib._bootstrap>", line 688, in _load_unlocked
  File "<frozen importlib._bootstrap_external>", line 883, in exec_module
  File "<frozen importlib._bootstrap>", line 241, in _call_with_frames_removed
  File "/home/hightech/project.columbiatransportation.com/air/air/urls.py", line 24, in <module>
    path('',include('main.urls'))
  File "/home/hightech/virtualenv/project.columbiatransportation.com/air/3.10/lib/python3.10/site-packages/django/urls/conf.py", line 39, in include
    urlconf_module = import_module(urlconf_module)
  File "/opt/alt/python310/lib64/python3.10/importlib/__init__.py", line 126, in import_module
    return _bootstrap._gcd_import(name[level:], package, level)
  File "<frozen importlib._bootstrap>", line 1050, in _gcd_import
  File "<frozen importlib._bootstrap>", line 1027, in _find_and_load
  File "<frozen importlib._bootstrap>", line 1006, in _find_and_load_unlocked
  File "<frozen importlib._bootstrap>", line 688, in _load_unlocked
  File "<frozen importlib._bootstrap_external>", line 883, in exec_module
  File "<frozen importlib._bootstrap>", line 241, in _call_with_frames_removed
  File "/home/hightech/project.columbiatransportation.com/air/main/urls.py", line 2, in <module>
    from .views import index
  File "/home/hightech/project.columbiatransportation.com/air/main/views.py", line 5, in <module>
    from .forms import InquiryForm, ContactForm, ScheduleContactForm
  File "/home/hightech/project.columbiatransportation.com/air/main/forms.py", line 2, in <module>
    from .models import Inquiry, Contact, ScheduleContact
ImportError: cannot import name 'ScheduleContact' from 'main.models' (/home/hightech/project.columbiatransportation.com/air/main/models.py)

During handling of the above exception, another exception occurred:

Traceback (most recent call last):
  File "/home/hightech/virtualenv/project.columbiatransportation.com/air/3.10/lib/python3.10/site-packages/django/core/handlers/exception.py", line 55, in inner
    response = get_response(request)
  File "/home/hightech/virtualenv/project.columbiatransportation.com/air/3.10/lib/python3.10/site-packages/django/utils/deprecation.py", line 120, in __call__
    response = response or self.get_response(request)
  File "/home/hightech/virtualenv/project.columbiatransportation.com/air/3.10/lib/python3.10/site-packages/django/core/handlers/exception.py", line 57, in inner
    response = response_for_exception(request, exc)
  File "/home/hightech/virtualenv/project.columbiatransportation.com/air/3.10/lib/python3.10/site-packages/django/core/handlers/exception.py", line 141, in response_for_exception
    response = handle_uncaught_exception(
  File "/home/hightech/virtualenv/project.columbiatransportation.com/air/3.10/lib/python3.10/site-packages/django/core/handlers/exception.py", line 182, in handle_uncaught_exception
    return debug.technical_500_response(request, *exc_info)
  File "/home/hightech/virtualenv/project.columbiatransportation.com/air/3.10/lib/python3.10/site-packages/django/views/debug.py", line 69, in technical_500_response
    html = reporter.get_traceback_html()
  File "/home/hightech/virtualenv/project.columbiatransportation.com/air/3.10/lib/python3.10/site-packages/django/views/debug.py", line 428, in get_traceback_html
    c = Context(self.get_traceback_data(), use_l10n=False)
  File "/home/hightech/virtualenv/project.columbiatransportation.com/air/3.10/lib/python3.10/site-packages/django/views/debug.py", line 411, in get_traceback_data
    c["raising_view_name"] = get_caller(self.request)
  File "/home/hightech/virtualenv/project.columbiatransportation.com/air/3.10/lib/python3.10/site-packages/django/views/debug.py", line 102, in get_caller
    resolver_match = resolve(request.path)
  File "/home/hightech/virtualenv/project.columbiatransportation.com/air/3.10/lib/python3.10/site-packages/django/urls/base.py", line 25, in resolve
    return get_resolver(urlconf).resolve(path)
  File "/home/hightech/virtualenv/project.columbiatransportation.com/air/3.10/lib/python3.10/site-packages/django/urls/resolvers.py", line 666, in resolve
    for pattern in self.url_patterns:
  File "/home/hightech/virtualenv/project.columbiatransportation.com/air/3.10/lib/python3.10/site-packages/django/utils/functional.py", line 47, in __get__
    res = instance.__dict__[self.name] = self.func(instance)
  File "/home/hightech/virtualenv/project.columbiatransportation.com/air/3.10/lib/python3.10/site-packages/django/urls/resolvers.py", line 718, in url_patterns
    patterns = getattr(self.urlconf_module, "urlpatterns", self.urlconf_module)
  File "/home/hightech/virtualenv/project.columbiatransportation.com/air/3.10/lib/python3.10/site-packages/django/utils/functional.py", line 47, in __get__
    res = instance.__dict__[self.name] = self.func(instance)
  File "/home/hightech/virtualenv/project.columbiatransportation.com/air/3.10/lib/python3.10/site-packages/django/urls/resolvers.py", line 711, in urlconf_module
    return import_module(self.urlconf_name)
  File "/opt/alt/python310/lib64/python3.10/importlib/__init__.py", line 126, in import_module
    return _bootstrap._gcd_import(name[level:], package, level)
  File "<frozen importlib._bootstrap>", line 1050, in _gcd_import
  File "<frozen importlib._bootstrap>", line 1027, in _find_and_load
  File "<frozen importlib._bootstrap>", line 1006, in _find_and_load_unlocked
  File "<frozen importlib._bootstrap>", line 688, in _load_unlocked
  File "<frozen importlib._bootstrap_external>", line 883, in exec_module
  File "<frozen importlib._bootstrap>", line 241, in _call_with_frames_removed
  File "/home/hightech/project.columbiatransportation.com/air/air/urls.py", line 24, in <module>
    path('',include('main.urls'))
  File "/home/hightech/virtualenv/project.columbiatransportation.com/air/3.10/lib/python3.10/site-packages/django/urls/conf.py", line 39, in include
    urlconf_module = import_module(urlconf_module)
  File "/opt/alt/python310/lib64/python3.10/importlib/__init__.py", line 126, in import_module
    return _bootstrap._gcd_import(name[level:], package, level)
  File "<frozen importlib._bootstrap>", line 1050, in _gcd_import
  File "<frozen importlib._bootstrap>", line 1027, in _find_and_load
  File "<frozen importlib._bootstrap>", line 1006, in _find_and_load_unlocked
  File "<frozen importlib._bootstrap>", line 688, in _load_unlocked
  File "<frozen importlib._bootstrap_external>", line 883, in exec_module
  File "<frozen importlib._bootstrap>", line 241, in _call_with_frames_removed
  File "/home/hightech/project.columbiatransportation.com/air/main/urls.py", line 2, in <module>
    from .views import index
  File "/home/hightech/project.columbiatransportation.com/air/main/views.py", line 5, in <module>
    from .forms import InquiryForm, ContactForm, ScheduleContactForm
  File "/home/hightech/project.columbiatransportation.com/air/main/forms.py", line 2, in <module>
    from .models import Inquiry, Contact, ScheduleContact
ImportError: cannot import name 'ScheduleContact' from 'main.models' (/home/hightech/project.columbiatransportation.com/air/main/models.py)

During handling of the above exception, another exception occurred:

Traceback (most recent call last):
  File "/home/hightech/virtualenv/project.columbiatransportation.com/air/3.10/lib/python3.10/site-packages/django/core/handlers/exception.py", line 55, in inner
    response = get_response(request)
  File "/home/hightech/virtualenv/project.columbiatransportation.com/air/3.10/lib/python3.10/site-packages/django/utils/deprecation.py", line 120, in __call__
    response = response or self.get_response(request)
  File "/home/hightech/virtualenv/project.columbiatransportation.com/air/3.10/lib/python3.10/site-packages/django/core/handlers/exception.py", line 57, in inner
    response = response_for_exception(request, exc)
  File "/home/hightech/virtualenv/project.columbiatransportation.com/air/3.10/lib/python3.10/site-packages/django/core/handlers/exception.py", line 141, in response_for_exception
    response = handle_uncaught_exception(
  File "/home/hightech/virtualenv/project.columbiatransportation.com/air/3.10/lib/python3.10/site-packages/django/core/handlers/exception.py", line 182, in handle_uncaught_exception
    return debug.technical_500_response(request, *exc_info)
  File "/home/hightech/virtualenv/project.columbiatransportation.com/air/3.10/lib/python3.10/site-packages/django/views/debug.py", line 69, in technical_500_response
    html = reporter.get_traceback_html()
  File "/home/hightech/virtualenv/project.columbiatransportation.com/air/3.10/lib/python3.10/site-packages/django/views/debug.py", line 428, in get_traceback_html
    c = Context(self.get_traceback_data(), use_l10n=False)
  File "/home/hightech/virtualenv/project.columbiatransportation.com/air/3.10/lib/python3.10/site-packages/django/views/debug.py", line 411, in get_traceback_data
    c["raising_view_name"] = get_caller(self.request)
  File "/home/hightech/virtualenv/project.columbiatransportation.com/air/3.10/lib/python3.10/site-packages/django/views/debug.py", line 102, in get_caller
    resolver_match = resolve(request.path)
  File "/home/hightech/virtualenv/project.columbiatransportation.com/air/3.10/lib/python3.10/site-packages/django/urls/base.py", line 25, in resolve
    return get_resolver(urlconf).resolve(path)
  File "/home/hightech/virtualenv/project.columbiatransportation.com/air/3.10/lib/python3.10/site-packages/django/urls/resolvers.py", line 666, in resolve
    for pattern in self.url_patterns:
  File "/home/hightech/virtualenv/project.columbiatransportation.com/air/3.10/lib/python3.10/site-packages/django/utils/functional.py", line 47, in __get__
    res = instance.__dict__[self.name] = self.func(instance)
  File "/home/hightech/virtualenv/project.columbiatransportation.com/air/3.10/lib/python3.10/site-packages/django/urls/resolvers.py", line 718, in url_patterns
    patterns = getattr(self.urlconf_module, "urlpatterns", self.urlconf_module)
  File "/home/hightech/virtualenv/project.columbiatransportation.com/air/3.10/lib/python3.10/site-packages/django/utils/functional.py", line 47, in __get__
    res = instance.__dict__[self.name] = self.func(instance)
  File "/home/hightech/virtualenv/project.columbiatransportation.com/air/3.10/lib/python3.10/site-packages/django/urls/resolvers.py", line 711, in urlconf_module
    return import_module(self.urlconf_name)
  File "/opt/alt/python310/lib64/python3.10/importlib/__init__.py", line 126, in import_module
    return _bootstrap._gcd_import(name[level:], package, level)
  File "<frozen importlib._bootstrap>", line 1050, in _gcd_import
  File "<frozen importlib._bootstrap>", line 1027, in _find_and_load
  File "<frozen importlib._bootstrap>", line 1006, in _find_and_load_unlocked
  File "<frozen importlib._bootstrap>", line 688, in _load_unlocked
  File "<frozen importlib._bootstrap_external>", line 883, in exec_module
  File "<frozen importlib._bootstrap>", line 241, in _call_with_frames_removed
  File "/home/hightech/project.columbiatransportation.com/air/air/urls.py", line 24, in <module>
    path('',include('main.urls'))
  File "/home/hightech/virtualenv/project.columbiatransportation.com/air/3.10/lib/python3.10/site-packages/django/urls/conf.py", line 39, in include
    urlconf_module = import_module(urlconf_module)
  File "/opt/alt/python310/lib64/python3.10/importlib/__init__.py", line 126, in import_module
    return _bootstrap._gcd_import(name[level:], package, level)
  File "<frozen importlib._bootstrap>", line 1050, in _gcd_import
  File "<frozen importlib._bootstrap>", line 1027, in _find_and_load
  File "<frozen importlib._bootstrap>", line 1006, in _find_and_load_unlocked
  File "<frozen importlib._bootstrap>", line 688, in _load_unlocked
  File "<frozen importlib._bootstrap_external>", line 883, in exec_module
  File "<frozen importlib._bootstrap>", line 241, in _call_with_frames_removed
  File "/home/hightech/project.columbiatransportation.com/air/main/urls.py", line 2, in <module>
    from .views import index
  File "/home/hightech/project.columbiatransportation.com/air/main/views.py", line 5, in <module>
    from .forms import InquiryForm, ContactForm, ScheduleContactForm
  File "/home/hightech/project.columbiatransportation.com/air/main/forms.py", line 2, in <module>
    from .models import Inquiry, Contact, ScheduleContact
ImportError: cannot import name 'ScheduleContact' from 'main.models' (/home/hightech/project.columbiatransportation.com/air/main/models.py)

During handling of the above exception, another exception occurred:

Traceback (most recent call last):
  File "/home/hightech/virtualenv/project.columbiatransportation.com/air/3.10/lib/python3.10/site-packages/django/core/handlers/wsgi.py", line 124, in __call__
    response = self.get_response(request)
  File "/home/hightech/virtualenv/project.columbiatransportation.com/air/3.10/lib/python3.10/site-packages/django/core/handlers/base.py", line 140, in get_response
    response = self._middleware_chain(request)
  File "/home/hightech/virtualenv/project.columbiatransportation.com/air/3.10/lib/python3.10/site-packages/django/core/handlers/exception.py", line 57, in inner
    response = response_for_exception(request, exc)
  File "/home/hightech/virtualenv/project.columbiatransportation.com/air/3.10/lib/python3.10/site-packages/django/core/handlers/exception.py", line 141, in response_for_exception
    response = handle_uncaught_exception(
  File "/home/hightech/virtualenv/project.columbiatransportation.com/air/3.10/lib/python3.10/site-packages/django/core/handlers/exception.py", line 182, in handle_uncaught_exception
    return debug.technical_500_response(request, *exc_info)
  File "/home/hightech/virtualenv/project.columbiatransportation.com/air/3.10/lib/python3.10/site-packages/django/views/debug.py", line 69, in technical_500_response
    html = reporter.get_traceback_html()
  File "/home/hightech/virtualenv/project.columbiatransportation.com/air/3.10/lib/python3.10/site-packages/django/views/debug.py", line 428, in get_traceback_html
    c = Context(self.get_traceback_data(), use_l10n=False)
  File "/home/hightech/virtualenv/project.columbiatransportation.com/air/3.10/lib/python3.10/site-packages/django/views/debug.py", line 411, in get_traceback_data
    c["raising_view_name"] = get_caller(self.request)
  File "/home/hightech/virtualenv/project.columbiatransportation.com/air/3.10/lib/python3.10/site-packages/django/views/debug.py", line 102, in get_caller
    resolver_match = resolve(request.path)
  File "/home/hightech/virtualenv/project.columbiatransportation.com/air/3.10/lib/python3.10/site-packages/django/urls/base.py", line 25, in resolve
    return get_resolver(urlconf).resolve(path)
  File "/home/hightech/virtualenv/project.columbiatransportation.com/air/3.10/lib/python3.10/site-packages/django/urls/resolvers.py", line 666, in resolve
    for pattern in self.url_patterns:
  File "/home/hightech/virtualenv/project.columbiatransportation.com/air/3.10/lib/python3.10/site-packages/django/utils/functional.py", line 47, in __get__
    res = instance.__dict__[self.name] = self.func(instance)
  File "/home/hightech/virtualenv/project.columbiatransportation.com/air/3.10/lib/python3.10/site-packages/django/urls/resolvers.py", line 718, in url_patterns
    patterns = getattr(self.urlconf_module, "urlpatterns", self.urlconf_module)
  File "/home/hightech/virtualenv/project.columbiatransportation.com/air/3.10/lib/python3.10/site-packages/django/utils/functional.py", line 47, in __get__
    res = instance.__dict__[self.name] = self.func(instance)
  File "/home/hightech/virtualenv/project.columbiatransportation.com/air/3.10/lib/python3.10/site-packages/django/urls/resolvers.py", line 711, in urlconf_module
    return import_module(self.urlconf_name)
  File "/opt/alt/python310/lib64/python3.10/importlib/__init__.py", line 126, in import_module
    return _bootstrap._gcd_import(name[level:], package, level)
  File "<frozen importlib._bootstrap>", line 1050, in _gcd_import
  File "<frozen importlib._bootstrap>", line 1027, in _find_and_load
  File "<frozen importlib._bootstrap>", line 1006, in _find_and_load_unlocked
  File "<frozen importlib._bootstrap>", line 688, in _load_unlocked
  File "<frozen importlib._bootstrap_external>", line 883, in exec_module
  File "<frozen importlib._bootstrap>", line 241, in _call_with_frames_removed
  File "/home/hightech/project.columbiatransportation.com/air/air/urls.py", line 24, in <module>
    path('',include('main.urls'))
  File "/home/hightech/virtualenv/project.columbiatransportation.com/air/3.10/lib/python3.10/site-packages/django/urls/conf.py", line 39, in include
    urlconf_module = import_module(urlconf_module)
  File "/opt/alt/python310/lib64/python3.10/importlib/__init__.py", line 126, in import_module
    return _bootstrap._gcd_import(name[level:], package, level)
  File "<frozen importlib._bootstrap>", line 1050, in _gcd_import
  File "<frozen importlib._bootstrap>", line 1027, in _find_and_load
  File "<frozen importlib._bootstrap>", line 1006, in _find_and_load_unlocked
  File "<frozen importlib._bootstrap>", line 688, in _load_unlocked
  File "<frozen importlib._bootstrap_external>", line 883, in exec_module
  File "<frozen importlib._bootstrap>", line 241, in _call_with_frames_removed
  File "/home/hightech/project.columbiatransportation.com/air/main/urls.py", line 2, in <module>
    from .views import index
  File "/home/hightech/project.columbiatransportation.com/air/main/views.py", line 5, in <module>
    from .forms import InquiryForm, ContactForm, ScheduleContactForm
  File "/home/hightech/project.columbiatransportation.com/air/main/forms.py", line 2, in <module>
    from .models import Inquiry, Contact, ScheduleContact
ImportError: cannot import name 'ScheduleContact' from 'main.models' (/home/hightech/project.columbiatransportation.com/air/main/models.py)
[ERROR] [UID:1788][4020747] wsgiAppHandler pApp->start_response() return NULL.
Traceback (most recent call last):
  File "/home/hightech/virtualenv/project.columbiatransportation.com/air/3.10/lib/python3.10/site-packages/django/core/handlers/exception.py", line 55, in inner
    response = get_response(request)
  File "/home/hightech/virtualenv/project.columbiatransportation.com/air/3.10/lib/python3.10/site-packages/django/core/handlers/base.py", line 181, in _get_response
    callback, callback_args, callback_kwargs = self.resolve_request(request)
  File "/home/hightech/virtualenv/project.columbiatransportation.com/air/3.10/lib/python3.10/site-packages/django/core/handlers/base.py", line 313, in resolve_request
    resolver_match = resolver.resolve(request.path_info)
  File "/home/hightech/virtualenv/project.columbiatransportation.com/air/3.10/lib/python3.10/site-packages/django/urls/resolvers.py", line 666, in resolve
    for pattern in self.url_patterns:
  File "/home/hightech/virtualenv/project.columbiatransportation.com/air/3.10/lib/python3.10/site-packages/django/utils/functional.py", line 47, in __get__
    res = instance.__dict__[self.name] = self.func(instance)
  File "/home/hightech/virtualenv/project.columbiatransportation.com/air/3.10/lib/python3.10/site-packages/django/urls/resolvers.py", line 718, in url_patterns
    patterns = getattr(self.urlconf_module, "urlpatterns", self.urlconf_module)
  File "/home/hightech/virtualenv/project.columbiatransportation.com/air/3.10/lib/python3.10/site-packages/django/utils/functional.py", line 47, in __get__
    res = instance.__dict__[self.name] = self.func(instance)
  File "/home/hightech/virtualenv/project.columbiatransportation.com/air/3.10/lib/python3.10/site-packages/django/urls/resolvers.py", line 711, in urlconf_module
    return import_module(self.urlconf_name)
  File "/opt/alt/python310/lib64/python3.10/importlib/__init__.py", line 126, in import_module
    return _bootstrap._gcd_import(name[level:], package, level)
  File "<frozen importlib._bootstrap>", line 1050, in _gcd_import
  File "<frozen importlib._bootstrap>", line 1027, in _find_and_load
  File "<frozen importlib._bootstrap>", line 1006, in _find_and_load_unlocked
  File "<frozen importlib._bootstrap>", line 688, in _load_unlocked
  File "<frozen importlib._bootstrap_external>", line 883, in exec_module
  File "<frozen importlib._bootstrap>", line 241, in _call_with_frames_removed
  File "/home/hightech/project.columbiatransportation.com/air/air/urls.py", line 24, in <module>
    path('',include('main.urls'))
  File "/home/hightech/virtualenv/project.columbiatransportation.com/air/3.10/lib/python3.10/site-packages/django/urls/conf.py", line 39, in include
    urlconf_module = import_module(urlconf_module)
  File "/opt/alt/python310/lib64/python3.10/importlib/__init__.py", line 126, in import_module
    return _bootstrap._gcd_import(name[level:], package, level)
  File "<frozen importlib._bootstrap>", line 1050, in _gcd_import
  File "<frozen importlib._bootstrap>", line 1027, in _find_and_load
  File "<frozen importlib._bootstrap>", line 1006, in _find_and_load_unlocked
  File "<frozen importlib._bootstrap>", line 688, in _load_unlocked
  File "<frozen importlib._bootstrap_external>", line 883, in exec_module
  File "<frozen importlib._bootstrap>", line 241, in _call_with_frames_removed
  File "/home/hightech/project.columbiatransportation.com/air/main/urls.py", line 2, in <module>
    from .views import index
  File "/home/hightech/project.columbiatransportation.com/air/main/views.py", line 5, in <module>
    from .forms import InquiryForm, ContactForm, ScheduleContactForm
  File "/home/hightech/project.columbiatransportation.com/air/main/forms.py", line 2, in <module>
    from .models import Inquiry, Contact, ScheduleContact
ImportError: cannot import name 'ScheduleContact' from 'main.models' (/home/hightech/project.columbiatransportation.com/air/main/models.py)

During handling of the above exception, another exception occurred:

Traceback (most recent call last):
  File "/home/hightech/virtualenv/project.columbiatransportation.com/air/3.10/lib/python3.10/site-packages/django/core/handlers/exception.py", line 55, in inner
    response = get_response(request)
  File "/home/hightech/virtualenv/project.columbiatransportation.com/air/3.10/lib/python3.10/site-packages/django/utils/deprecation.py", line 120, in __call__
    response = response or self.get_response(request)
  File "/home/hightech/virtualenv/project.columbiatransportation.com/air/3.10/lib/python3.10/site-packages/django/core/handlers/exception.py", line 57, in inner
    response = response_for_exception(request, exc)
  File "/home/hightech/virtualenv/project.columbiatransportation.com/air/3.10/lib/python3.10/site-packages/django/core/handlers/exception.py", line 141, in response_for_exception
    response = handle_uncaught_exception(
  File "/home/hightech/virtualenv/project.columbiatransportation.com/air/3.10/lib/python3.10/site-packages/django/core/handlers/exception.py", line 182, in handle_uncaught_exception
    return debug.technical_500_response(request, *exc_info)
  File "/home/hightech/virtualenv/project.columbiatransportation.com/air/3.10/lib/python3.10/site-packages/django/views/debug.py", line 69, in technical_500_response
    html = reporter.get_traceback_html()
  File "/home/hightech/virtualenv/project.columbiatransportation.com/air/3.10/lib/python3.10/site-packages/django/views/debug.py", line 428, in get_traceback_html
    c = Context(self.get_traceback_data(), use_l10n=False)
  File "/home/hightech/virtualenv/project.columbiatransportation.com/air/3.10/lib/python3.10/site-packages/django/views/debug.py", line 411, in get_traceback_data
    c["raising_view_name"] = get_caller(self.request)
  File "/home/hightech/virtualenv/project.columbiatransportation.com/air/3.10/lib/python3.10/site-packages/django/views/debug.py", line 102, in get_caller
    resolver_match = resolve(request.path)
  File "/home/hightech/virtualenv/project.columbiatransportation.com/air/3.10/lib/python3.10/site-packages/django/urls/base.py", line 25, in resolve
    return get_resolver(urlconf).resolve(path)
  File "/home/hightech/virtualenv/project.columbiatransportation.com/air/3.10/lib/python3.10/site-packages/django/urls/resolvers.py", line 666, in resolve
    for pattern in self.url_patterns:
  File "/home/hightech/virtualenv/project.columbiatransportation.com/air/3.10/lib/python3.10/site-packages/django/utils/functional.py", line 47, in __get__
    res = instance.__dict__[self.name] = self.func(instance)
  File "/home/hightech/virtualenv/project.columbiatransportation.com/air/3.10/lib/python3.10/site-packages/django/urls/resolvers.py", line 718, in url_patterns
    patterns = getattr(self.urlconf_module, "urlpatterns", self.urlconf_module)
  File "/home/hightech/virtualenv/project.columbiatransportation.com/air/3.10/lib/python3.10/site-packages/django/utils/functional.py", line 47, in __get__
    res = instance.__dict__[self.name] = self.func(instance)
  File "/home/hightech/virtualenv/project.columbiatransportation.com/air/3.10/lib/python3.10/site-packages/django/urls/resolvers.py", line 711, in urlconf_module
    return import_module(self.urlconf_name)
  File "/opt/alt/python310/lib64/python3.10/importlib/__init__.py", line 126, in import_module
    return _bootstrap._gcd_import(name[level:], package, level)
  File "<frozen importlib._bootstrap>", line 1050, in _gcd_import
  File "<frozen importlib._bootstrap>", line 1027, in _find_and_load
  File "<frozen importlib._bootstrap>", line 1006, in _find_and_load_unlocked
  File "<frozen importlib._bootstrap>", line 688, in _load_unlocked
  File "<frozen importlib._bootstrap_external>", line 883, in exec_module
  File "<frozen importlib._bootstrap>", line 241, in _call_with_frames_removed
  File "/home/hightech/project.columbiatransportation.com/air/air/urls.py", line 24, in <module>
    path('',include('main.urls'))
  File "/home/hightech/virtualenv/project.columbiatransportation.com/air/3.10/lib/python3.10/site-packages/django/urls/conf.py", line 39, in include
    urlconf_module = import_module(urlconf_module)
  File "/opt/alt/python310/lib64/python3.10/importlib/__init__.py", line 126, in import_module
    return _bootstrap._gcd_import(name[level:], package, level)
  File "<frozen importlib._bootstrap>", line 1050, in _gcd_import
  File "<frozen importlib._bootstrap>", line 1027, in _find_and_load
  File "<frozen importlib._bootstrap>", line 1006, in _find_and_load_unlocked
  File "<frozen importlib._bootstrap>", line 688, in _load_unlocked
  File "<frozen importlib._bootstrap_external>", line 883, in exec_module
  File "<frozen importlib._bootstrap>", line 241, in _call_with_frames_removed
  File "/home/hightech/project.columbiatransportation.com/air/main/urls.py", line 2, in <module>
    from .views import index
  File "/home/hightech/project.columbiatransportation.com/air/main/views.py", line 5, in <module>
    from .forms import InquiryForm, ContactForm, ScheduleContactForm
  File "/home/hightech/project.columbiatransportation.com/air/main/forms.py", line 2, in <module>
    from .models import Inquiry, Contact, ScheduleContact
ImportError: cannot import name 'ScheduleContact' from 'main.models' (/home/hightech/project.columbiatransportation.com/air/main/models.py)

During handling of the above exception, another exception occurred:

Traceback (most recent call last):
  File "/home/hightech/virtualenv/project.columbiatransportation.com/air/3.10/lib/python3.10/site-packages/django/core/handlers/exception.py", line 55, in inner
    response = get_response(request)
  File "/home/hightech/virtualenv/project.columbiatransportation.com/air/3.10/lib/python3.10/site-packages/django/utils/deprecation.py", line 120, in __call__
    response = response or self.get_response(request)
  File "/home/hightech/virtualenv/project.columbiatransportation.com/air/3.10/lib/python3.10/site-packages/django/core/handlers/exception.py", line 57, in inner
    response = response_for_exception(request, exc)
  File "/home/hightech/virtualenv/project.columbiatransportation.com/air/3.10/lib/python3.10/site-packages/django/core/handlers/exception.py", line 141, in response_for_exception
    response = handle_uncaught_exception(
  File "/home/hightech/virtualenv/project.columbiatransportation.com/air/3.10/lib/python3.10/site-packages/django/core/handlers/exception.py", line 182, in handle_uncaught_exception
    return debug.technical_500_response(request, *exc_info)
  File "/home/hightech/virtualenv/project.columbiatransportation.com/air/3.10/lib/python3.10/site-packages/django/views/debug.py", line 69, in technical_500_response
    html = reporter.get_traceback_html()
  File "/home/hightech/virtualenv/project.columbiatransportation.com/air/3.10/lib/python3.10/site-packages/django/views/debug.py", line 428, in get_traceback_html
    c = Context(self.get_traceback_data(), use_l10n=False)
  File "/home/hightech/virtualenv/project.columbiatransportation.com/air/3.10/lib/python3.10/site-packages/django/views/debug.py", line 411, in get_traceback_data
    c["raising_view_name"] = get_caller(self.request)
  File "/home/hightech/virtualenv/project.columbiatransportation.com/air/3.10/lib/python3.10/site-packages/django/views/debug.py", line 102, in get_caller
    resolver_match = resolve(request.path)
  File "/home/hightech/virtualenv/project.columbiatransportation.com/air/3.10/lib/python3.10/site-packages/django/urls/base.py", line 25, in resolve
    return get_resolver(urlconf).resolve(path)
  File "/home/hightech/virtualenv/project.columbiatransportation.com/air/3.10/lib/python3.10/site-packages/django/urls/resolvers.py", line 666, in resolve
    for pattern in self.url_patterns:
  File "/home/hightech/virtualenv/project.columbiatransportation.com/air/3.10/lib/python3.10/site-packages/django/utils/functional.py", line 47, in __get__
    res = instance.__dict__[self.name] = self.func(instance)
  File "/home/hightech/virtualenv/project.columbiatransportation.com/air/3.10/lib/python3.10/site-packages/django/urls/resolvers.py", line 718, in url_patterns
    patterns = getattr(self.urlconf_module, "urlpatterns", self.urlconf_module)
  File "/home/hightech/virtualenv/project.columbiatransportation.com/air/3.10/lib/python3.10/site-packages/django/utils/functional.py", line 47, in __get__
    res = instance.__dict__[self.name] = self.func(instance)
  File "/home/hightech/virtualenv/project.columbiatransportation.com/air/3.10/lib/python3.10/site-packages/django/urls/resolvers.py", line 711, in urlconf_module
    return import_module(self.urlconf_name)
  File "/opt/alt/python310/lib64/python3.10/importlib/__init__.py", line 126, in import_module
    return _bootstrap._gcd_import(name[level:], package, level)
  File "<frozen importlib._bootstrap>", line 1050, in _gcd_import
  File "<frozen importlib._bootstrap>", line 1027, in _find_and_load
  File "<frozen importlib._bootstrap>", line 1006, in _find_and_load_unlocked
  File "<frozen importlib._bootstrap>", line 688, in _load_unlocked
  File "<frozen importlib._bootstrap_external>", line 883, in exec_module
  File "<frozen importlib._bootstrap>", line 241, in _call_with_frames_removed
  File "/home/hightech/project.columbiatransportation.com/air/air/urls.py", line 24, in <module>
    path('',include('main.urls'))
  File "/home/hightech/virtualenv/project.columbiatransportation.com/air/3.10/lib/python3.10/site-packages/django/urls/conf.py", line 39, in include
    urlconf_module = import_module(urlconf_module)
  File "/opt/alt/python310/lib64/python3.10/importlib/__init__.py", line 126, in import_module
    return _bootstrap._gcd_import(name[level:], package, level)
  File "<frozen importlib._bootstrap>", line 1050, in _gcd_import
  File "<frozen importlib._bootstrap>", line 1027, in _find_and_load
  File "<frozen importlib._bootstrap>", line 1006, in _find_and_load_unlocked
  File "<frozen importlib._bootstrap>", line 688, in _load_unlocked
  File "<frozen importlib._bootstrap_external>", line 883, in exec_module
  File "<frozen importlib._bootstrap>", line 241, in _call_with_frames_removed
  File "/home/hightech/project.columbiatransportation.com/air/main/urls.py", line 2, in <module>
    from .views import index
  File "/home/hightech/project.columbiatransportation.com/air/main/views.py", line 5, in <module>
    from .forms import InquiryForm, ContactForm, ScheduleContactForm
  File "/home/hightech/project.columbiatransportation.com/air/main/forms.py", line 2, in <module>
    from .models import Inquiry, Contact, ScheduleContact
ImportError: cannot import name 'ScheduleContact' from 'main.models' (/home/hightech/project.columbiatransportation.com/air/main/models.py)

During handling of the above exception, another exception occurred:

Traceback (most recent call last):
  File "/home/hightech/virtualenv/project.columbiatransportation.com/air/3.10/lib/python3.10/site-packages/django/core/handlers/exception.py", line 55, in inner
    response = get_response(request)
  File "/home/hightech/virtualenv/project.columbiatransportation.com/air/3.10/lib/python3.10/site-packages/django/utils/deprecation.py", line 120, in __call__
    response = response or self.get_response(request)
  File "/home/hightech/virtualenv/project.columbiatransportation.com/air/3.10/lib/python3.10/site-packages/django/core/handlers/exception.py", line 57, in inner
    response = response_for_exception(request, exc)
  File "/home/hightech/virtualenv/project.columbiatransportation.com/air/3.10/lib/python3.10/site-packages/django/core/handlers/exception.py", line 141, in response_for_exception
    response = handle_uncaught_exception(
  File "/home/hightech/virtualenv/project.columbiatransportation.com/air/3.10/lib/python3.10/site-packages/django/core/handlers/exception.py", line 182, in handle_uncaught_exception
    return debug.technical_500_response(request, *exc_info)
  File "/home/hightech/virtualenv/project.columbiatransportation.com/air/3.10/lib/python3.10/site-packages/django/views/debug.py", line 69, in technical_500_response
    html = reporter.get_traceback_html()
  File "/home/hightech/virtualenv/project.columbiatransportation.com/air/3.10/lib/python3.10/site-packages/django/views/debug.py", line 428, in get_traceback_html
    c = Context(self.get_traceback_data(), use_l10n=False)
  File "/home/hightech/virtualenv/project.columbiatransportation.com/air/3.10/lib/python3.10/site-packages/django/views/debug.py", line 411, in get_traceback_data
    c["raising_view_name"] = get_caller(self.request)
  File "/home/hightech/virtualenv/project.columbiatransportation.com/air/3.10/lib/python3.10/site-packages/django/views/debug.py", line 102, in get_caller
    resolver_match = resolve(request.path)
  File "/home/hightech/virtualenv/project.columbiatransportation.com/air/3.10/lib/python3.10/site-packages/django/urls/base.py", line 25, in resolve
    return get_resolver(urlconf).resolve(path)
  File "/home/hightech/virtualenv/project.columbiatransportation.com/air/3.10/lib/python3.10/site-packages/django/urls/resolvers.py", line 666, in resolve
    for pattern in self.url_patterns:
  File "/home/hightech/virtualenv/project.columbiatransportation.com/air/3.10/lib/python3.10/site-packages/django/utils/functional.py", line 47, in __get__
    res = instance.__dict__[self.name] = self.func(instance)
  File "/home/hightech/virtualenv/project.columbiatransportation.com/air/3.10/lib/python3.10/site-packages/django/urls/resolvers.py", line 718, in url_patterns
    patterns = getattr(self.urlconf_module, "urlpatterns", self.urlconf_module)
  File "/home/hightech/virtualenv/project.columbiatransportation.com/air/3.10/lib/python3.10/site-packages/django/utils/functional.py", line 47, in __get__
    res = instance.__dict__[self.name] = self.func(instance)
  File "/home/hightech/virtualenv/project.columbiatransportation.com/air/3.10/lib/python3.10/site-packages/django/urls/resolvers.py", line 711, in urlconf_module
    return import_module(self.urlconf_name)
  File "/opt/alt/python310/lib64/python3.10/importlib/__init__.py", line 126, in import_module
    return _bootstrap._gcd_import(name[level:], package, level)
  File "<frozen importlib._bootstrap>", line 1050, in _gcd_import
  File "<frozen importlib._bootstrap>", line 1027, in _find_and_load
  File "<frozen importlib._bootstrap>", line 1006, in _find_and_load_unlocked
  File "<frozen importlib._bootstrap>", line 688, in _load_unlocked
  File "<frozen importlib._bootstrap_external>", line 883, in exec_module
  File "<frozen importlib._bootstrap>", line 241, in _call_with_frames_removed
  File "/home/hightech/project.columbiatransportation.com/air/air/urls.py", line 24, in <module>
    path('',include('main.urls'))
  File "/home/hightech/virtualenv/project.columbiatransportation.com/air/3.10/lib/python3.10/site-packages/django/urls/conf.py", line 39, in include
    urlconf_module = import_module(urlconf_module)
  File "/opt/alt/python310/lib64/python3.10/importlib/__init__.py", line 126, in import_module
    return _bootstrap._gcd_import(name[level:], package, level)
  File "<frozen importlib._bootstrap>", line 1050, in _gcd_import
  File "<frozen importlib._bootstrap>", line 1027, in _find_and_load
  File "<frozen importlib._bootstrap>", line 1006, in _find_and_load_unlocked
  File "<frozen importlib._bootstrap>", line 688, in _load_unlocked
  File "<frozen importlib._bootstrap_external>", line 883, in exec_module
  File "<frozen importlib._bootstrap>", line 241, in _call_with_frames_removed
  File "/home/hightech/project.columbiatransportation.com/air/main/urls.py", line 2, in <module>
    from .views import index
  File "/home/hightech/project.columbiatransportation.com/air/main/views.py", line 5, in <module>
    from .forms import InquiryForm, ContactForm, ScheduleContactForm
  File "/home/hightech/project.columbiatransportation.com/air/main/forms.py", line 2, in <module>
    from .models import Inquiry, Contact, ScheduleContact
ImportError: cannot import name 'ScheduleContact' from 'main.models' (/home/hightech/project.columbiatransportation.com/air/main/models.py)

During handling of the above exception, another exception occurred:

Traceback (most recent call last):
  File "/home/hightech/virtualenv/project.columbiatransportation.com/air/3.10/lib/python3.10/site-packages/django/core/handlers/exception.py", line 55, in inner
    response = get_response(request)
  File "/home/hightech/virtualenv/project.columbiatransportation.com/air/3.10/lib/python3.10/site-packages/django/utils/deprecation.py", line 120, in __call__
    response = response or self.get_response(request)
  File "/home/hightech/virtualenv/project.columbiatransportation.com/air/3.10/lib/python3.10/site-packages/django/core/handlers/exception.py", line 57, in inner
    response = response_for_exception(request, exc)
  File "/home/hightech/virtualenv/project.columbiatransportation.com/air/3.10/lib/python3.10/site-packages/django/core/handlers/exception.py", line 141, in response_for_exception
    response = handle_uncaught_exception(
  File "/home/hightech/virtualenv/project.columbiatransportation.com/air/3.10/lib/python3.10/site-packages/django/core/handlers/exception.py", line 182, in handle_uncaught_exception
    return debug.technical_500_response(request, *exc_info)
  File "/home/hightech/virtualenv/project.columbiatransportation.com/air/3.10/lib/python3.10/site-packages/django/views/debug.py", line 69, in technical_500_response
    html = reporter.get_traceback_html()
  File "/home/hightech/virtualenv/project.columbiatransportation.com/air/3.10/lib/python3.10/site-packages/django/views/debug.py", line 428, in get_traceback_html
    c = Context(self.get_traceback_data(), use_l10n=False)
  File "/home/hightech/virtualenv/project.columbiatransportation.com/air/3.10/lib/python3.10/site-packages/django/views/debug.py", line 411, in get_traceback_data
    c["raising_view_name"] = get_caller(self.request)
  File "/home/hightech/virtualenv/project.columbiatransportation.com/air/3.10/lib/python3.10/site-packages/django/views/debug.py", line 102, in get_caller
    resolver_match = resolve(request.path)
  File "/home/hightech/virtualenv/project.columbiatransportation.com/air/3.10/lib/python3.10/site-packages/django/urls/base.py", line 25, in resolve
    return get_resolver(urlconf).resolve(path)
  File "/home/hightech/virtualenv/project.columbiatransportation.com/air/3.10/lib/python3.10/site-packages/django/urls/resolvers.py", line 666, in resolve
    for pattern in self.url_patterns:
  File "/home/hightech/virtualenv/project.columbiatransportation.com/air/3.10/lib/python3.10/site-packages/django/utils/functional.py", line 47, in __get__
    res = instance.__dict__[self.name] = self.func(instance)
  File "/home/hightech/virtualenv/project.columbiatransportation.com/air/3.10/lib/python3.10/site-packages/django/urls/resolvers.py", line 718, in url_patterns
    patterns = getattr(self.urlconf_module, "urlpatterns", self.urlconf_module)
  File "/home/hightech/virtualenv/project.columbiatransportation.com/air/3.10/lib/python3.10/site-packages/django/utils/functional.py", line 47, in __get__
    res = instance.__dict__[self.name] = self.func(instance)
  File "/home/hightech/virtualenv/project.columbiatransportation.com/air/3.10/lib/python3.10/site-packages/django/urls/resolvers.py", line 711, in urlconf_module
    return import_module(self.urlconf_name)
  File "/opt/alt/python310/lib64/python3.10/importlib/__init__.py", line 126, in import_module
    return _bootstrap._gcd_import(name[level:], package, level)
  File "<frozen importlib._bootstrap>", line 1050, in _gcd_import
  File "<frozen importlib._bootstrap>", line 1027, in _find_and_load
  File "<frozen importlib._bootstrap>", line 1006, in _find_and_load_unlocked
  File "<frozen importlib._bootstrap>", line 688, in _load_unlocked
  File "<frozen importlib._bootstrap_external>", line 883, in exec_module
  File "<frozen importlib._bootstrap>", line 241, in _call_with_frames_removed
  File "/home/hightech/project.columbiatransportation.com/air/air/urls.py", line 24, in <module>
    path('',include('main.urls'))
  File "/home/hightech/virtualenv/project.columbiatransportation.com/air/3.10/lib/python3.10/site-packages/django/urls/conf.py", line 39, in include
    urlconf_module = import_module(urlconf_module)
  File "/opt/alt/python310/lib64/python3.10/importlib/__init__.py", line 126, in import_module
    return _bootstrap._gcd_import(name[level:], package, level)
  File "<frozen importlib._bootstrap>", line 1050, in _gcd_import
  File "<frozen importlib._bootstrap>", line 1027, in _find_and_load
  File "<frozen importlib._bootstrap>", line 1006, in _find_and_load_unlocked
  File "<frozen importlib._bootstrap>", line 688, in _load_unlocked
  File "<frozen importlib._bootstrap_external>", line 883, in exec_module
  File "<frozen importlib._bootstrap>", line 241, in _call_with_frames_removed
  File "/home/hightech/project.columbiatransportation.com/air/main/urls.py", line 2, in <module>
    from .views import index
  File "/home/hightech/project.columbiatransportation.com/air/main/views.py", line 5, in <module>
    from .forms import InquiryForm, ContactForm, ScheduleContactForm
  File "/home/hightech/project.columbiatransportation.com/air/main/forms.py", line 2, in <module>
    from .models import Inquiry, Contact, ScheduleContact
ImportError: cannot import name 'ScheduleContact' from 'main.models' (/home/hightech/project.columbiatransportation.com/air/main/models.py)

During handling of the above exception, another exception occurred:

Traceback (most recent call last):
  File "/home/hightech/virtualenv/project.columbiatransportation.com/air/3.10/lib/python3.10/site-packages/django/core/handlers/exception.py", line 55, in inner
    response = get_response(request)
  File "/home/hightech/virtualenv/project.columbiatransportation.com/air/3.10/lib/python3.10/site-packages/django/utils/deprecation.py", line 120, in __call__
    response = response or self.get_response(request)
  File "/home/hightech/virtualenv/project.columbiatransportation.com/air/3.10/lib/python3.10/site-packages/django/core/handlers/exception.py", line 57, in inner
    response = response_for_exception(request, exc)
  File "/home/hightech/virtualenv/project.columbiatransportation.com/air/3.10/lib/python3.10/site-packages/django/core/handlers/exception.py", line 141, in response_for_exception
    response = handle_uncaught_exception(
  File "/home/hightech/virtualenv/project.columbiatransportation.com/air/3.10/lib/python3.10/site-packages/django/core/handlers/exception.py", line 182, in handle_uncaught_exception
    return debug.technical_500_response(request, *exc_info)
  File "/home/hightech/virtualenv/project.columbiatransportation.com/air/3.10/lib/python3.10/site-packages/django/views/debug.py", line 69, in technical_500_response
    html = reporter.get_traceback_html()
  File "/home/hightech/virtualenv/project.columbiatransportation.com/air/3.10/lib/python3.10/site-packages/django/views/debug.py", line 428, in get_traceback_html
    c = Context(self.get_traceback_data(), use_l10n=False)
  File "/home/hightech/virtualenv/project.columbiatransportation.com/air/3.10/lib/python3.10/site-packages/django/views/debug.py", line 411, in get_traceback_data
    c["raising_view_name"] = get_caller(self.request)
  File "/home/hightech/virtualenv/project.columbiatransportation.com/air/3.10/lib/python3.10/site-packages/django/views/debug.py", line 102, in get_caller
    resolver_match = resolve(request.path)
  File "/home/hightech/virtualenv/project.columbiatransportation.com/air/3.10/lib/python3.10/site-packages/django/urls/base.py", line 25, in resolve
    return get_resolver(urlconf).resolve(path)
  File "/home/hightech/virtualenv/project.columbiatransportation.com/air/3.10/lib/python3.10/site-packages/django/urls/resolvers.py", line 666, in resolve
    for pattern in self.url_patterns:
  File "/home/hightech/virtualenv/project.columbiatransportation.com/air/3.10/lib/python3.10/site-packages/django/utils/functional.py", line 47, in __get__
    res = instance.__dict__[self.name] = self.func(instance)
  File "/home/hightech/virtualenv/project.columbiatransportation.com/air/3.10/lib/python3.10/site-packages/django/urls/resolvers.py", line 718, in url_patterns
    patterns = getattr(self.urlconf_module, "urlpatterns", self.urlconf_module)
  File "/home/hightech/virtualenv/project.columbiatransportation.com/air/3.10/lib/python3.10/site-packages/django/utils/functional.py", line 47, in __get__
    res = instance.__dict__[self.name] = self.func(instance)
  File "/home/hightech/virtualenv/project.columbiatransportation.com/air/3.10/lib/python3.10/site-packages/django/urls/resolvers.py", line 711, in urlconf_module
    return import_module(self.urlconf_name)
  File "/opt/alt/python310/lib64/python3.10/importlib/__init__.py", line 126, in import_module
    return _bootstrap._gcd_import(name[level:], package, level)
  File "<frozen importlib._bootstrap>", line 1050, in _gcd_import
  File "<frozen importlib._bootstrap>", line 1027, in _find_and_load
  File "<frozen importlib._bootstrap>", line 1006, in _find_and_load_unlocked
  File "<frozen importlib._bootstrap>", line 688, in _load_unlocked
  File "<frozen importlib._bootstrap_external>", line 883, in exec_module
  File "<frozen importlib._bootstrap>", line 241, in _call_with_frames_removed
  File "/home/hightech/project.columbiatransportation.com/air/air/urls.py", line 24, in <module>
    path('',include('main.urls'))
  File "/home/hightech/virtualenv/project.columbiatransportation.com/air/3.10/lib/python3.10/site-packages/django/urls/conf.py", line 39, in include
    urlconf_module = import_module(urlconf_module)
  File "/opt/alt/python310/lib64/python3.10/importlib/__init__.py", line 126, in import_module
    return _bootstrap._gcd_import(name[level:], package, level)
  File "<frozen importlib._bootstrap>", line 1050, in _gcd_import
  File "<frozen importlib._bootstrap>", line 1027, in _find_and_load
  File "<frozen importlib._bootstrap>", line 1006, in _find_and_load_unlocked
  File "<frozen importlib._bootstrap>", line 688, in _load_unlocked
  File "<frozen importlib._bootstrap_external>", line 883, in exec_module
  File "<frozen importlib._bootstrap>", line 241, in _call_with_frames_removed
  File "/home/hightech/project.columbiatransportation.com/air/main/urls.py", line 2, in <module>
    from .views import index
  File "/home/hightech/project.columbiatransportation.com/air/main/views.py", line 5, in <module>
    from .forms import InquiryForm, ContactForm, ScheduleContactForm
  File "/home/hightech/project.columbiatransportation.com/air/main/forms.py", line 2, in <module>
    from .models import Inquiry, Contact, ScheduleContact
ImportError: cannot import name 'ScheduleContact' from 'main.models' (/home/hightech/project.columbiatransportation.com/air/main/models.py)

During handling of the above exception, another exception occurred:

Traceback (most recent call last):
  File "/home/hightech/virtualenv/project.columbiatransportation.com/air/3.10/lib/python3.10/site-packages/django/core/handlers/exception.py", line 55, in inner
    response = get_response(request)
  File "/home/hightech/virtualenv/project.columbiatransportation.com/air/3.10/lib/python3.10/site-packages/django/utils/deprecation.py", line 120, in __call__
    response = response or self.get_response(request)
  File "/home/hightech/virtualenv/project.columbiatransportation.com/air/3.10/lib/python3.10/site-packages/django/core/handlers/exception.py", line 57, in inner
    response = response_for_exception(request, exc)
  File "/home/hightech/virtualenv/project.columbiatransportation.com/air/3.10/lib/python3.10/site-packages/django/core/handlers/exception.py", line 141, in response_for_exception
    response = handle_uncaught_exception(
  File "/home/hightech/virtualenv/project.columbiatransportation.com/air/3.10/lib/python3.10/site-packages/django/core/handlers/exception.py", line 182, in handle_uncaught_exception
    return debug.technical_500_response(request, *exc_info)
  File "/home/hightech/virtualenv/project.columbiatransportation.com/air/3.10/lib/python3.10/site-packages/django/views/debug.py", line 69, in technical_500_response
    html = reporter.get_traceback_html()
  File "/home/hightech/virtualenv/project.columbiatransportation.com/air/3.10/lib/python3.10/site-packages/django/views/debug.py", line 428, in get_traceback_html
    c = Context(self.get_traceback_data(), use_l10n=False)
  File "/home/hightech/virtualenv/project.columbiatransportation.com/air/3.10/lib/python3.10/site-packages/django/views/debug.py", line 411, in get_traceback_data
    c["raising_view_name"] = get_caller(self.request)
  File "/home/hightech/virtualenv/project.columbiatransportation.com/air/3.10/lib/python3.10/site-packages/django/views/debug.py", line 102, in get_caller
    resolver_match = resolve(request.path)
  File "/home/hightech/virtualenv/project.columbiatransportation.com/air/3.10/lib/python3.10/site-packages/django/urls/base.py", line 25, in resolve
    return get_resolver(urlconf).resolve(path)
  File "/home/hightech/virtualenv/project.columbiatransportation.com/air/3.10/lib/python3.10/site-packages/django/urls/resolvers.py", line 666, in resolve
    for pattern in self.url_patterns:
  File "/home/hightech/virtualenv/project.columbiatransportation.com/air/3.10/lib/python3.10/site-packages/django/utils/functional.py", line 47, in __get__
    res = instance.__dict__[self.name] = self.func(instance)
  File "/home/hightech/virtualenv/project.columbiatransportation.com/air/3.10/lib/python3.10/site-packages/django/urls/resolvers.py", line 718, in url_patterns
    patterns = getattr(self.urlconf_module, "urlpatterns", self.urlconf_module)
  File "/home/hightech/virtualenv/project.columbiatransportation.com/air/3.10/lib/python3.10/site-packages/django/utils/functional.py", line 47, in __get__
    res = instance.__dict__[self.name] = self.func(instance)
  File "/home/hightech/virtualenv/project.columbiatransportation.com/air/3.10/lib/python3.10/site-packages/django/urls/resolvers.py", line 711, in urlconf_module
    return import_module(self.urlconf_name)
  File "/opt/alt/python310/lib64/python3.10/importlib/__init__.py", line 126, in import_module
    return _bootstrap._gcd_import(name[level:], package, level)
  File "<frozen importlib._bootstrap>", line 1050, in _gcd_import
  File "<frozen importlib._bootstrap>", line 1027, in _find_and_load
  File "<frozen importlib._bootstrap>", line 1006, in _find_and_load_unlocked
  File "<frozen importlib._bootstrap>", line 688, in _load_unlocked
  File "<frozen importlib._bootstrap_external>", line 883, in exec_module
  File "<frozen importlib._bootstrap>", line 241, in _call_with_frames_removed
  File "/home/hightech/project.columbiatransportation.com/air/air/urls.py", line 24, in <module>
    path('',include('main.urls'))
  File "/home/hightech/virtualenv/project.columbiatransportation.com/air/3.10/lib/python3.10/site-packages/django/urls/conf.py", line 39, in include
    urlconf_module = import_module(urlconf_module)
  File "/opt/alt/python310/lib64/python3.10/importlib/__init__.py", line 126, in import_module
    return _bootstrap._gcd_import(name[level:], package, level)
  File "<frozen importlib._bootstrap>", line 1050, in _gcd_import
  File "<frozen importlib._bootstrap>", line 1027, in _find_and_load
  File "<frozen importlib._bootstrap>", line 1006, in _find_and_load_unlocked
  File "<frozen importlib._bootstrap>", line 688, in _load_unlocked
  File "<frozen importlib._bootstrap_external>", line 883, in exec_module
  File "<frozen importlib._bootstrap>", line 241, in _call_with_frames_removed
  File "/home/hightech/project.columbiatransportation.com/air/main/urls.py", line 2, in <module>
    from .views import index
  File "/home/hightech/project.columbiatransportation.com/air/main/views.py", line 5, in <module>
    from .forms import InquiryForm, ContactForm, ScheduleContactForm
  File "/home/hightech/project.columbiatransportation.com/air/main/forms.py", line 2, in <module>
    from .models import Inquiry, Contact, ScheduleContact
ImportError: cannot import name 'ScheduleContact' from 'main.models' (/home/hightech/project.columbiatransportation.com/air/main/models.py)

During handling of the above exception, another exception occurred:

Traceback (most recent call last):
  File "/home/hightech/virtualenv/project.columbiatransportation.com/air/3.10/lib/python3.10/site-packages/django/core/handlers/exception.py", line 55, in inner
    response = get_response(request)
  File "/home/hightech/virtualenv/project.columbiatransportation.com/air/3.10/lib/python3.10/site-packages/django/utils/deprecation.py", line 120, in __call__
    response = response or self.get_response(request)
  File "/home/hightech/virtualenv/project.columbiatransportation.com/air/3.10/lib/python3.10/site-packages/django/core/handlers/exception.py", line 57, in inner
    response = response_for_exception(request, exc)
  File "/home/hightech/virtualenv/project.columbiatransportation.com/air/3.10/lib/python3.10/site-packages/django/core/handlers/exception.py", line 141, in response_for_exception
    response = handle_uncaught_exception(
  File "/home/hightech/virtualenv/project.columbiatransportation.com/air/3.10/lib/python3.10/site-packages/django/core/handlers/exception.py", line 182, in handle_uncaught_exception
    return debug.technical_500_response(request, *exc_info)
  File "/home/hightech/virtualenv/project.columbiatransportation.com/air/3.10/lib/python3.10/site-packages/django/views/debug.py", line 69, in technical_500_response
    html = reporter.get_traceback_html()
  File "/home/hightech/virtualenv/project.columbiatransportation.com/air/3.10/lib/python3.10/site-packages/django/views/debug.py", line 428, in get_traceback_html
    c = Context(self.get_traceback_data(), use_l10n=False)
  File "/home/hightech/virtualenv/project.columbiatransportation.com/air/3.10/lib/python3.10/site-packages/django/views/debug.py", line 411, in get_traceback_data
    c["raising_view_name"] = get_caller(self.request)
  File "/home/hightech/virtualenv/project.columbiatransportation.com/air/3.10/lib/python3.10/site-packages/django/views/debug.py", line 102, in get_caller
    resolver_match = resolve(request.path)
  File "/home/hightech/virtualenv/project.columbiatransportation.com/air/3.10/lib/python3.10/site-packages/django/urls/base.py", line 25, in resolve
    return get_resolver(urlconf).resolve(path)
  File "/home/hightech/virtualenv/project.columbiatransportation.com/air/3.10/lib/python3.10/site-packages/django/urls/resolvers.py", line 666, in resolve
    for pattern in self.url_patterns:
  File "/home/hightech/virtualenv/project.columbiatransportation.com/air/3.10/lib/python3.10/site-packages/django/utils/functional.py", line 47, in __get__
    res = instance.__dict__[self.name] = self.func(instance)
  File "/home/hightech/virtualenv/project.columbiatransportation.com/air/3.10/lib/python3.10/site-packages/django/urls/resolvers.py", line 718, in url_patterns
    patterns = getattr(self.urlconf_module, "urlpatterns", self.urlconf_module)
  File "/home/hightech/virtualenv/project.columbiatransportation.com/air/3.10/lib/python3.10/site-packages/django/utils/functional.py", line 47, in __get__
    res = instance.__dict__[self.name] = self.func(instance)
  File "/home/hightech/virtualenv/project.columbiatransportation.com/air/3.10/lib/python3.10/site-packages/django/urls/resolvers.py", line 711, in urlconf_module
    return import_module(self.urlconf_name)
  File "/opt/alt/python310/lib64/python3.10/importlib/__init__.py", line 126, in import_module
    return _bootstrap._gcd_import(name[level:], package, level)
  File "<frozen importlib._bootstrap>", line 1050, in _gcd_import
  File "<frozen importlib._bootstrap>", line 1027, in _find_and_load
  File "<frozen importlib._bootstrap>", line 1006, in _find_and_load_unlocked
  File "<frozen importlib._bootstrap>", line 688, in _load_unlocked
  File "<frozen importlib._bootstrap_external>", line 883, in exec_module
  File "<frozen importlib._bootstrap>", line 241, in _call_with_frames_removed
  File "/home/hightech/project.columbiatransportation.com/air/air/urls.py", line 24, in <module>
    path('',include('main.urls'))
  File "/home/hightech/virtualenv/project.columbiatransportation.com/air/3.10/lib/python3.10/site-packages/django/urls/conf.py", line 39, in include
    urlconf_module = import_module(urlconf_module)
  File "/opt/alt/python310/lib64/python3.10/importlib/__init__.py", line 126, in import_module
    return _bootstrap._gcd_import(name[level:], package, level)
  File "<frozen importlib._bootstrap>", line 1050, in _gcd_import
  File "<frozen importlib._bootstrap>", line 1027, in _find_and_load
  File "<frozen importlib._bootstrap>", line 1006, in _find_and_load_unlocked
  File "<frozen importlib._bootstrap>", line 688, in _load_unlocked
  File "<frozen importlib._bootstrap_external>", line 883, in exec_module
  File "<frozen importlib._bootstrap>", line 241, in _call_with_frames_removed
  File "/home/hightech/project.columbiatransportation.com/air/main/urls.py", line 2, in <module>
    from .views import index
  File "/home/hightech/project.columbiatransportation.com/air/main/views.py", line 5, in <module>
    from .forms import InquiryForm, ContactForm, ScheduleContactForm
  File "/home/hightech/project.columbiatransportation.com/air/main/forms.py", line 2, in <module>
    from .models import Inquiry, Contact, ScheduleContact
ImportError: cannot import name 'ScheduleContact' from 'main.models' (/home/hightech/project.columbiatransportation.com/air/main/models.py)

During handling of the above exception, another exception occurred:

Traceback (most recent call last):
  File "/home/hightech/virtualenv/project.columbiatransportation.com/air/3.10/lib/python3.10/site-packages/django/core/handlers/wsgi.py", line 124, in __call__
    response = self.get_response(request)
  File "/home/hightech/virtualenv/project.columbiatransportation.com/air/3.10/lib/python3.10/site-packages/django/core/handlers/base.py", line 140, in get_response
    response = self._middleware_chain(request)
  File "/home/hightech/virtualenv/project.columbiatransportation.com/air/3.10/lib/python3.10/site-packages/django/core/handlers/exception.py", line 57, in inner
    response = response_for_exception(request, exc)
  File "/home/hightech/virtualenv/project.columbiatransportation.com/air/3.10/lib/python3.10/site-packages/django/core/handlers/exception.py", line 141, in response_for_exception
    response = handle_uncaught_exception(
  File "/home/hightech/virtualenv/project.columbiatransportation.com/air/3.10/lib/python3.10/site-packages/django/core/handlers/exception.py", line 182, in handle_uncaught_exception
    return debug.technical_500_response(request, *exc_info)
  File "/home/hightech/virtualenv/project.columbiatransportation.com/air/3.10/lib/python3.10/site-packages/django/views/debug.py", line 69, in technical_500_response
    html = reporter.get_traceback_html()
  File "/home/hightech/virtualenv/project.columbiatransportation.com/air/3.10/lib/python3.10/site-packages/django/views/debug.py", line 428, in get_traceback_html
    c = Context(self.get_traceback_data(), use_l10n=False)
  File "/home/hightech/virtualenv/project.columbiatransportation.com/air/3.10/lib/python3.10/site-packages/django/views/debug.py", line 411, in get_traceback_data
    c["raising_view_name"] = get_caller(self.request)
  File "/home/hightech/virtualenv/project.columbiatransportation.com/air/3.10/lib/python3.10/site-packages/django/views/debug.py", line 102, in get_caller
    resolver_match = resolve(request.path)
  File "/home/hightech/virtualenv/project.columbiatransportation.com/air/3.10/lib/python3.10/site-packages/django/urls/base.py", line 25, in resolve
    return get_resolver(urlconf).resolve(path)
  File "/home/hightech/virtualenv/project.columbiatransportation.com/air/3.10/lib/python3.10/site-packages/django/urls/resolvers.py", line 666, in resolve
    for pattern in self.url_patterns:
  File "/home/hightech/virtualenv/project.columbiatransportation.com/air/3.10/lib/python3.10/site-packages/django/utils/functional.py", line 47, in __get__
    res = instance.__dict__[self.name] = self.func(instance)
  File "/home/hightech/virtualenv/project.columbiatransportation.com/air/3.10/lib/python3.10/site-packages/django/urls/resolvers.py", line 718, in url_patterns
    patterns = getattr(self.urlconf_module, "urlpatterns", self.urlconf_module)
  File "/home/hightech/virtualenv/project.columbiatransportation.com/air/3.10/lib/python3.10/site-packages/django/utils/functional.py", line 47, in __get__
    res = instance.__dict__[self.name] = self.func(instance)
  File "/home/hightech/virtualenv/project.columbiatransportation.com/air/3.10/lib/python3.10/site-packages/django/urls/resolvers.py", line 711, in urlconf_module
    return import_module(self.urlconf_name)
  File "/opt/alt/python310/lib64/python3.10/importlib/__init__.py", line 126, in import_module
    return _bootstrap._gcd_import(name[level:], package, level)
  File "<frozen importlib._bootstrap>", line 1050, in _gcd_import
  File "<frozen importlib._bootstrap>", line 1027, in _find_and_load
  File "<frozen importlib._bootstrap>", line 1006, in _find_and_load_unlocked
  File "<frozen importlib._bootstrap>", line 688, in _load_unlocked
  File "<frozen importlib._bootstrap_external>", line 883, in exec_module
  File "<frozen importlib._bootstrap>", line 241, in _call_with_frames_removed
  File "/home/hightech/project.columbiatransportation.com/air/air/urls.py", line 24, in <module>
    path('',include('main.urls'))
  File "/home/hightech/virtualenv/project.columbiatransportation.com/air/3.10/lib/python3.10/site-packages/django/urls/conf.py", line 39, in include
    urlconf_module = import_module(urlconf_module)
  File "/opt/alt/python310/lib64/python3.10/importlib/__init__.py", line 126, in import_module
    return _bootstrap._gcd_import(name[level:], package, level)
  File "<frozen importlib._bootstrap>", line 1050, in _gcd_import
  File "<frozen importlib._bootstrap>", line 1027, in _find_and_load
  File "<frozen importlib._bootstrap>", line 1006, in _find_and_load_unlocked
  File "<frozen importlib._bootstrap>", line 688, in _load_unlocked
  File "<frozen importlib._bootstrap_external>", line 883, in exec_module
  File "<frozen importlib._bootstrap>", line 241, in _call_with_frames_removed
  File "/home/hightech/project.columbiatransportation.com/air/main/urls.py", line 2, in <module>
    from .views import index
  File "/home/hightech/project.columbiatransportation.com/air/main/views.py", line 5, in <module>
    from .forms import InquiryForm, ContactForm, ScheduleContactForm
  File "/home/hightech/project.columbiatransportation.com/air/main/forms.py", line 2, in <module>
    from .models import Inquiry, Contact, ScheduleContact
ImportError: cannot import name 'ScheduleContact' from 'main.models' (/home/hightech/project.columbiatransportation.com/air/main/models.py)
Not Found: /favicon.ico
Not Found: /static/css/contact.css
Not Found: /project/img/industrial-1.jpg
Not Found: /project/img/industrial-2.jpg
Not Found: /project/img/commercial-2.jpg
Not Found: /project/img/commercial-1.jpg
[ERROR] [UID:1788][4044820] wsgiAppHandler pApp->start_response() return NULL.
Traceback (most recent call last):
  File "/home/hightech/virtualenv/project.columbiatransportation.com/air/3.10/lib/python3.10/site-packages/django/core/handlers/exception.py", line 55, in inner
    response = get_response(request)
  File "/home/hightech/virtualenv/project.columbiatransportation.com/air/3.10/lib/python3.10/site-packages/django/core/handlers/base.py", line 181, in _get_response
    callback, callback_args, callback_kwargs = self.resolve_request(request)
  File "/home/hightech/virtualenv/project.columbiatransportation.com/air/3.10/lib/python3.10/site-packages/django/core/handlers/base.py", line 313, in resolve_request
    resolver_match = resolver.resolve(request.path_info)
  File "/home/hightech/virtualenv/project.columbiatransportation.com/air/3.10/lib/python3.10/site-packages/django/urls/resolvers.py", line 666, in resolve
    for pattern in self.url_patterns:
  File "/home/hightech/virtualenv/project.columbiatransportation.com/air/3.10/lib/python3.10/site-packages/django/utils/functional.py", line 47, in __get__
    res = instance.__dict__[self.name] = self.func(instance)
  File "/home/hightech/virtualenv/project.columbiatransportation.com/air/3.10/lib/python3.10/site-packages/django/urls/resolvers.py", line 718, in url_patterns
    patterns = getattr(self.urlconf_module, "urlpatterns", self.urlconf_module)
  File "/home/hightech/virtualenv/project.columbiatransportation.com/air/3.10/lib/python3.10/site-packages/django/utils/functional.py", line 47, in __get__
    res = instance.__dict__[self.name] = self.func(instance)
  File "/home/hightech/virtualenv/project.columbiatransportation.com/air/3.10/lib/python3.10/site-packages/django/urls/resolvers.py", line 711, in urlconf_module
    return import_module(self.urlconf_name)
  File "/opt/alt/python310/lib64/python3.10/importlib/__init__.py", line 126, in import_module
    return _bootstrap._gcd_import(name[level:], package, level)
  File "<frozen importlib._bootstrap>", line 1050, in _gcd_import
  File "<frozen importlib._bootstrap>", line 1027, in _find_and_load
  File "<frozen importlib._bootstrap>", line 1006, in _find_and_load_unlocked
  File "<frozen importlib._bootstrap>", line 688, in _load_unlocked
  File "<frozen importlib._bootstrap_external>", line 883, in exec_module
  File "<frozen importlib._bootstrap>", line 241, in _call_with_frames_removed
  File "/home/hightech/project.columbiatransportation.com/air/air/urls.py", line 24, in <module>
    path('',include('main.urls'))
  File "/home/hightech/virtualenv/project.columbiatransportation.com/air/3.10/lib/python3.10/site-packages/django/urls/conf.py", line 39, in include
    urlconf_module = import_module(urlconf_module)
  File "/opt/alt/python310/lib64/python3.10/importlib/__init__.py", line 126, in import_module
    return _bootstrap._gcd_import(name[level:], package, level)
  File "<frozen importlib._bootstrap>", line 1050, in _gcd_import
  File "<frozen importlib._bootstrap>", line 1027, in _find_and_load
  File "<frozen importlib._bootstrap>", line 1006, in _find_and_load_unlocked
  File "<frozen importlib._bootstrap>", line 688, in _load_unlocked
  File "<frozen importlib._bootstrap_external>", line 883, in exec_module
  File "<frozen importlib._bootstrap>", line 241, in _call_with_frames_removed
  File "/home/hightech/project.columbiatransportation.com/air/main/urls.py", line 20, in <module>
    path('blog/', views.blog, name='blog'),
AttributeError: module 'main.views' has no attribute 'blog'

During handling of the above exception, another exception occurred:

Traceback (most recent call last):
  File "/home/hightech/virtualenv/project.columbiatransportation.com/air/3.10/lib/python3.10/site-packages/django/core/handlers/exception.py", line 55, in inner
    response = get_response(request)
  File "/home/hightech/virtualenv/project.columbiatransportation.com/air/3.10/lib/python3.10/site-packages/django/utils/deprecation.py", line 120, in __call__
    response = response or self.get_response(request)
  File "/home/hightech/virtualenv/project.columbiatransportation.com/air/3.10/lib/python3.10/site-packages/django/core/handlers/exception.py", line 57, in inner
    response = response_for_exception(request, exc)
  File "/home/hightech/virtualenv/project.columbiatransportation.com/air/3.10/lib/python3.10/site-packages/django/core/handlers/exception.py", line 141, in response_for_exception
    response = handle_uncaught_exception(
  File "/home/hightech/virtualenv/project.columbiatransportation.com/air/3.10/lib/python3.10/site-packages/django/core/handlers/exception.py", line 182, in handle_uncaught_exception
    return debug.technical_500_response(request, *exc_info)
  File "/home/hightech/virtualenv/project.columbiatransportation.com/air/3.10/lib/python3.10/site-packages/django/views/debug.py", line 69, in technical_500_response
    html = reporter.get_traceback_html()
  File "/home/hightech/virtualenv/project.columbiatransportation.com/air/3.10/lib/python3.10/site-packages/django/views/debug.py", line 428, in get_traceback_html
    c = Context(self.get_traceback_data(), use_l10n=False)
  File "/home/hightech/virtualenv/project.columbiatransportation.com/air/3.10/lib/python3.10/site-packages/django/views/debug.py", line 411, in get_traceback_data
    c["raising_view_name"] = get_caller(self.request)
  File "/home/hightech/virtualenv/project.columbiatransportation.com/air/3.10/lib/python3.10/site-packages/django/views/debug.py", line 102, in get_caller
    resolver_match = resolve(request.path)
  File "/home/hightech/virtualenv/project.columbiatransportation.com/air/3.10/lib/python3.10/site-packages/django/urls/base.py", line 25, in resolve
    return get_resolver(urlconf).resolve(path)
  File "/home/hightech/virtualenv/project.columbiatransportation.com/air/3.10/lib/python3.10/site-packages/django/urls/resolvers.py", line 666, in resolve
    for pattern in self.url_patterns:
  File "/home/hightech/virtualenv/project.columbiatransportation.com/air/3.10/lib/python3.10/site-packages/django/utils/functional.py", line 47, in __get__
    res = instance.__dict__[self.name] = self.func(instance)
  File "/home/hightech/virtualenv/project.columbiatransportation.com/air/3.10/lib/python3.10/site-packages/django/urls/resolvers.py", line 718, in url_patterns
    patterns = getattr(self.urlconf_module, "urlpatterns", self.urlconf_module)
  File "/home/hightech/virtualenv/project.columbiatransportation.com/air/3.10/lib/python3.10/site-packages/django/utils/functional.py", line 47, in __get__
    res = instance.__dict__[self.name] = self.func(instance)
  File "/home/hightech/virtualenv/project.columbiatransportation.com/air/3.10/lib/python3.10/site-packages/django/urls/resolvers.py", line 711, in urlconf_module
    return import_module(self.urlconf_name)
  File "/opt/alt/python310/lib64/python3.10/importlib/__init__.py", line 126, in import_module
    return _bootstrap._gcd_import(name[level:], package, level)
  File "<frozen importlib._bootstrap>", line 1050, in _gcd_import
  File "<frozen importlib._bootstrap>", line 1027, in _find_and_load
  File "<frozen importlib._bootstrap>", line 1006, in _find_and_load_unlocked
  File "<frozen importlib._bootstrap>", line 688, in _load_unlocked
  File "<frozen importlib._bootstrap_external>", line 883, in exec_module
  File "<frozen importlib._bootstrap>", line 241, in _call_with_frames_removed
  File "/home/hightech/project.columbiatransportation.com/air/air/urls.py", line 24, in <module>
    path('',include('main.urls'))
  File "/home/hightech/virtualenv/project.columbiatransportation.com/air/3.10/lib/python3.10/site-packages/django/urls/conf.py", line 39, in include
    urlconf_module = import_module(urlconf_module)
  File "/opt/alt/python310/lib64/python3.10/importlib/__init__.py", line 126, in import_module
    return _bootstrap._gcd_import(name[level:], package, level)
  File "<frozen importlib._bootstrap>", line 1050, in _gcd_import
  File "<frozen importlib._bootstrap>", line 1027, in _find_and_load
  File "<frozen importlib._bootstrap>", line 1006, in _find_and_load_unlocked
  File "<frozen importlib._bootstrap>", line 688, in _load_unlocked
  File "<frozen importlib._bootstrap_external>", line 883, in exec_module
  File "<frozen importlib._bootstrap>", line 241, in _call_with_frames_removed
  File "/home/hightech/project.columbiatransportation.com/air/main/urls.py", line 20, in <module>
    path('blog/', views.blog, name='blog'),
AttributeError: module 'main.views' has no attribute 'blog'

During handling of the above exception, another exception occurred:

Traceback (most recent call last):
  File "/home/hightech/virtualenv/project.columbiatransportation.com/air/3.10/lib/python3.10/site-packages/django/core/handlers/exception.py", line 55, in inner
    response = get_response(request)
  File "/home/hightech/virtualenv/project.columbiatransportation.com/air/3.10/lib/python3.10/site-packages/django/utils/deprecation.py", line 120, in __call__
    response = response or self.get_response(request)
  File "/home/hightech/virtualenv/project.columbiatransportation.com/air/3.10/lib/python3.10/site-packages/django/core/handlers/exception.py", line 57, in inner
    response = response_for_exception(request, exc)
  File "/home/hightech/virtualenv/project.columbiatransportation.com/air/3.10/lib/python3.10/site-packages/django/core/handlers/exception.py", line 141, in response_for_exception
    response = handle_uncaught_exception(
  File "/home/hightech/virtualenv/project.columbiatransportation.com/air/3.10/lib/python3.10/site-packages/django/core/handlers/exception.py", line 182, in handle_uncaught_exception
    return debug.technical_500_response(request, *exc_info)
  File "/home/hightech/virtualenv/project.columbiatransportation.com/air/3.10/lib/python3.10/site-packages/django/views/debug.py", line 69, in technical_500_response
    html = reporter.get_traceback_html()
  File "/home/hightech/virtualenv/project.columbiatransportation.com/air/3.10/lib/python3.10/site-packages/django/views/debug.py", line 428, in get_traceback_html
    c = Context(self.get_traceback_data(), use_l10n=False)
  File "/home/hightech/virtualenv/project.columbiatransportation.com/air/3.10/lib/python3.10/site-packages/django/views/debug.py", line 411, in get_traceback_data
    c["raising_view_name"] = get_caller(self.request)
  File "/home/hightech/virtualenv/project.columbiatransportation.com/air/3.10/lib/python3.10/site-packages/django/views/debug.py", line 102, in get_caller
    resolver_match = resolve(request.path)
  File "/home/hightech/virtualenv/project.columbiatransportation.com/air/3.10/lib/python3.10/site-packages/django/urls/base.py", line 25, in resolve
    return get_resolver(urlconf).resolve(path)
  File "/home/hightech/virtualenv/project.columbiatransportation.com/air/3.10/lib/python3.10/site-packages/django/urls/resolvers.py", line 666, in resolve
    for pattern in self.url_patterns:
  File "/home/hightech/virtualenv/project.columbiatransportation.com/air/3.10/lib/python3.10/site-packages/django/utils/functional.py", line 47, in __get__
    res = instance.__dict__[self.name] = self.func(instance)
  File "/home/hightech/virtualenv/project.columbiatransportation.com/air/3.10/lib/python3.10/site-packages/django/urls/resolvers.py", line 718, in url_patterns
    patterns = getattr(self.urlconf_module, "urlpatterns", self.urlconf_module)
  File "/home/hightech/virtualenv/project.columbiatransportation.com/air/3.10/lib/python3.10/site-packages/django/utils/functional.py", line 47, in __get__
    res = instance.__dict__[self.name] = self.func(instance)
  File "/home/hightech/virtualenv/project.columbiatransportation.com/air/3.10/lib/python3.10/site-packages/django/urls/resolvers.py", line 711, in urlconf_module
    return import_module(self.urlconf_name)
  File "/opt/alt/python310/lib64/python3.10/importlib/__init__.py", line 126, in import_module
    return _bootstrap._gcd_import(name[level:], package, level)
  File "<frozen importlib._bootstrap>", line 1050, in _gcd_import
  File "<frozen importlib._bootstrap>", line 1027, in _find_and_load
  File "<frozen importlib._bootstrap>", line 1006, in _find_and_load_unlocked
  File "<frozen importlib._bootstrap>", line 688, in _load_unlocked
  File "<frozen importlib._bootstrap_external>", line 883, in exec_module
  File "<frozen importlib._bootstrap>", line 241, in _call_with_frames_removed
  File "/home/hightech/project.columbiatransportation.com/air/air/urls.py", line 24, in <module>
    path('',include('main.urls'))
  File "/home/hightech/virtualenv/project.columbiatransportation.com/air/3.10/lib/python3.10/site-packages/django/urls/conf.py", line 39, in include
    urlconf_module = import_module(urlconf_module)
  File "/opt/alt/python310/lib64/python3.10/importlib/__init__.py", line 126, in import_module
    return _bootstrap._gcd_import(name[level:], package, level)
  File "<frozen importlib._bootstrap>", line 1050, in _gcd_import
  File "<frozen importlib._bootstrap>", line 1027, in _find_and_load
  File "<frozen importlib._bootstrap>", line 1006, in _find_and_load_unlocked
  File "<frozen importlib._bootstrap>", line 688, in _load_unlocked
  File "<frozen importlib._bootstrap_external>", line 883, in exec_module
  File "<frozen importlib._bootstrap>", line 241, in _call_with_frames_removed
  File "/home/hightech/project.columbiatransportation.com/air/main/urls.py", line 20, in <module>
    path('blog/', views.blog, name='blog'),
AttributeError: module 'main.views' has no attribute 'blog'

During handling of the above exception, another exception occurred:

Traceback (most recent call last):
  File "/home/hightech/virtualenv/project.columbiatransportation.com/air/3.10/lib/python3.10/site-packages/django/core/handlers/exception.py", line 55, in inner
    response = get_response(request)
  File "/home/hightech/virtualenv/project.columbiatransportation.com/air/3.10/lib/python3.10/site-packages/django/utils/deprecation.py", line 120, in __call__
    response = response or self.get_response(request)
  File "/home/hightech/virtualenv/project.columbiatransportation.com/air/3.10/lib/python3.10/site-packages/django/core/handlers/exception.py", line 57, in inner
    response = response_for_exception(request, exc)
  File "/home/hightech/virtualenv/project.columbiatransportation.com/air/3.10/lib/python3.10/site-packages/django/core/handlers/exception.py", line 141, in response_for_exception
    response = handle_uncaught_exception(
  File "/home/hightech/virtualenv/project.columbiatransportation.com/air/3.10/lib/python3.10/site-packages/django/core/handlers/exception.py", line 182, in handle_uncaught_exception
    return debug.technical_500_response(request, *exc_info)
  File "/home/hightech/virtualenv/project.columbiatransportation.com/air/3.10/lib/python3.10/site-packages/django/views/debug.py", line 69, in technical_500_response
    html = reporter.get_traceback_html()
  File "/home/hightech/virtualenv/project.columbiatransportation.com/air/3.10/lib/python3.10/site-packages/django/views/debug.py", line 428, in get_traceback_html
    c = Context(self.get_traceback_data(), use_l10n=False)
  File "/home/hightech/virtualenv/project.columbiatransportation.com/air/3.10/lib/python3.10/site-packages/django/views/debug.py", line 411, in get_traceback_data
    c["raising_view_name"] = get_caller(self.request)
  File "/home/hightech/virtualenv/project.columbiatransportation.com/air/3.10/lib/python3.10/site-packages/django/views/debug.py", line 102, in get_caller
    resolver_match = resolve(request.path)
  File "/home/hightech/virtualenv/project.columbiatransportation.com/air/3.10/lib/python3.10/site-packages/django/urls/base.py", line 25, in resolve
    return get_resolver(urlconf).resolve(path)
  File "/home/hightech/virtualenv/project.columbiatransportation.com/air/3.10/lib/python3.10/site-packages/django/urls/resolvers.py", line 666, in resolve
    for pattern in self.url_patterns:
  File "/home/hightech/virtualenv/project.columbiatransportation.com/air/3.10/lib/python3.10/site-packages/django/utils/functional.py", line 47, in __get__
    res = instance.__dict__[self.name] = self.func(instance)
  File "/home/hightech/virtualenv/project.columbiatransportation.com/air/3.10/lib/python3.10/site-packages/django/urls/resolvers.py", line 718, in url_patterns
    patterns = getattr(self.urlconf_module, "urlpatterns", self.urlconf_module)
  File "/home/hightech/virtualenv/project.columbiatransportation.com/air/3.10/lib/python3.10/site-packages/django/utils/functional.py", line 47, in __get__
    res = instance.__dict__[self.name] = self.func(instance)
  File "/home/hightech/virtualenv/project.columbiatransportation.com/air/3.10/lib/python3.10/site-packages/django/urls/resolvers.py", line 711, in urlconf_module
    return import_module(self.urlconf_name)
  File "/opt/alt/python310/lib64/python3.10/importlib/__init__.py", line 126, in import_module
    return _bootstrap._gcd_import(name[level:], package, level)
  File "<frozen importlib._bootstrap>", line 1050, in _gcd_import
  File "<frozen importlib._bootstrap>", line 1027, in _find_and_load
  File "<frozen importlib._bootstrap>", line 1006, in _find_and_load_unlocked
  File "<frozen importlib._bootstrap>", line 688, in _load_unlocked
  File "<frozen importlib._bootstrap_external>", line 883, in exec_module
  File "<frozen importlib._bootstrap>", line 241, in _call_with_frames_removed
  File "/home/hightech/project.columbiatransportation.com/air/air/urls.py", line 24, in <module>
    path('',include('main.urls'))
  File "/home/hightech/virtualenv/project.columbiatransportation.com/air/3.10/lib/python3.10/site-packages/django/urls/conf.py", line 39, in include
    urlconf_module = import_module(urlconf_module)
  File "/opt/alt/python310/lib64/python3.10/importlib/__init__.py", line 126, in import_module
    return _bootstrap._gcd_import(name[level:], package, level)
  File "<frozen importlib._bootstrap>", line 1050, in _gcd_import
  File "<frozen importlib._bootstrap>", line 1027, in _find_and_load
  File "<frozen importlib._bootstrap>", line 1006, in _find_and_load_unlocked
  File "<frozen importlib._bootstrap>", line 688, in _load_unlocked
  File "<frozen importlib._bootstrap_external>", line 883, in exec_module
  File "<frozen importlib._bootstrap>", line 241, in _call_with_frames_removed
  File "/home/hightech/project.columbiatransportation.com/air/main/urls.py", line 20, in <module>
    path('blog/', views.blog, name='blog'),
AttributeError: module 'main.views' has no attribute 'blog'

During handling of the above exception, another exception occurred:

Traceback (most recent call last):
  File "/home/hightech/virtualenv/project.columbiatransportation.com/air/3.10/lib/python3.10/site-packages/django/core/handlers/exception.py", line 55, in inner
    response = get_response(request)
  File "/home/hightech/virtualenv/project.columbiatransportation.com/air/3.10/lib/python3.10/site-packages/django/utils/deprecation.py", line 120, in __call__
    response = response or self.get_response(request)
  File "/home/hightech/virtualenv/project.columbiatransportation.com/air/3.10/lib/python3.10/site-packages/django/core/handlers/exception.py", line 57, in inner
    response = response_for_exception(request, exc)
  File "/home/hightech/virtualenv/project.columbiatransportation.com/air/3.10/lib/python3.10/site-packages/django/core/handlers/exception.py", line 141, in response_for_exception
    response = handle_uncaught_exception(
  File "/home/hightech/virtualenv/project.columbiatransportation.com/air/3.10/lib/python3.10/site-packages/django/core/handlers/exception.py", line 182, in handle_uncaught_exception
    return debug.technical_500_response(request, *exc_info)
  File "/home/hightech/virtualenv/project.columbiatransportation.com/air/3.10/lib/python3.10/site-packages/django/views/debug.py", line 69, in technical_500_response
    html = reporter.get_traceback_html()
  File "/home/hightech/virtualenv/project.columbiatransportation.com/air/3.10/lib/python3.10/site-packages/django/views/debug.py", line 428, in get_traceback_html
    c = Context(self.get_traceback_data(), use_l10n=False)
  File "/home/hightech/virtualenv/project.columbiatransportation.com/air/3.10/lib/python3.10/site-packages/django/views/debug.py", line 411, in get_traceback_data
    c["raising_view_name"] = get_caller(self.request)
  File "/home/hightech/virtualenv/project.columbiatransportation.com/air/3.10/lib/python3.10/site-packages/django/views/debug.py", line 102, in get_caller
    resolver_match = resolve(request.path)
  File "/home/hightech/virtualenv/project.columbiatransportation.com/air/3.10/lib/python3.10/site-packages/django/urls/base.py", line 25, in resolve
    return get_resolver(urlconf).resolve(path)
  File "/home/hightech/virtualenv/project.columbiatransportation.com/air/3.10/lib/python3.10/site-packages/django/urls/resolvers.py", line 666, in resolve
    for pattern in self.url_patterns:
  File "/home/hightech/virtualenv/project.columbiatransportation.com/air/3.10/lib/python3.10/site-packages/django/utils/functional.py", line 47, in __get__
    res = instance.__dict__[self.name] = self.func(instance)
  File "/home/hightech/virtualenv/project.columbiatransportation.com/air/3.10/lib/python3.10/site-packages/django/urls/resolvers.py", line 718, in url_patterns
    patterns = getattr(self.urlconf_module, "urlpatterns", self.urlconf_module)
  File "/home/hightech/virtualenv/project.columbiatransportation.com/air/3.10/lib/python3.10/site-packages/django/utils/functional.py", line 47, in __get__
    res = instance.__dict__[self.name] = self.func(instance)
  File "/home/hightech/virtualenv/project.columbiatransportation.com/air/3.10/lib/python3.10/site-packages/django/urls/resolvers.py", line 711, in urlconf_module
    return import_module(self.urlconf_name)
  File "/opt/alt/python310/lib64/python3.10/importlib/__init__.py", line 126, in import_module
    return _bootstrap._gcd_import(name[level:], package, level)
  File "<frozen importlib._bootstrap>", line 1050, in _gcd_import
  File "<frozen importlib._bootstrap>", line 1027, in _find_and_load
  File "<frozen importlib._bootstrap>", line 1006, in _find_and_load_unlocked
  File "<frozen importlib._bootstrap>", line 688, in _load_unlocked
  File "<frozen importlib._bootstrap_external>", line 883, in exec_module
  File "<frozen importlib._bootstrap>", line 241, in _call_with_frames_removed
  File "/home/hightech/project.columbiatransportation.com/air/air/urls.py", line 24, in <module>
    path('',include('main.urls'))
  File "/home/hightech/virtualenv/project.columbiatransportation.com/air/3.10/lib/python3.10/site-packages/django/urls/conf.py", line 39, in include
    urlconf_module = import_module(urlconf_module)
  File "/opt/alt/python310/lib64/python3.10/importlib/__init__.py", line 126, in import_module
    return _bootstrap._gcd_import(name[level:], package, level)
  File "<frozen importlib._bootstrap>", line 1050, in _gcd_import
  File "<frozen importlib._bootstrap>", line 1027, in _find_and_load
  File "<frozen importlib._bootstrap>", line 1006, in _find_and_load_unlocked
  File "<frozen importlib._bootstrap>", line 688, in _load_unlocked
  File "<frozen importlib._bootstrap_external>", line 883, in exec_module
  File "<frozen importlib._bootstrap>", line 241, in _call_with_frames_removed
  File "/home/hightech/project.columbiatransportation.com/air/main/urls.py", line 20, in <module>
    path('blog/', views.blog, name='blog'),
AttributeError: module 'main.views' has no attribute 'blog'

During handling of the above exception, another exception occurred:

Traceback (most recent call last):
  File "/home/hightech/virtualenv/project.columbiatransportation.com/air/3.10/lib/python3.10/site-packages/django/core/handlers/exception.py", line 55, in inner
    response = get_response(request)
  File "/home/hightech/virtualenv/project.columbiatransportation.com/air/3.10/lib/python3.10/site-packages/django/utils/deprecation.py", line 120, in __call__
    response = response or self.get_response(request)
  File "/home/hightech/virtualenv/project.columbiatransportation.com/air/3.10/lib/python3.10/site-packages/django/core/handlers/exception.py", line 57, in inner
    response = response_for_exception(request, exc)
  File "/home/hightech/virtualenv/project.columbiatransportation.com/air/3.10/lib/python3.10/site-packages/django/core/handlers/exception.py", line 141, in response_for_exception
    response = handle_uncaught_exception(
  File "/home/hightech/virtualenv/project.columbiatransportation.com/air/3.10/lib/python3.10/site-packages/django/core/handlers/exception.py", line 182, in handle_uncaught_exception
    return debug.technical_500_response(request, *exc_info)
  File "/home/hightech/virtualenv/project.columbiatransportation.com/air/3.10/lib/python3.10/site-packages/django/views/debug.py", line 69, in technical_500_response
    html = reporter.get_traceback_html()
  File "/home/hightech/virtualenv/project.columbiatransportation.com/air/3.10/lib/python3.10/site-packages/django/views/debug.py", line 428, in get_traceback_html
    c = Context(self.get_traceback_data(), use_l10n=False)
  File "/home/hightech/virtualenv/project.columbiatransportation.com/air/3.10/lib/python3.10/site-packages/django/views/debug.py", line 411, in get_traceback_data
    c["raising_view_name"] = get_caller(self.request)
  File "/home/hightech/virtualenv/project.columbiatransportation.com/air/3.10/lib/python3.10/site-packages/django/views/debug.py", line 102, in get_caller
    resolver_match = resolve(request.path)
  File "/home/hightech/virtualenv/project.columbiatransportation.com/air/3.10/lib/python3.10/site-packages/django/urls/base.py", line 25, in resolve
    return get_resolver(urlconf).resolve(path)
  File "/home/hightech/virtualenv/project.columbiatransportation.com/air/3.10/lib/python3.10/site-packages/django/urls/resolvers.py", line 666, in resolve
    for pattern in self.url_patterns:
  File "/home/hightech/virtualenv/project.columbiatransportation.com/air/3.10/lib/python3.10/site-packages/django/utils/functional.py", line 47, in __get__
    res = instance.__dict__[self.name] = self.func(instance)
  File "/home/hightech/virtualenv/project.columbiatransportation.com/air/3.10/lib/python3.10/site-packages/django/urls/resolvers.py", line 718, in url_patterns
    patterns = getattr(self.urlconf_module, "urlpatterns", self.urlconf_module)
  File "/home/hightech/virtualenv/project.columbiatransportation.com/air/3.10/lib/python3.10/site-packages/django/utils/functional.py", line 47, in __get__
    res = instance.__dict__[self.name] = self.func(instance)
  File "/home/hightech/virtualenv/project.columbiatransportation.com/air/3.10/lib/python3.10/site-packages/django/urls/resolvers.py", line 711, in urlconf_module
    return import_module(self.urlconf_name)
  File "/opt/alt/python310/lib64/python3.10/importlib/__init__.py", line 126, in import_module
    return _bootstrap._gcd_import(name[level:], package, level)
  File "<frozen importlib._bootstrap>", line 1050, in _gcd_import
  File "<frozen importlib._bootstrap>", line 1027, in _find_and_load
  File "<frozen importlib._bootstrap>", line 1006, in _find_and_load_unlocked
  File "<frozen importlib._bootstrap>", line 688, in _load_unlocked
  File "<frozen importlib._bootstrap_external>", line 883, in exec_module
  File "<frozen importlib._bootstrap>", line 241, in _call_with_frames_removed
  File "/home/hightech/project.columbiatransportation.com/air/air/urls.py", line 24, in <module>
    path('',include('main.urls'))
  File "/home/hightech/virtualenv/project.columbiatransportation.com/air/3.10/lib/python3.10/site-packages/django/urls/conf.py", line 39, in include
    urlconf_module = import_module(urlconf_module)
  File "/opt/alt/python310/lib64/python3.10/importlib/__init__.py", line 126, in import_module
    return _bootstrap._gcd_import(name[level:], package, level)
  File "<frozen importlib._bootstrap>", line 1050, in _gcd_import
  File "<frozen importlib._bootstrap>", line 1027, in _find_and_load
  File "<frozen importlib._bootstrap>", line 1006, in _find_and_load_unlocked
  File "<frozen importlib._bootstrap>", line 688, in _load_unlocked
  File "<frozen importlib._bootstrap_external>", line 883, in exec_module
  File "<frozen importlib._bootstrap>", line 241, in _call_with_frames_removed
  File "/home/hightech/project.columbiatransportation.com/air/main/urls.py", line 20, in <module>
    path('blog/', views.blog, name='blog'),
AttributeError: module 'main.views' has no attribute 'blog'

During handling of the above exception, another exception occurred:

Traceback (most recent call last):
  File "/home/hightech/virtualenv/project.columbiatransportation.com/air/3.10/lib/python3.10/site-packages/django/core/handlers/exception.py", line 55, in inner
    response = get_response(request)
  File "/home/hightech/virtualenv/project.columbiatransportation.com/air/3.10/lib/python3.10/site-packages/django/utils/deprecation.py", line 120, in __call__
    response = response or self.get_response(request)
  File "/home/hightech/virtualenv/project.columbiatransportation.com/air/3.10/lib/python3.10/site-packages/django/core/handlers/exception.py", line 57, in inner
    response = response_for_exception(request, exc)
  File "/home/hightech/virtualenv/project.columbiatransportation.com/air/3.10/lib/python3.10/site-packages/django/core/handlers/exception.py", line 141, in response_for_exception
    response = handle_uncaught_exception(
  File "/home/hightech/virtualenv/project.columbiatransportation.com/air/3.10/lib/python3.10/site-packages/django/core/handlers/exception.py", line 182, in handle_uncaught_exception
    return debug.technical_500_response(request, *exc_info)
  File "/home/hightech/virtualenv/project.columbiatransportation.com/air/3.10/lib/python3.10/site-packages/django/views/debug.py", line 69, in technical_500_response
    html = reporter.get_traceback_html()
  File "/home/hightech/virtualenv/project.columbiatransportation.com/air/3.10/lib/python3.10/site-packages/django/views/debug.py", line 428, in get_traceback_html
    c = Context(self.get_traceback_data(), use_l10n=False)
  File "/home/hightech/virtualenv/project.columbiatransportation.com/air/3.10/lib/python3.10/site-packages/django/views/debug.py", line 411, in get_traceback_data
    c["raising_view_name"] = get_caller(self.request)
  File "/home/hightech/virtualenv/project.columbiatransportation.com/air/3.10/lib/python3.10/site-packages/django/views/debug.py", line 102, in get_caller
    resolver_match = resolve(request.path)
  File "/home/hightech/virtualenv/project.columbiatransportation.com/air/3.10/lib/python3.10/site-packages/django/urls/base.py", line 25, in resolve
    return get_resolver(urlconf).resolve(path)
  File "/home/hightech/virtualenv/project.columbiatransportation.com/air/3.10/lib/python3.10/site-packages/django/urls/resolvers.py", line 666, in resolve
    for pattern in self.url_patterns:
  File "/home/hightech/virtualenv/project.columbiatransportation.com/air/3.10/lib/python3.10/site-packages/django/utils/functional.py", line 47, in __get__
    res = instance.__dict__[self.name] = self.func(instance)
  File "/home/hightech/virtualenv/project.columbiatransportation.com/air/3.10/lib/python3.10/site-packages/django/urls/resolvers.py", line 718, in url_patterns
    patterns = getattr(self.urlconf_module, "urlpatterns", self.urlconf_module)
  File "/home/hightech/virtualenv/project.columbiatransportation.com/air/3.10/lib/python3.10/site-packages/django/utils/functional.py", line 47, in __get__
    res = instance.__dict__[self.name] = self.func(instance)
  File "/home/hightech/virtualenv/project.columbiatransportation.com/air/3.10/lib/python3.10/site-packages/django/urls/resolvers.py", line 711, in urlconf_module
    return import_module(self.urlconf_name)
  File "/opt/alt/python310/lib64/python3.10/importlib/__init__.py", line 126, in import_module
    return _bootstrap._gcd_import(name[level:], package, level)
  File "<frozen importlib._bootstrap>", line 1050, in _gcd_import
  File "<frozen importlib._bootstrap>", line 1027, in _find_and_load
  File "<frozen importlib._bootstrap>", line 1006, in _find_and_load_unlocked
  File "<frozen importlib._bootstrap>", line 688, in _load_unlocked
  File "<frozen importlib._bootstrap_external>", line 883, in exec_module
  File "<frozen importlib._bootstrap>", line 241, in _call_with_frames_removed
  File "/home/hightech/project.columbiatransportation.com/air/air/urls.py", line 24, in <module>
    path('',include('main.urls'))
  File "/home/hightech/virtualenv/project.columbiatransportation.com/air/3.10/lib/python3.10/site-packages/django/urls/conf.py", line 39, in include
    urlconf_module = import_module(urlconf_module)
  File "/opt/alt/python310/lib64/python3.10/importlib/__init__.py", line 126, in import_module
    return _bootstrap._gcd_import(name[level:], package, level)
  File "<frozen importlib._bootstrap>", line 1050, in _gcd_import
  File "<frozen importlib._bootstrap>", line 1027, in _find_and_load
  File "<frozen importlib._bootstrap>", line 1006, in _find_and_load_unlocked
  File "<frozen importlib._bootstrap>", line 688, in _load_unlocked
  File "<frozen importlib._bootstrap_external>", line 883, in exec_module
  File "<frozen importlib._bootstrap>", line 241, in _call_with_frames_removed
  File "/home/hightech/project.columbiatransportation.com/air/main/urls.py", line 20, in <module>
    path('blog/', views.blog, name='blog'),
AttributeError: module 'main.views' has no attribute 'blog'

During handling of the above exception, another exception occurred:

Traceback (most recent call last):
  File "/home/hightech/virtualenv/project.columbiatransportation.com/air/3.10/lib/python3.10/site-packages/django/core/handlers/exception.py", line 55, in inner
    response = get_response(request)
  File "/home/hightech/virtualenv/project.columbiatransportation.com/air/3.10/lib/python3.10/site-packages/django/utils/deprecation.py", line 120, in __call__
    response = response or self.get_response(request)
  File "/home/hightech/virtualenv/project.columbiatransportation.com/air/3.10/lib/python3.10/site-packages/django/core/handlers/exception.py", line 57, in inner
    response = response_for_exception(request, exc)
  File "/home/hightech/virtualenv/project.columbiatransportation.com/air/3.10/lib/python3.10/site-packages/django/core/handlers/exception.py", line 141, in response_for_exception
    response = handle_uncaught_exception(
  File "/home/hightech/virtualenv/project.columbiatransportation.com/air/3.10/lib/python3.10/site-packages/django/core/handlers/exception.py", line 182, in handle_uncaught_exception
    return debug.technical_500_response(request, *exc_info)
  File "/home/hightech/virtualenv/project.columbiatransportation.com/air/3.10/lib/python3.10/site-packages/django/views/debug.py", line 69, in technical_500_response
    html = reporter.get_traceback_html()
  File "/home/hightech/virtualenv/project.columbiatransportation.com/air/3.10/lib/python3.10/site-packages/django/views/debug.py", line 428, in get_traceback_html
    c = Context(self.get_traceback_data(), use_l10n=False)
  File "/home/hightech/virtualenv/project.columbiatransportation.com/air/3.10/lib/python3.10/site-packages/django/views/debug.py", line 411, in get_traceback_data
    c["raising_view_name"] = get_caller(self.request)
  File "/home/hightech/virtualenv/project.columbiatransportation.com/air/3.10/lib/python3.10/site-packages/django/views/debug.py", line 102, in get_caller
    resolver_match = resolve(request.path)
  File "/home/hightech/virtualenv/project.columbiatransportation.com/air/3.10/lib/python3.10/site-packages/django/urls/base.py", line 25, in resolve
    return get_resolver(urlconf).resolve(path)
  File "/home/hightech/virtualenv/project.columbiatransportation.com/air/3.10/lib/python3.10/site-packages/django/urls/resolvers.py", line 666, in resolve
    for pattern in self.url_patterns:
  File "/home/hightech/virtualenv/project.columbiatransportation.com/air/3.10/lib/python3.10/site-packages/django/utils/functional.py", line 47, in __get__
    res = instance.__dict__[self.name] = self.func(instance)
  File "/home/hightech/virtualenv/project.columbiatransportation.com/air/3.10/lib/python3.10/site-packages/django/urls/resolvers.py", line 718, in url_patterns
    patterns = getattr(self.urlconf_module, "urlpatterns", self.urlconf_module)
  File "/home/hightech/virtualenv/project.columbiatransportation.com/air/3.10/lib/python3.10/site-packages/django/utils/functional.py", line 47, in __get__
    res = instance.__dict__[self.name] = self.func(instance)
  File "/home/hightech/virtualenv/project.columbiatransportation.com/air/3.10/lib/python3.10/site-packages/django/urls/resolvers.py", line 711, in urlconf_module
    return import_module(self.urlconf_name)
  File "/opt/alt/python310/lib64/python3.10/importlib/__init__.py", line 126, in import_module
    return _bootstrap._gcd_import(name[level:], package, level)
  File "<frozen importlib._bootstrap>", line 1050, in _gcd_import
  File "<frozen importlib._bootstrap>", line 1027, in _find_and_load
  File "<frozen importlib._bootstrap>", line 1006, in _find_and_load_unlocked
  File "<frozen importlib._bootstrap>", line 688, in _load_unlocked
  File "<frozen importlib._bootstrap_external>", line 883, in exec_module
  File "<frozen importlib._bootstrap>", line 241, in _call_with_frames_removed
  File "/home/hightech/project.columbiatransportation.com/air/air/urls.py", line 24, in <module>
    path('',include('main.urls'))
  File "/home/hightech/virtualenv/project.columbiatransportation.com/air/3.10/lib/python3.10/site-packages/django/urls/conf.py", line 39, in include
    urlconf_module = import_module(urlconf_module)
  File "/opt/alt/python310/lib64/python3.10/importlib/__init__.py", line 126, in import_module
    return _bootstrap._gcd_import(name[level:], package, level)
  File "<frozen importlib._bootstrap>", line 1050, in _gcd_import
  File "<frozen importlib._bootstrap>", line 1027, in _find_and_load
  File "<frozen importlib._bootstrap>", line 1006, in _find_and_load_unlocked
  File "<frozen importlib._bootstrap>", line 688, in _load_unlocked
  File "<frozen importlib._bootstrap_external>", line 883, in exec_module
  File "<frozen importlib._bootstrap>", line 241, in _call_with_frames_removed
  File "/home/hightech/project.columbiatransportation.com/air/main/urls.py", line 20, in <module>
    path('blog/', views.blog, name='blog'),
AttributeError: module 'main.views' has no attribute 'blog'

During handling of the above exception, another exception occurred:

Traceback (most recent call last):
  File "/home/hightech/virtualenv/project.columbiatransportation.com/air/3.10/lib/python3.10/site-packages/django/core/handlers/wsgi.py", line 124, in __call__
    response = self.get_response(request)
  File "/home/hightech/virtualenv/project.columbiatransportation.com/air/3.10/lib/python3.10/site-packages/django/core/handlers/base.py", line 140, in get_response
    response = self._middleware_chain(request)
  File "/home/hightech/virtualenv/project.columbiatransportation.com/air/3.10/lib/python3.10/site-packages/django/core/handlers/exception.py", line 57, in inner
    response = response_for_exception(request, exc)
  File "/home/hightech/virtualenv/project.columbiatransportation.com/air/3.10/lib/python3.10/site-packages/django/core/handlers/exception.py", line 141, in response_for_exception
    response = handle_uncaught_exception(
  File "/home/hightech/virtualenv/project.columbiatransportation.com/air/3.10/lib/python3.10/site-packages/django/core/handlers/exception.py", line 182, in handle_uncaught_exception
    return debug.technical_500_response(request, *exc_info)
  File "/home/hightech/virtualenv/project.columbiatransportation.com/air/3.10/lib/python3.10/site-packages/django/views/debug.py", line 69, in technical_500_response
    html = reporter.get_traceback_html()
  File "/home/hightech/virtualenv/project.columbiatransportation.com/air/3.10/lib/python3.10/site-packages/django/views/debug.py", line 428, in get_traceback_html
    c = Context(self.get_traceback_data(), use_l10n=False)
  File "/home/hightech/virtualenv/project.columbiatransportation.com/air/3.10/lib/python3.10/site-packages/django/views/debug.py", line 411, in get_traceback_data
    c["raising_view_name"] = get_caller(self.request)
  File "/home/hightech/virtualenv/project.columbiatransportation.com/air/3.10/lib/python3.10/site-packages/django/views/debug.py", line 102, in get_caller
    resolver_match = resolve(request.path)
  File "/home/hightech/virtualenv/project.columbiatransportation.com/air/3.10/lib/python3.10/site-packages/django/urls/base.py", line 25, in resolve
    return get_resolver(urlconf).resolve(path)
  File "/home/hightech/virtualenv/project.columbiatransportation.com/air/3.10/lib/python3.10/site-packages/django/urls/resolvers.py", line 666, in resolve
    for pattern in self.url_patterns:
  File "/home/hightech/virtualenv/project.columbiatransportation.com/air/3.10/lib/python3.10/site-packages/django/utils/functional.py", line 47, in __get__
    res = instance.__dict__[self.name] = self.func(instance)
  File "/home/hightech/virtualenv/project.columbiatransportation.com/air/3.10/lib/python3.10/site-packages/django/urls/resolvers.py", line 718, in url_patterns
    patterns = getattr(self.urlconf_module, "urlpatterns", self.urlconf_module)
  File "/home/hightech/virtualenv/project.columbiatransportation.com/air/3.10/lib/python3.10/site-packages/django/utils/functional.py", line 47, in __get__
    res = instance.__dict__[self.name] = self.func(instance)
  File "/home/hightech/virtualenv/project.columbiatransportation.com/air/3.10/lib/python3.10/site-packages/django/urls/resolvers.py", line 711, in urlconf_module
    return import_module(self.urlconf_name)
  File "/opt/alt/python310/lib64/python3.10/importlib/__init__.py", line 126, in import_module
    return _bootstrap._gcd_import(name[level:], package, level)
  File "<frozen importlib._bootstrap>", line 1050, in _gcd_import
  File "<frozen importlib._bootstrap>", line 1027, in _find_and_load
  File "<frozen importlib._bootstrap>", line 1006, in _find_and_load_unlocked
  File "<frozen importlib._bootstrap>", line 688, in _load_unlocked
  File "<frozen importlib._bootstrap_external>", line 883, in exec_module
  File "<frozen importlib._bootstrap>", line 241, in _call_with_frames_removed
  File "/home/hightech/project.columbiatransportation.com/air/air/urls.py", line 24, in <module>
    path('',include('main.urls'))
  File "/home/hightech/virtualenv/project.columbiatransportation.com/air/3.10/lib/python3.10/site-packages/django/urls/conf.py", line 39, in include
    urlconf_module = import_module(urlconf_module)
  File "/opt/alt/python310/lib64/python3.10/importlib/__init__.py", line 126, in import_module
    return _bootstrap._gcd_import(name[level:], package, level)
  File "<frozen importlib._bootstrap>", line 1050, in _gcd_import
  File "<frozen importlib._bootstrap>", line 1027, in _find_and_load
  File "<frozen importlib._bootstrap>", line 1006, in _find_and_load_unlocked
  File "<frozen importlib._bootstrap>", line 688, in _load_unlocked
  File "<frozen importlib._bootstrap_external>", line 883, in exec_module
  File "<frozen importlib._bootstrap>", line 241, in _call_with_frames_removed
  File "/home/hightech/project.columbiatransportation.com/air/main/urls.py", line 20, in <module>
    path('blog/', views.blog, name='blog'),
AttributeError: module 'main.views' has no attribute 'blog'
[ERROR] [UID:1788][4044820] wsgiAppHandler pApp->start_response() return NULL.
Traceback (most recent call last):
  File "/home/hightech/virtualenv/project.columbiatransportation.com/air/3.10/lib/python3.10/site-packages/django/core/handlers/exception.py", line 55, in inner
    response = get_response(request)
  File "/home/hightech/virtualenv/project.columbiatransportation.com/air/3.10/lib/python3.10/site-packages/django/core/handlers/base.py", line 181, in _get_response
    callback, callback_args, callback_kwargs = self.resolve_request(request)
  File "/home/hightech/virtualenv/project.columbiatransportation.com/air/3.10/lib/python3.10/site-packages/django/core/handlers/base.py", line 313, in resolve_request
    resolver_match = resolver.resolve(request.path_info)
  File "/home/hightech/virtualenv/project.columbiatransportation.com/air/3.10/lib/python3.10/site-packages/django/urls/resolvers.py", line 666, in resolve
    for pattern in self.url_patterns:
  File "/home/hightech/virtualenv/project.columbiatransportation.com/air/3.10/lib/python3.10/site-packages/django/utils/functional.py", line 47, in __get__
    res = instance.__dict__[self.name] = self.func(instance)
  File "/home/hightech/virtualenv/project.columbiatransportation.com/air/3.10/lib/python3.10/site-packages/django/urls/resolvers.py", line 718, in url_patterns
    patterns = getattr(self.urlconf_module, "urlpatterns", self.urlconf_module)
  File "/home/hightech/virtualenv/project.columbiatransportation.com/air/3.10/lib/python3.10/site-packages/django/utils/functional.py", line 47, in __get__
    res = instance.__dict__[self.name] = self.func(instance)
  File "/home/hightech/virtualenv/project.columbiatransportation.com/air/3.10/lib/python3.10/site-packages/django/urls/resolvers.py", line 711, in urlconf_module
    return import_module(self.urlconf_name)
  File "/opt/alt/python310/lib64/python3.10/importlib/__init__.py", line 126, in import_module
    return _bootstrap._gcd_import(name[level:], package, level)
  File "<frozen importlib._bootstrap>", line 1050, in _gcd_import
  File "<frozen importlib._bootstrap>", line 1027, in _find_and_load
  File "<frozen importlib._bootstrap>", line 1006, in _find_and_load_unlocked
  File "<frozen importlib._bootstrap>", line 688, in _load_unlocked
  File "<frozen importlib._bootstrap_external>", line 883, in exec_module
  File "<frozen importlib._bootstrap>", line 241, in _call_with_frames_removed
  File "/home/hightech/project.columbiatransportation.com/air/air/urls.py", line 24, in <module>
    path('',include('main.urls'))
  File "/home/hightech/virtualenv/project.columbiatransportation.com/air/3.10/lib/python3.10/site-packages/django/urls/conf.py", line 39, in include
    urlconf_module = import_module(urlconf_module)
  File "/opt/alt/python310/lib64/python3.10/importlib/__init__.py", line 126, in import_module
    return _bootstrap._gcd_import(name[level:], package, level)
  File "<frozen importlib._bootstrap>", line 1050, in _gcd_import
  File "<frozen importlib._bootstrap>", line 1027, in _find_and_load
  File "<frozen importlib._bootstrap>", line 1006, in _find_and_load_unlocked
  File "<frozen importlib._bootstrap>", line 688, in _load_unlocked
  File "<frozen importlib._bootstrap_external>", line 883, in exec_module
  File "<frozen importlib._bootstrap>", line 241, in _call_with_frames_removed
  File "/home/hightech/project.columbiatransportation.com/air/main/urls.py", line 20, in <module>
    path('blog/', views.blog, name='blog'),
AttributeError: module 'main.views' has no attribute 'blog'

During handling of the above exception, another exception occurred:

Traceback (most recent call last):
  File "/home/hightech/virtualenv/project.columbiatransportation.com/air/3.10/lib/python3.10/site-packages/django/core/handlers/exception.py", line 55, in inner
    response = get_response(request)
  File "/home/hightech/virtualenv/project.columbiatransportation.com/air/3.10/lib/python3.10/site-packages/django/utils/deprecation.py", line 120, in __call__
    response = response or self.get_response(request)
  File "/home/hightech/virtualenv/project.columbiatransportation.com/air/3.10/lib/python3.10/site-packages/django/core/handlers/exception.py", line 57, in inner
    response = response_for_exception(request, exc)
  File "/home/hightech/virtualenv/project.columbiatransportation.com/air/3.10/lib/python3.10/site-packages/django/core/handlers/exception.py", line 141, in response_for_exception
    response = handle_uncaught_exception(
  File "/home/hightech/virtualenv/project.columbiatransportation.com/air/3.10/lib/python3.10/site-packages/django/core/handlers/exception.py", line 182, in handle_uncaught_exception
    return debug.technical_500_response(request, *exc_info)
  File "/home/hightech/virtualenv/project.columbiatransportation.com/air/3.10/lib/python3.10/site-packages/django/views/debug.py", line 69, in technical_500_response
    html = reporter.get_traceback_html()
  File "/home/hightech/virtualenv/project.columbiatransportation.com/air/3.10/lib/python3.10/site-packages/django/views/debug.py", line 428, in get_traceback_html
    c = Context(self.get_traceback_data(), use_l10n=False)
  File "/home/hightech/virtualenv/project.columbiatransportation.com/air/3.10/lib/python3.10/site-packages/django/views/debug.py", line 411, in get_traceback_data
    c["raising_view_name"] = get_caller(self.request)
  File "/home/hightech/virtualenv/project.columbiatransportation.com/air/3.10/lib/python3.10/site-packages/django/views/debug.py", line 102, in get_caller
    resolver_match = resolve(request.path)
  File "/home/hightech/virtualenv/project.columbiatransportation.com/air/3.10/lib/python3.10/site-packages/django/urls/base.py", line 25, in resolve
    return get_resolver(urlconf).resolve(path)
  File "/home/hightech/virtualenv/project.columbiatransportation.com/air/3.10/lib/python3.10/site-packages/django/urls/resolvers.py", line 666, in resolve
    for pattern in self.url_patterns:
  File "/home/hightech/virtualenv/project.columbiatransportation.com/air/3.10/lib/python3.10/site-packages/django/utils/functional.py", line 47, in __get__
    res = instance.__dict__[self.name] = self.func(instance)
  File "/home/hightech/virtualenv/project.columbiatransportation.com/air/3.10/lib/python3.10/site-packages/django/urls/resolvers.py", line 718, in url_patterns
    patterns = getattr(self.urlconf_module, "urlpatterns", self.urlconf_module)
  File "/home/hightech/virtualenv/project.columbiatransportation.com/air/3.10/lib/python3.10/site-packages/django/utils/functional.py", line 47, in __get__
    res = instance.__dict__[self.name] = self.func(instance)
  File "/home/hightech/virtualenv/project.columbiatransportation.com/air/3.10/lib/python3.10/site-packages/django/urls/resolvers.py", line 711, in urlconf_module
    return import_module(self.urlconf_name)
  File "/opt/alt/python310/lib64/python3.10/importlib/__init__.py", line 126, in import_module
    return _bootstrap._gcd_import(name[level:], package, level)
  File "<frozen importlib._bootstrap>", line 1050, in _gcd_import
  File "<frozen importlib._bootstrap>", line 1027, in _find_and_load
  File "<frozen importlib._bootstrap>", line 1006, in _find_and_load_unlocked
  File "<frozen importlib._bootstrap>", line 688, in _load_unlocked
  File "<frozen importlib._bootstrap_external>", line 883, in exec_module
  File "<frozen importlib._bootstrap>", line 241, in _call_with_frames_removed
  File "/home/hightech/project.columbiatransportation.com/air/air/urls.py", line 24, in <module>
    path('',include('main.urls'))
  File "/home/hightech/virtualenv/project.columbiatransportation.com/air/3.10/lib/python3.10/site-packages/django/urls/conf.py", line 39, in include
    urlconf_module = import_module(urlconf_module)
  File "/opt/alt/python310/lib64/python3.10/importlib/__init__.py", line 126, in import_module
    return _bootstrap._gcd_import(name[level:], package, level)
  File "<frozen importlib._bootstrap>", line 1050, in _gcd_import
  File "<frozen importlib._bootstrap>", line 1027, in _find_and_load
  File "<frozen importlib._bootstrap>", line 1006, in _find_and_load_unlocked
  File "<frozen importlib._bootstrap>", line 688, in _load_unlocked
  File "<frozen importlib._bootstrap_external>", line 883, in exec_module
  File "<frozen importlib._bootstrap>", line 241, in _call_with_frames_removed
  File "/home/hightech/project.columbiatransportation.com/air/main/urls.py", line 20, in <module>
    path('blog/', views.blog, name='blog'),
AttributeError: module 'main.views' has no attribute 'blog'

During handling of the above exception, another exception occurred:

Traceback (most recent call last):
  File "/home/hightech/virtualenv/project.columbiatransportation.com/air/3.10/lib/python3.10/site-packages/django/core/handlers/exception.py", line 55, in inner
    response = get_response(request)
  File "/home/hightech/virtualenv/project.columbiatransportation.com/air/3.10/lib/python3.10/site-packages/django/utils/deprecation.py", line 120, in __call__
    response = response or self.get_response(request)
  File "/home/hightech/virtualenv/project.columbiatransportation.com/air/3.10/lib/python3.10/site-packages/django/core/handlers/exception.py", line 57, in inner
    response = response_for_exception(request, exc)
  File "/home/hightech/virtualenv/project.columbiatransportation.com/air/3.10/lib/python3.10/site-packages/django/core/handlers/exception.py", line 141, in response_for_exception
    response = handle_uncaught_exception(
  File "/home/hightech/virtualenv/project.columbiatransportation.com/air/3.10/lib/python3.10/site-packages/django/core/handlers/exception.py", line 182, in handle_uncaught_exception
    return debug.technical_500_response(request, *exc_info)
  File "/home/hightech/virtualenv/project.columbiatransportation.com/air/3.10/lib/python3.10/site-packages/django/views/debug.py", line 69, in technical_500_response
    html = reporter.get_traceback_html()
  File "/home/hightech/virtualenv/project.columbiatransportation.com/air/3.10/lib/python3.10/site-packages/django/views/debug.py", line 428, in get_traceback_html
    c = Context(self.get_traceback_data(), use_l10n=False)
  File "/home/hightech/virtualenv/project.columbiatransportation.com/air/3.10/lib/python3.10/site-packages/django/views/debug.py", line 411, in get_traceback_data
    c["raising_view_name"] = get_caller(self.request)
  File "/home/hightech/virtualenv/project.columbiatransportation.com/air/3.10/lib/python3.10/site-packages/django/views/debug.py", line 102, in get_caller
    resolver_match = resolve(request.path)
  File "/home/hightech/virtualenv/project.columbiatransportation.com/air/3.10/lib/python3.10/site-packages/django/urls/base.py", line 25, in resolve
    return get_resolver(urlconf).resolve(path)
  File "/home/hightech/virtualenv/project.columbiatransportation.com/air/3.10/lib/python3.10/site-packages/django/urls/resolvers.py", line 666, in resolve
    for pattern in self.url_patterns:
  File "/home/hightech/virtualenv/project.columbiatransportation.com/air/3.10/lib/python3.10/site-packages/django/utils/functional.py", line 47, in __get__
    res = instance.__dict__[self.name] = self.func(instance)
  File "/home/hightech/virtualenv/project.columbiatransportation.com/air/3.10/lib/python3.10/site-packages/django/urls/resolvers.py", line 718, in url_patterns
    patterns = getattr(self.urlconf_module, "urlpatterns", self.urlconf_module)
  File "/home/hightech/virtualenv/project.columbiatransportation.com/air/3.10/lib/python3.10/site-packages/django/utils/functional.py", line 47, in __get__
    res = instance.__dict__[self.name] = self.func(instance)
  File "/home/hightech/virtualenv/project.columbiatransportation.com/air/3.10/lib/python3.10/site-packages/django/urls/resolvers.py", line 711, in urlconf_module
    return import_module(self.urlconf_name)
  File "/opt/alt/python310/lib64/python3.10/importlib/__init__.py", line 126, in import_module
    return _bootstrap._gcd_import(name[level:], package, level)
  File "<frozen importlib._bootstrap>", line 1050, in _gcd_import
  File "<frozen importlib._bootstrap>", line 1027, in _find_and_load
  File "<frozen importlib._bootstrap>", line 1006, in _find_and_load_unlocked
  File "<frozen importlib._bootstrap>", line 688, in _load_unlocked
  File "<frozen importlib._bootstrap_external>", line 883, in exec_module
  File "<frozen importlib._bootstrap>", line 241, in _call_with_frames_removed
  File "/home/hightech/project.columbiatransportation.com/air/air/urls.py", line 24, in <module>
    path('',include('main.urls'))
  File "/home/hightech/virtualenv/project.columbiatransportation.com/air/3.10/lib/python3.10/site-packages/django/urls/conf.py", line 39, in include
    urlconf_module = import_module(urlconf_module)
  File "/opt/alt/python310/lib64/python3.10/importlib/__init__.py", line 126, in import_module
    return _bootstrap._gcd_import(name[level:], package, level)
  File "<frozen importlib._bootstrap>", line 1050, in _gcd_import
  File "<frozen importlib._bootstrap>", line 1027, in _find_and_load
  File "<frozen importlib._bootstrap>", line 1006, in _find_and_load_unlocked
  File "<frozen importlib._bootstrap>", line 688, in _load_unlocked
  File "<frozen importlib._bootstrap_external>", line 883, in exec_module
  File "<frozen importlib._bootstrap>", line 241, in _call_with_frames_removed
  File "/home/hightech/project.columbiatransportation.com/air/main/urls.py", line 20, in <module>
    path('blog/', views.blog, name='blog'),
AttributeError: module 'main.views' has no attribute 'blog'

During handling of the above exception, another exception occurred:

Traceback (most recent call last):
  File "/home/hightech/virtualenv/project.columbiatransportation.com/air/3.10/lib/python3.10/site-packages/django/core/handlers/exception.py", line 55, in inner
    response = get_response(request)
  File "/home/hightech/virtualenv/project.columbiatransportation.com/air/3.10/lib/python3.10/site-packages/django/utils/deprecation.py", line 120, in __call__
    response = response or self.get_response(request)
  File "/home/hightech/virtualenv/project.columbiatransportation.com/air/3.10/lib/python3.10/site-packages/django/core/handlers/exception.py", line 57, in inner
    response = response_for_exception(request, exc)
  File "/home/hightech/virtualenv/project.columbiatransportation.com/air/3.10/lib/python3.10/site-packages/django/core/handlers/exception.py", line 141, in response_for_exception
    response = handle_uncaught_exception(
  File "/home/hightech/virtualenv/project.columbiatransportation.com/air/3.10/lib/python3.10/site-packages/django/core/handlers/exception.py", line 182, in handle_uncaught_exception
    return debug.technical_500_response(request, *exc_info)
  File "/home/hightech/virtualenv/project.columbiatransportation.com/air/3.10/lib/python3.10/site-packages/django/views/debug.py", line 69, in technical_500_response
    html = reporter.get_traceback_html()
  File "/home/hightech/virtualenv/project.columbiatransportation.com/air/3.10/lib/python3.10/site-packages/django/views/debug.py", line 428, in get_traceback_html
    c = Context(self.get_traceback_data(), use_l10n=False)
  File "/home/hightech/virtualenv/project.columbiatransportation.com/air/3.10/lib/python3.10/site-packages/django/views/debug.py", line 411, in get_traceback_data
    c["raising_view_name"] = get_caller(self.request)
  File "/home/hightech/virtualenv/project.columbiatransportation.com/air/3.10/lib/python3.10/site-packages/django/views/debug.py", line 102, in get_caller
    resolver_match = resolve(request.path)
  File "/home/hightech/virtualenv/project.columbiatransportation.com/air/3.10/lib/python3.10/site-packages/django/urls/base.py", line 25, in resolve
    return get_resolver(urlconf).resolve(path)
  File "/home/hightech/virtualenv/project.columbiatransportation.com/air/3.10/lib/python3.10/site-packages/django/urls/resolvers.py", line 666, in resolve
    for pattern in self.url_patterns:
  File "/home/hightech/virtualenv/project.columbiatransportation.com/air/3.10/lib/python3.10/site-packages/django/utils/functional.py", line 47, in __get__
    res = instance.__dict__[self.name] = self.func(instance)
  File "/home/hightech/virtualenv/project.columbiatransportation.com/air/3.10/lib/python3.10/site-packages/django/urls/resolvers.py", line 718, in url_patterns
    patterns = getattr(self.urlconf_module, "urlpatterns", self.urlconf_module)
  File "/home/hightech/virtualenv/project.columbiatransportation.com/air/3.10/lib/python3.10/site-packages/django/utils/functional.py", line 47, in __get__
    res = instance.__dict__[self.name] = self.func(instance)
  File "/home/hightech/virtualenv/project.columbiatransportation.com/air/3.10/lib/python3.10/site-packages/django/urls/resolvers.py", line 711, in urlconf_module
    return import_module(self.urlconf_name)
  File "/opt/alt/python310/lib64/python3.10/importlib/__init__.py", line 126, in import_module
    return _bootstrap._gcd_import(name[level:], package, level)
  File "<frozen importlib._bootstrap>", line 1050, in _gcd_import
  File "<frozen importlib._bootstrap>", line 1027, in _find_and_load
  File "<frozen importlib._bootstrap>", line 1006, in _find_and_load_unlocked
  File "<frozen importlib._bootstrap>", line 688, in _load_unlocked
  File "<frozen importlib._bootstrap_external>", line 883, in exec_module
  File "<frozen importlib._bootstrap>", line 241, in _call_with_frames_removed
  File "/home/hightech/project.columbiatransportation.com/air/air/urls.py", line 24, in <module>
    path('',include('main.urls'))
  File "/home/hightech/virtualenv/project.columbiatransportation.com/air/3.10/lib/python3.10/site-packages/django/urls/conf.py", line 39, in include
    urlconf_module = import_module(urlconf_module)
  File "/opt/alt/python310/lib64/python3.10/importlib/__init__.py", line 126, in import_module
    return _bootstrap._gcd_import(name[level:], package, level)
  File "<frozen importlib._bootstrap>", line 1050, in _gcd_import
  File "<frozen importlib._bootstrap>", line 1027, in _find_and_load
  File "<frozen importlib._bootstrap>", line 1006, in _find_and_load_unlocked
  File "<frozen importlib._bootstrap>", line 688, in _load_unlocked
  File "<frozen importlib._bootstrap_external>", line 883, in exec_module
  File "<frozen importlib._bootstrap>", line 241, in _call_with_frames_removed
  File "/home/hightech/project.columbiatransportation.com/air/main/urls.py", line 20, in <module>
    path('blog/', views.blog, name='blog'),
AttributeError: module 'main.views' has no attribute 'blog'

During handling of the above exception, another exception occurred:

Traceback (most recent call last):
  File "/home/hightech/virtualenv/project.columbiatransportation.com/air/3.10/lib/python3.10/site-packages/django/core/handlers/exception.py", line 55, in inner
    response = get_response(request)
  File "/home/hightech/virtualenv/project.columbiatransportation.com/air/3.10/lib/python3.10/site-packages/django/utils/deprecation.py", line 120, in __call__
    response = response or self.get_response(request)
  File "/home/hightech/virtualenv/project.columbiatransportation.com/air/3.10/lib/python3.10/site-packages/django/core/handlers/exception.py", line 57, in inner
    response = response_for_exception(request, exc)
  File "/home/hightech/virtualenv/project.columbiatransportation.com/air/3.10/lib/python3.10/site-packages/django/core/handlers/exception.py", line 141, in response_for_exception
    response = handle_uncaught_exception(
  File "/home/hightech/virtualenv/project.columbiatransportation.com/air/3.10/lib/python3.10/site-packages/django/core/handlers/exception.py", line 182, in handle_uncaught_exception
    return debug.technical_500_response(request, *exc_info)
  File "/home/hightech/virtualenv/project.columbiatransportation.com/air/3.10/lib/python3.10/site-packages/django/views/debug.py", line 69, in technical_500_response
    html = reporter.get_traceback_html()
  File "/home/hightech/virtualenv/project.columbiatransportation.com/air/3.10/lib/python3.10/site-packages/django/views/debug.py", line 428, in get_traceback_html
    c = Context(self.get_traceback_data(), use_l10n=False)
  File "/home/hightech/virtualenv/project.columbiatransportation.com/air/3.10/lib/python3.10/site-packages/django/views/debug.py", line 411, in get_traceback_data
    c["raising_view_name"] = get_caller(self.request)
  File "/home/hightech/virtualenv/project.columbiatransportation.com/air/3.10/lib/python3.10/site-packages/django/views/debug.py", line 102, in get_caller
    resolver_match = resolve(request.path)
  File "/home/hightech/virtualenv/project.columbiatransportation.com/air/3.10/lib/python3.10/site-packages/django/urls/base.py", line 25, in resolve
    return get_resolver(urlconf).resolve(path)
  File "/home/hightech/virtualenv/project.columbiatransportation.com/air/3.10/lib/python3.10/site-packages/django/urls/resolvers.py", line 666, in resolve
    for pattern in self.url_patterns:
  File "/home/hightech/virtualenv/project.columbiatransportation.com/air/3.10/lib/python3.10/site-packages/django/utils/functional.py", line 47, in __get__
    res = instance.__dict__[self.name] = self.func(instance)
  File "/home/hightech/virtualenv/project.columbiatransportation.com/air/3.10/lib/python3.10/site-packages/django/urls/resolvers.py", line 718, in url_patterns
    patterns = getattr(self.urlconf_module, "urlpatterns", self.urlconf_module)
  File "/home/hightech/virtualenv/project.columbiatransportation.com/air/3.10/lib/python3.10/site-packages/django/utils/functional.py", line 47, in __get__
    res = instance.__dict__[self.name] = self.func(instance)
  File "/home/hightech/virtualenv/project.columbiatransportation.com/air/3.10/lib/python3.10/site-packages/django/urls/resolvers.py", line 711, in urlconf_module
    return import_module(self.urlconf_name)
  File "/opt/alt/python310/lib64/python3.10/importlib/__init__.py", line 126, in import_module
    return _bootstrap._gcd_import(name[level:], package, level)
  File "<frozen importlib._bootstrap>", line 1050, in _gcd_import
  File "<frozen importlib._bootstrap>", line 1027, in _find_and_load
  File "<frozen importlib._bootstrap>", line 1006, in _find_and_load_unlocked
  File "<frozen importlib._bootstrap>", line 688, in _load_unlocked
  File "<frozen importlib._bootstrap_external>", line 883, in exec_module
  File "<frozen importlib._bootstrap>", line 241, in _call_with_frames_removed
  File "/home/hightech/project.columbiatransportation.com/air/air/urls.py", line 24, in <module>
    path('',include('main.urls'))
  File "/home/hightech/virtualenv/project.columbiatransportation.com/air/3.10/lib/python3.10/site-packages/django/urls/conf.py", line 39, in include
    urlconf_module = import_module(urlconf_module)
  File "/opt/alt/python310/lib64/python3.10/importlib/__init__.py", line 126, in import_module
    return _bootstrap._gcd_import(name[level:], package, level)
  File "<frozen importlib._bootstrap>", line 1050, in _gcd_import
  File "<frozen importlib._bootstrap>", line 1027, in _find_and_load
  File "<frozen importlib._bootstrap>", line 1006, in _find_and_load_unlocked
  File "<frozen importlib._bootstrap>", line 688, in _load_unlocked
  File "<frozen importlib._bootstrap_external>", line 883, in exec_module
  File "<frozen importlib._bootstrap>", line 241, in _call_with_frames_removed
  File "/home/hightech/project.columbiatransportation.com/air/main/urls.py", line 20, in <module>
    path('blog/', views.blog, name='blog'),
AttributeError: module 'main.views' has no attribute 'blog'

During handling of the above exception, another exception occurred:

Traceback (most recent call last):
  File "/home/hightech/virtualenv/project.columbiatransportation.com/air/3.10/lib/python3.10/site-packages/django/core/handlers/exception.py", line 55, in inner
    response = get_response(request)
  File "/home/hightech/virtualenv/project.columbiatransportation.com/air/3.10/lib/python3.10/site-packages/django/utils/deprecation.py", line 120, in __call__
    response = response or self.get_response(request)
  File "/home/hightech/virtualenv/project.columbiatransportation.com/air/3.10/lib/python3.10/site-packages/django/core/handlers/exception.py", line 57, in inner
    response = response_for_exception(request, exc)
  File "/home/hightech/virtualenv/project.columbiatransportation.com/air/3.10/lib/python3.10/site-packages/django/core/handlers/exception.py", line 141, in response_for_exception
    response = handle_uncaught_exception(
  File "/home/hightech/virtualenv/project.columbiatransportation.com/air/3.10/lib/python3.10/site-packages/django/core/handlers/exception.py", line 182, in handle_uncaught_exception
    return debug.technical_500_response(request, *exc_info)
  File "/home/hightech/virtualenv/project.columbiatransportation.com/air/3.10/lib/python3.10/site-packages/django/views/debug.py", line 69, in technical_500_response
    html = reporter.get_traceback_html()
  File "/home/hightech/virtualenv/project.columbiatransportation.com/air/3.10/lib/python3.10/site-packages/django/views/debug.py", line 428, in get_traceback_html
    c = Context(self.get_traceback_data(), use_l10n=False)
  File "/home/hightech/virtualenv/project.columbiatransportation.com/air/3.10/lib/python3.10/site-packages/django/views/debug.py", line 411, in get_traceback_data
    c["raising_view_name"] = get_caller(self.request)
  File "/home/hightech/virtualenv/project.columbiatransportation.com/air/3.10/lib/python3.10/site-packages/django/views/debug.py", line 102, in get_caller
    resolver_match = resolve(request.path)
  File "/home/hightech/virtualenv/project.columbiatransportation.com/air/3.10/lib/python3.10/site-packages/django/urls/base.py", line 25, in resolve
    return get_resolver(urlconf).resolve(path)
  File "/home/hightech/virtualenv/project.columbiatransportation.com/air/3.10/lib/python3.10/site-packages/django/urls/resolvers.py", line 666, in resolve
    for pattern in self.url_patterns:
  File "/home/hightech/virtualenv/project.columbiatransportation.com/air/3.10/lib/python3.10/site-packages/django/utils/functional.py", line 47, in __get__
    res = instance.__dict__[self.name] = self.func(instance)
  File "/home/hightech/virtualenv/project.columbiatransportation.com/air/3.10/lib/python3.10/site-packages/django/urls/resolvers.py", line 718, in url_patterns
    patterns = getattr(self.urlconf_module, "urlpatterns", self.urlconf_module)
  File "/home/hightech/virtualenv/project.columbiatransportation.com/air/3.10/lib/python3.10/site-packages/django/utils/functional.py", line 47, in __get__
    res = instance.__dict__[self.name] = self.func(instance)
  File "/home/hightech/virtualenv/project.columbiatransportation.com/air/3.10/lib/python3.10/site-packages/django/urls/resolvers.py", line 711, in urlconf_module
    return import_module(self.urlconf_name)
  File "/opt/alt/python310/lib64/python3.10/importlib/__init__.py", line 126, in import_module
    return _bootstrap._gcd_import(name[level:], package, level)
  File "<frozen importlib._bootstrap>", line 1050, in _gcd_import
  File "<frozen importlib._bootstrap>", line 1027, in _find_and_load
  File "<frozen importlib._bootstrap>", line 1006, in _find_and_load_unlocked
  File "<frozen importlib._bootstrap>", line 688, in _load_unlocked
  File "<frozen importlib._bootstrap_external>", line 883, in exec_module
  File "<frozen importlib._bootstrap>", line 241, in _call_with_frames_removed
  File "/home/hightech/project.columbiatransportation.com/air/air/urls.py", line 24, in <module>
    path('',include('main.urls'))
  File "/home/hightech/virtualenv/project.columbiatransportation.com/air/3.10/lib/python3.10/site-packages/django/urls/conf.py", line 39, in include
    urlconf_module = import_module(urlconf_module)
  File "/opt/alt/python310/lib64/python3.10/importlib/__init__.py", line 126, in import_module
    return _bootstrap._gcd_import(name[level:], package, level)
  File "<frozen importlib._bootstrap>", line 1050, in _gcd_import
  File "<frozen importlib._bootstrap>", line 1027, in _find_and_load
  File "<frozen importlib._bootstrap>", line 1006, in _find_and_load_unlocked
  File "<frozen importlib._bootstrap>", line 688, in _load_unlocked
  File "<frozen importlib._bootstrap_external>", line 883, in exec_module
  File "<frozen importlib._bootstrap>", line 241, in _call_with_frames_removed
  File "/home/hightech/project.columbiatransportation.com/air/main/urls.py", line 20, in <module>
    path('blog/', views.blog, name='blog'),
AttributeError: module 'main.views' has no attribute 'blog'

During handling of the above exception, another exception occurred:

Traceback (most recent call last):
  File "/home/hightech/virtualenv/project.columbiatransportation.com/air/3.10/lib/python3.10/site-packages/django/core/handlers/exception.py", line 55, in inner
    response = get_response(request)
  File "/home/hightech/virtualenv/project.columbiatransportation.com/air/3.10/lib/python3.10/site-packages/django/utils/deprecation.py", line 120, in __call__
    response = response or self.get_response(request)
  File "/home/hightech/virtualenv/project.columbiatransportation.com/air/3.10/lib/python3.10/site-packages/django/core/handlers/exception.py", line 57, in inner
    response = response_for_exception(request, exc)
  File "/home/hightech/virtualenv/project.columbiatransportation.com/air/3.10/lib/python3.10/site-packages/django/core/handlers/exception.py", line 141, in response_for_exception
    response = handle_uncaught_exception(
  File "/home/hightech/virtualenv/project.columbiatransportation.com/air/3.10/lib/python3.10/site-packages/django/core/handlers/exception.py", line 182, in handle_uncaught_exception
    return debug.technical_500_response(request, *exc_info)
  File "/home/hightech/virtualenv/project.columbiatransportation.com/air/3.10/lib/python3.10/site-packages/django/views/debug.py", line 69, in technical_500_response
    html = reporter.get_traceback_html()
  File "/home/hightech/virtualenv/project.columbiatransportation.com/air/3.10/lib/python3.10/site-packages/django/views/debug.py", line 428, in get_traceback_html
    c = Context(self.get_traceback_data(), use_l10n=False)
  File "/home/hightech/virtualenv/project.columbiatransportation.com/air/3.10/lib/python3.10/site-packages/django/views/debug.py", line 411, in get_traceback_data
    c["raising_view_name"] = get_caller(self.request)
  File "/home/hightech/virtualenv/project.columbiatransportation.com/air/3.10/lib/python3.10/site-packages/django/views/debug.py", line 102, in get_caller
    resolver_match = resolve(request.path)
  File "/home/hightech/virtualenv/project.columbiatransportation.com/air/3.10/lib/python3.10/site-packages/django/urls/base.py", line 25, in resolve
    return get_resolver(urlconf).resolve(path)
  File "/home/hightech/virtualenv/project.columbiatransportation.com/air/3.10/lib/python3.10/site-packages/django/urls/resolvers.py", line 666, in resolve
    for pattern in self.url_patterns:
  File "/home/hightech/virtualenv/project.columbiatransportation.com/air/3.10/lib/python3.10/site-packages/django/utils/functional.py", line 47, in __get__
    res = instance.__dict__[self.name] = self.func(instance)
  File "/home/hightech/virtualenv/project.columbiatransportation.com/air/3.10/lib/python3.10/site-packages/django/urls/resolvers.py", line 718, in url_patterns
    patterns = getattr(self.urlconf_module, "urlpatterns", self.urlconf_module)
  File "/home/hightech/virtualenv/project.columbiatransportation.com/air/3.10/lib/python3.10/site-packages/django/utils/functional.py", line 47, in __get__
    res = instance.__dict__[self.name] = self.func(instance)
  File "/home/hightech/virtualenv/project.columbiatransportation.com/air/3.10/lib/python3.10/site-packages/django/urls/resolvers.py", line 711, in urlconf_module
    return import_module(self.urlconf_name)
  File "/opt/alt/python310/lib64/python3.10/importlib/__init__.py", line 126, in import_module
    return _bootstrap._gcd_import(name[level:], package, level)
  File "<frozen importlib._bootstrap>", line 1050, in _gcd_import
  File "<frozen importlib._bootstrap>", line 1027, in _find_and_load
  File "<frozen importlib._bootstrap>", line 1006, in _find_and_load_unlocked
  File "<frozen importlib._bootstrap>", line 688, in _load_unlocked
  File "<frozen importlib._bootstrap_external>", line 883, in exec_module
  File "<frozen importlib._bootstrap>", line 241, in _call_with_frames_removed
  File "/home/hightech/project.columbiatransportation.com/air/air/urls.py", line 24, in <module>
    path('',include('main.urls'))
  File "/home/hightech/virtualenv/project.columbiatransportation.com/air/3.10/lib/python3.10/site-packages/django/urls/conf.py", line 39, in include
    urlconf_module = import_module(urlconf_module)
  File "/opt/alt/python310/lib64/python3.10/importlib/__init__.py", line 126, in import_module
    return _bootstrap._gcd_import(name[level:], package, level)
  File "<frozen importlib._bootstrap>", line 1050, in _gcd_import
  File "<frozen importlib._bootstrap>", line 1027, in _find_and_load
  File "<frozen importlib._bootstrap>", line 1006, in _find_and_load_unlocked
  File "<frozen importlib._bootstrap>", line 688, in _load_unlocked
  File "<frozen importlib._bootstrap_external>", line 883, in exec_module
  File "<frozen importlib._bootstrap>", line 241, in _call_with_frames_removed
  File "/home/hightech/project.columbiatransportation.com/air/main/urls.py", line 20, in <module>
    path('blog/', views.blog, name='blog'),
AttributeError: module 'main.views' has no attribute 'blog'

During handling of the above exception, another exception occurred:

Traceback (most recent call last):
  File "/home/hightech/virtualenv/project.columbiatransportation.com/air/3.10/lib/python3.10/site-packages/django/core/handlers/exception.py", line 55, in inner
    response = get_response(request)
  File "/home/hightech/virtualenv/project.columbiatransportation.com/air/3.10/lib/python3.10/site-packages/django/utils/deprecation.py", line 120, in __call__
    response = response or self.get_response(request)
  File "/home/hightech/virtualenv/project.columbiatransportation.com/air/3.10/lib/python3.10/site-packages/django/core/handlers/exception.py", line 57, in inner
    response = response_for_exception(request, exc)
  File "/home/hightech/virtualenv/project.columbiatransportation.com/air/3.10/lib/python3.10/site-packages/django/core/handlers/exception.py", line 141, in response_for_exception
    response = handle_uncaught_exception(
  File "/home/hightech/virtualenv/project.columbiatransportation.com/air/3.10/lib/python3.10/site-packages/django/core/handlers/exception.py", line 182, in handle_uncaught_exception
    return debug.technical_500_response(request, *exc_info)
  File "/home/hightech/virtualenv/project.columbiatransportation.com/air/3.10/lib/python3.10/site-packages/django/views/debug.py", line 69, in technical_500_response
    html = reporter.get_traceback_html()
  File "/home/hightech/virtualenv/project.columbiatransportation.com/air/3.10/lib/python3.10/site-packages/django/views/debug.py", line 428, in get_traceback_html
    c = Context(self.get_traceback_data(), use_l10n=False)
  File "/home/hightech/virtualenv/project.columbiatransportation.com/air/3.10/lib/python3.10/site-packages/django/views/debug.py", line 411, in get_traceback_data
    c["raising_view_name"] = get_caller(self.request)
  File "/home/hightech/virtualenv/project.columbiatransportation.com/air/3.10/lib/python3.10/site-packages/django/views/debug.py", line 102, in get_caller
    resolver_match = resolve(request.path)
  File "/home/hightech/virtualenv/project.columbiatransportation.com/air/3.10/lib/python3.10/site-packages/django/urls/base.py", line 25, in resolve
    return get_resolver(urlconf).resolve(path)
  File "/home/hightech/virtualenv/project.columbiatransportation.com/air/3.10/lib/python3.10/site-packages/django/urls/resolvers.py", line 666, in resolve
    for pattern in self.url_patterns:
  File "/home/hightech/virtualenv/project.columbiatransportation.com/air/3.10/lib/python3.10/site-packages/django/utils/functional.py", line 47, in __get__
    res = instance.__dict__[self.name] = self.func(instance)
  File "/home/hightech/virtualenv/project.columbiatransportation.com/air/3.10/lib/python3.10/site-packages/django/urls/resolvers.py", line 718, in url_patterns
    patterns = getattr(self.urlconf_module, "urlpatterns", self.urlconf_module)
  File "/home/hightech/virtualenv/project.columbiatransportation.com/air/3.10/lib/python3.10/site-packages/django/utils/functional.py", line 47, in __get__
    res = instance.__dict__[self.name] = self.func(instance)
  File "/home/hightech/virtualenv/project.columbiatransportation.com/air/3.10/lib/python3.10/site-packages/django/urls/resolvers.py", line 711, in urlconf_module
    return import_module(self.urlconf_name)
  File "/opt/alt/python310/lib64/python3.10/importlib/__init__.py", line 126, in import_module
    return _bootstrap._gcd_import(name[level:], package, level)
  File "<frozen importlib._bootstrap>", line 1050, in _gcd_import
  File "<frozen importlib._bootstrap>", line 1027, in _find_and_load
  File "<frozen importlib._bootstrap>", line 1006, in _find_and_load_unlocked
  File "<frozen importlib._bootstrap>", line 688, in _load_unlocked
  File "<frozen importlib._bootstrap_external>", line 883, in exec_module
  File "<frozen importlib._bootstrap>", line 241, in _call_with_frames_removed
  File "/home/hightech/project.columbiatransportation.com/air/air/urls.py", line 24, in <module>
    path('',include('main.urls'))
  File "/home/hightech/virtualenv/project.columbiatransportation.com/air/3.10/lib/python3.10/site-packages/django/urls/conf.py", line 39, in include
    urlconf_module = import_module(urlconf_module)
  File "/opt/alt/python310/lib64/python3.10/importlib/__init__.py", line 126, in import_module
    return _bootstrap._gcd_import(name[level:], package, level)
  File "<frozen importlib._bootstrap>", line 1050, in _gcd_import
  File "<frozen importlib._bootstrap>", line 1027, in _find_and_load
  File "<frozen importlib._bootstrap>", line 1006, in _find_and_load_unlocked
  File "<frozen importlib._bootstrap>", line 688, in _load_unlocked
  File "<frozen importlib._bootstrap_external>", line 883, in exec_module
  File "<frozen importlib._bootstrap>", line 241, in _call_with_frames_removed
  File "/home/hightech/project.columbiatransportation.com/air/main/urls.py", line 20, in <module>
    path('blog/', views.blog, name='blog'),
AttributeError: module 'main.views' has no attribute 'blog'

During handling of the above exception, another exception occurred:

Traceback (most recent call last):
  File "/home/hightech/virtualenv/project.columbiatransportation.com/air/3.10/lib/python3.10/site-packages/django/core/handlers/wsgi.py", line 124, in __call__
    response = self.get_response(request)
  File "/home/hightech/virtualenv/project.columbiatransportation.com/air/3.10/lib/python3.10/site-packages/django/core/handlers/base.py", line 140, in get_response
    response = self._middleware_chain(request)
  File "/home/hightech/virtualenv/project.columbiatransportation.com/air/3.10/lib/python3.10/site-packages/django/core/handlers/exception.py", line 57, in inner
    response = response_for_exception(request, exc)
  File "/home/hightech/virtualenv/project.columbiatransportation.com/air/3.10/lib/python3.10/site-packages/django/core/handlers/exception.py", line 141, in response_for_exception
    response = handle_uncaught_exception(
  File "/home/hightech/virtualenv/project.columbiatransportation.com/air/3.10/lib/python3.10/site-packages/django/core/handlers/exception.py", line 182, in handle_uncaught_exception
    return debug.technical_500_response(request, *exc_info)
  File "/home/hightech/virtualenv/project.columbiatransportation.com/air/3.10/lib/python3.10/site-packages/django/views/debug.py", line 69, in technical_500_response
    html = reporter.get_traceback_html()
  File "/home/hightech/virtualenv/project.columbiatransportation.com/air/3.10/lib/python3.10/site-packages/django/views/debug.py", line 428, in get_traceback_html
    c = Context(self.get_traceback_data(), use_l10n=False)
  File "/home/hightech/virtualenv/project.columbiatransportation.com/air/3.10/lib/python3.10/site-packages/django/views/debug.py", line 411, in get_traceback_data
    c["raising_view_name"] = get_caller(self.request)
  File "/home/hightech/virtualenv/project.columbiatransportation.com/air/3.10/lib/python3.10/site-packages/django/views/debug.py", line 102, in get_caller
    resolver_match = resolve(request.path)
  File "/home/hightech/virtualenv/project.columbiatransportation.com/air/3.10/lib/python3.10/site-packages/django/urls/base.py", line 25, in resolve
    return get_resolver(urlconf).resolve(path)
  File "/home/hightech/virtualenv/project.columbiatransportation.com/air/3.10/lib/python3.10/site-packages/django/urls/resolvers.py", line 666, in resolve
    for pattern in self.url_patterns:
  File "/home/hightech/virtualenv/project.columbiatransportation.com/air/3.10/lib/python3.10/site-packages/django/utils/functional.py", line 47, in __get__
    res = instance.__dict__[self.name] = self.func(instance)
  File "/home/hightech/virtualenv/project.columbiatransportation.com/air/3.10/lib/python3.10/site-packages/django/urls/resolvers.py", line 718, in url_patterns
    patterns = getattr(self.urlconf_module, "urlpatterns", self.urlconf_module)
  File "/home/hightech/virtualenv/project.columbiatransportation.com/air/3.10/lib/python3.10/site-packages/django/utils/functional.py", line 47, in __get__
    res = instance.__dict__[self.name] = self.func(instance)
  File "/home/hightech/virtualenv/project.columbiatransportation.com/air/3.10/lib/python3.10/site-packages/django/urls/resolvers.py", line 711, in urlconf_module
    return import_module(self.urlconf_name)
  File "/opt/alt/python310/lib64/python3.10/importlib/__init__.py", line 126, in import_module
    return _bootstrap._gcd_import(name[level:], package, level)
  File "<frozen importlib._bootstrap>", line 1050, in _gcd_import
  File "<frozen importlib._bootstrap>", line 1027, in _find_and_load
  File "<frozen importlib._bootstrap>", line 1006, in _find_and_load_unlocked
  File "<frozen importlib._bootstrap>", line 688, in _load_unlocked
  File "<frozen importlib._bootstrap_external>", line 883, in exec_module
  File "<frozen importlib._bootstrap>", line 241, in _call_with_frames_removed
  File "/home/hightech/project.columbiatransportation.com/air/air/urls.py", line 24, in <module>
    path('',include('main.urls'))
  File "/home/hightech/virtualenv/project.columbiatransportation.com/air/3.10/lib/python3.10/site-packages/django/urls/conf.py", line 39, in include
    urlconf_module = import_module(urlconf_module)
  File "/opt/alt/python310/lib64/python3.10/importlib/__init__.py", line 126, in import_module
    return _bootstrap._gcd_import(name[level:], package, level)
  File "<frozen importlib._bootstrap>", line 1050, in _gcd_import
  File "<frozen importlib._bootstrap>", line 1027, in _find_and_load
  File "<frozen importlib._bootstrap>", line 1006, in _find_and_load_unlocked
  File "<frozen importlib._bootstrap>", line 688, in _load_unlocked
  File "<frozen importlib._bootstrap_external>", line 883, in exec_module
  File "<frozen importlib._bootstrap>", line 241, in _call_with_frames_removed
  File "/home/hightech/project.columbiatransportation.com/air/main/urls.py", line 20, in <module>
    path('blog/', views.blog, name='blog'),
AttributeError: module 'main.views' has no attribute 'blog'
[ERROR] [UID:1788][4044820] wsgiAppHandler pApp->start_response() return NULL.
Traceback (most recent call last):
  File "/home/hightech/virtualenv/project.columbiatransportation.com/air/3.10/lib/python3.10/site-packages/django/core/handlers/exception.py", line 55, in inner
    response = get_response(request)
  File "/home/hightech/virtualenv/project.columbiatransportation.com/air/3.10/lib/python3.10/site-packages/django/core/handlers/base.py", line 181, in _get_response
    callback, callback_args, callback_kwargs = self.resolve_request(request)
  File "/home/hightech/virtualenv/project.columbiatransportation.com/air/3.10/lib/python3.10/site-packages/django/core/handlers/base.py", line 313, in resolve_request
    resolver_match = resolver.resolve(request.path_info)
  File "/home/hightech/virtualenv/project.columbiatransportation.com/air/3.10/lib/python3.10/site-packages/django/urls/resolvers.py", line 666, in resolve
    for pattern in self.url_patterns:
  File "/home/hightech/virtualenv/project.columbiatransportation.com/air/3.10/lib/python3.10/site-packages/django/utils/functional.py", line 47, in __get__
    res = instance.__dict__[self.name] = self.func(instance)
  File "/home/hightech/virtualenv/project.columbiatransportation.com/air/3.10/lib/python3.10/site-packages/django/urls/resolvers.py", line 718, in url_patterns
    patterns = getattr(self.urlconf_module, "urlpatterns", self.urlconf_module)
  File "/home/hightech/virtualenv/project.columbiatransportation.com/air/3.10/lib/python3.10/site-packages/django/utils/functional.py", line 47, in __get__
    res = instance.__dict__[self.name] = self.func(instance)
  File "/home/hightech/virtualenv/project.columbiatransportation.com/air/3.10/lib/python3.10/site-packages/django/urls/resolvers.py", line 711, in urlconf_module
    return import_module(self.urlconf_name)
  File "/opt/alt/python310/lib64/python3.10/importlib/__init__.py", line 126, in import_module
    return _bootstrap._gcd_import(name[level:], package, level)
  File "<frozen importlib._bootstrap>", line 1050, in _gcd_import
  File "<frozen importlib._bootstrap>", line 1027, in _find_and_load
  File "<frozen importlib._bootstrap>", line 1006, in _find_and_load_unlocked
  File "<frozen importlib._bootstrap>", line 688, in _load_unlocked
  File "<frozen importlib._bootstrap_external>", line 883, in exec_module
  File "<frozen importlib._bootstrap>", line 241, in _call_with_frames_removed
  File "/home/hightech/project.columbiatransportation.com/air/air/urls.py", line 24, in <module>
    path('',include('main.urls'))
  File "/home/hightech/virtualenv/project.columbiatransportation.com/air/3.10/lib/python3.10/site-packages/django/urls/conf.py", line 39, in include
    urlconf_module = import_module(urlconf_module)
  File "/opt/alt/python310/lib64/python3.10/importlib/__init__.py", line 126, in import_module
    return _bootstrap._gcd_import(name[level:], package, level)
  File "<frozen importlib._bootstrap>", line 1050, in _gcd_import
  File "<frozen importlib._bootstrap>", line 1027, in _find_and_load
  File "<frozen importlib._bootstrap>", line 1006, in _find_and_load_unlocked
  File "<frozen importlib._bootstrap>", line 688, in _load_unlocked
  File "<frozen importlib._bootstrap_external>", line 883, in exec_module
  File "<frozen importlib._bootstrap>", line 241, in _call_with_frames_removed
  File "/home/hightech/project.columbiatransportation.com/air/main/urls.py", line 20, in <module>
    path('blog/', views.blog, name='blog'),
AttributeError: module 'main.views' has no attribute 'blog'

During handling of the above exception, another exception occurred:

Traceback (most recent call last):
  File "/home/hightech/virtualenv/project.columbiatransportation.com/air/3.10/lib/python3.10/site-packages/django/core/handlers/exception.py", line 55, in inner
    response = get_response(request)
  File "/home/hightech/virtualenv/project.columbiatransportation.com/air/3.10/lib/python3.10/site-packages/django/utils/deprecation.py", line 120, in __call__
    response = response or self.get_response(request)
  File "/home/hightech/virtualenv/project.columbiatransportation.com/air/3.10/lib/python3.10/site-packages/django/core/handlers/exception.py", line 57, in inner
    response = response_for_exception(request, exc)
  File "/home/hightech/virtualenv/project.columbiatransportation.com/air/3.10/lib/python3.10/site-packages/django/core/handlers/exception.py", line 141, in response_for_exception
    response = handle_uncaught_exception(
  File "/home/hightech/virtualenv/project.columbiatransportation.com/air/3.10/lib/python3.10/site-packages/django/core/handlers/exception.py", line 182, in handle_uncaught_exception
    return debug.technical_500_response(request, *exc_info)
  File "/home/hightech/virtualenv/project.columbiatransportation.com/air/3.10/lib/python3.10/site-packages/django/views/debug.py", line 69, in technical_500_response
    html = reporter.get_traceback_html()
  File "/home/hightech/virtualenv/project.columbiatransportation.com/air/3.10/lib/python3.10/site-packages/django/views/debug.py", line 428, in get_traceback_html
    c = Context(self.get_traceback_data(), use_l10n=False)
  File "/home/hightech/virtualenv/project.columbiatransportation.com/air/3.10/lib/python3.10/site-packages/django/views/debug.py", line 411, in get_traceback_data
    c["raising_view_name"] = get_caller(self.request)
  File "/home/hightech/virtualenv/project.columbiatransportation.com/air/3.10/lib/python3.10/site-packages/django/views/debug.py", line 102, in get_caller
    resolver_match = resolve(request.path)
  File "/home/hightech/virtualenv/project.columbiatransportation.com/air/3.10/lib/python3.10/site-packages/django/urls/base.py", line 25, in resolve
    return get_resolver(urlconf).resolve(path)
  File "/home/hightech/virtualenv/project.columbiatransportation.com/air/3.10/lib/python3.10/site-packages/django/urls/resolvers.py", line 666, in resolve
    for pattern in self.url_patterns:
  File "/home/hightech/virtualenv/project.columbiatransportation.com/air/3.10/lib/python3.10/site-packages/django/utils/functional.py", line 47, in __get__
    res = instance.__dict__[self.name] = self.func(instance)
  File "/home/hightech/virtualenv/project.columbiatransportation.com/air/3.10/lib/python3.10/site-packages/django/urls/resolvers.py", line 718, in url_patterns
    patterns = getattr(self.urlconf_module, "urlpatterns", self.urlconf_module)
  File "/home/hightech/virtualenv/project.columbiatransportation.com/air/3.10/lib/python3.10/site-packages/django/utils/functional.py", line 47, in __get__
    res = instance.__dict__[self.name] = self.func(instance)
  File "/home/hightech/virtualenv/project.columbiatransportation.com/air/3.10/lib/python3.10/site-packages/django/urls/resolvers.py", line 711, in urlconf_module
    return import_module(self.urlconf_name)
  File "/opt/alt/python310/lib64/python3.10/importlib/__init__.py", line 126, in import_module
    return _bootstrap._gcd_import(name[level:], package, level)
  File "<frozen importlib._bootstrap>", line 1050, in _gcd_import
  File "<frozen importlib._bootstrap>", line 1027, in _find_and_load
  File "<frozen importlib._bootstrap>", line 1006, in _find_and_load_unlocked
  File "<frozen importlib._bootstrap>", line 688, in _load_unlocked
  File "<frozen importlib._bootstrap_external>", line 883, in exec_module
  File "<frozen importlib._bootstrap>", line 241, in _call_with_frames_removed
  File "/home/hightech/project.columbiatransportation.com/air/air/urls.py", line 24, in <module>
    path('',include('main.urls'))
  File "/home/hightech/virtualenv/project.columbiatransportation.com/air/3.10/lib/python3.10/site-packages/django/urls/conf.py", line 39, in include
    urlconf_module = import_module(urlconf_module)
  File "/opt/alt/python310/lib64/python3.10/importlib/__init__.py", line 126, in import_module
    return _bootstrap._gcd_import(name[level:], package, level)
  File "<frozen importlib._bootstrap>", line 1050, in _gcd_import
  File "<frozen importlib._bootstrap>", line 1027, in _find_and_load
  File "<frozen importlib._bootstrap>", line 1006, in _find_and_load_unlocked
  File "<frozen importlib._bootstrap>", line 688, in _load_unlocked
  File "<frozen importlib._bootstrap_external>", line 883, in exec_module
  File "<frozen importlib._bootstrap>", line 241, in _call_with_frames_removed
  File "/home/hightech/project.columbiatransportation.com/air/main/urls.py", line 20, in <module>
    path('blog/', views.blog, name='blog'),
AttributeError: module 'main.views' has no attribute 'blog'

During handling of the above exception, another exception occurred:

Traceback (most recent call last):
  File "/home/hightech/virtualenv/project.columbiatransportation.com/air/3.10/lib/python3.10/site-packages/django/core/handlers/exception.py", line 55, in inner
    response = get_response(request)
  File "/home/hightech/virtualenv/project.columbiatransportation.com/air/3.10/lib/python3.10/site-packages/django/utils/deprecation.py", line 120, in __call__
    response = response or self.get_response(request)
  File "/home/hightech/virtualenv/project.columbiatransportation.com/air/3.10/lib/python3.10/site-packages/django/core/handlers/exception.py", line 57, in inner
    response = response_for_exception(request, exc)
  File "/home/hightech/virtualenv/project.columbiatransportation.com/air/3.10/lib/python3.10/site-packages/django/core/handlers/exception.py", line 141, in response_for_exception
    response = handle_uncaught_exception(
  File "/home/hightech/virtualenv/project.columbiatransportation.com/air/3.10/lib/python3.10/site-packages/django/core/handlers/exception.py", line 182, in handle_uncaught_exception
    return debug.technical_500_response(request, *exc_info)
  File "/home/hightech/virtualenv/project.columbiatransportation.com/air/3.10/lib/python3.10/site-packages/django/views/debug.py", line 69, in technical_500_response
    html = reporter.get_traceback_html()
  File "/home/hightech/virtualenv/project.columbiatransportation.com/air/3.10/lib/python3.10/site-packages/django/views/debug.py", line 428, in get_traceback_html
    c = Context(self.get_traceback_data(), use_l10n=False)
  File "/home/hightech/virtualenv/project.columbiatransportation.com/air/3.10/lib/python3.10/site-packages/django/views/debug.py", line 411, in get_traceback_data
    c["raising_view_name"] = get_caller(self.request)
  File "/home/hightech/virtualenv/project.columbiatransportation.com/air/3.10/lib/python3.10/site-packages/django/views/debug.py", line 102, in get_caller
    resolver_match = resolve(request.path)
  File "/home/hightech/virtualenv/project.columbiatransportation.com/air/3.10/lib/python3.10/site-packages/django/urls/base.py", line 25, in resolve
    return get_resolver(urlconf).resolve(path)
  File "/home/hightech/virtualenv/project.columbiatransportation.com/air/3.10/lib/python3.10/site-packages/django/urls/resolvers.py", line 666, in resolve
    for pattern in self.url_patterns:
  File "/home/hightech/virtualenv/project.columbiatransportation.com/air/3.10/lib/python3.10/site-packages/django/utils/functional.py", line 47, in __get__
    res = instance.__dict__[self.name] = self.func(instance)
  File "/home/hightech/virtualenv/project.columbiatransportation.com/air/3.10/lib/python3.10/site-packages/django/urls/resolvers.py", line 718, in url_patterns
    patterns = getattr(self.urlconf_module, "urlpatterns", self.urlconf_module)
  File "/home/hightech/virtualenv/project.columbiatransportation.com/air/3.10/lib/python3.10/site-packages/django/utils/functional.py", line 47, in __get__
    res = instance.__dict__[self.name] = self.func(instance)
  File "/home/hightech/virtualenv/project.columbiatransportation.com/air/3.10/lib/python3.10/site-packages/django/urls/resolvers.py", line 711, in urlconf_module
    return import_module(self.urlconf_name)
  File "/opt/alt/python310/lib64/python3.10/importlib/__init__.py", line 126, in import_module
    return _bootstrap._gcd_import(name[level:], package, level)
  File "<frozen importlib._bootstrap>", line 1050, in _gcd_import
  File "<frozen importlib._bootstrap>", line 1027, in _find_and_load
  File "<frozen importlib._bootstrap>", line 1006, in _find_and_load_unlocked
  File "<frozen importlib._bootstrap>", line 688, in _load_unlocked
  File "<frozen importlib._bootstrap_external>", line 883, in exec_module
  File "<frozen importlib._bootstrap>", line 241, in _call_with_frames_removed
  File "/home/hightech/project.columbiatransportation.com/air/air/urls.py", line 24, in <module>
    path('',include('main.urls'))
  File "/home/hightech/virtualenv/project.columbiatransportation.com/air/3.10/lib/python3.10/site-packages/django/urls/conf.py", line 39, in include
    urlconf_module = import_module(urlconf_module)
  File "/opt/alt/python310/lib64/python3.10/importlib/__init__.py", line 126, in import_module
    return _bootstrap._gcd_import(name[level:], package, level)
  File "<frozen importlib._bootstrap>", line 1050, in _gcd_import
  File "<frozen importlib._bootstrap>", line 1027, in _find_and_load
  File "<frozen importlib._bootstrap>", line 1006, in _find_and_load_unlocked
  File "<frozen importlib._bootstrap>", line 688, in _load_unlocked
  File "<frozen importlib._bootstrap_external>", line 883, in exec_module
  File "<frozen importlib._bootstrap>", line 241, in _call_with_frames_removed
  File "/home/hightech/project.columbiatransportation.com/air/main/urls.py", line 20, in <module>
    path('blog/', views.blog, name='blog'),
AttributeError: module 'main.views' has no attribute 'blog'

During handling of the above exception, another exception occurred:

Traceback (most recent call last):
  File "/home/hightech/virtualenv/project.columbiatransportation.com/air/3.10/lib/python3.10/site-packages/django/core/handlers/exception.py", line 55, in inner
    response = get_response(request)
  File "/home/hightech/virtualenv/project.columbiatransportation.com/air/3.10/lib/python3.10/site-packages/django/utils/deprecation.py", line 120, in __call__
    response = response or self.get_response(request)
  File "/home/hightech/virtualenv/project.columbiatransportation.com/air/3.10/lib/python3.10/site-packages/django/core/handlers/exception.py", line 57, in inner
    response = response_for_exception(request, exc)
  File "/home/hightech/virtualenv/project.columbiatransportation.com/air/3.10/lib/python3.10/site-packages/django/core/handlers/exception.py", line 141, in response_for_exception
    response = handle_uncaught_exception(
  File "/home/hightech/virtualenv/project.columbiatransportation.com/air/3.10/lib/python3.10/site-packages/django/core/handlers/exception.py", line 182, in handle_uncaught_exception
    return debug.technical_500_response(request, *exc_info)
  File "/home/hightech/virtualenv/project.columbiatransportation.com/air/3.10/lib/python3.10/site-packages/django/views/debug.py", line 69, in technical_500_response
    html = reporter.get_traceback_html()
  File "/home/hightech/virtualenv/project.columbiatransportation.com/air/3.10/lib/python3.10/site-packages/django/views/debug.py", line 428, in get_traceback_html
    c = Context(self.get_traceback_data(), use_l10n=False)
  File "/home/hightech/virtualenv/project.columbiatransportation.com/air/3.10/lib/python3.10/site-packages/django/views/debug.py", line 411, in get_traceback_data
    c["raising_view_name"] = get_caller(self.request)
  File "/home/hightech/virtualenv/project.columbiatransportation.com/air/3.10/lib/python3.10/site-packages/django/views/debug.py", line 102, in get_caller
    resolver_match = resolve(request.path)
  File "/home/hightech/virtualenv/project.columbiatransportation.com/air/3.10/lib/python3.10/site-packages/django/urls/base.py", line 25, in resolve
    return get_resolver(urlconf).resolve(path)
  File "/home/hightech/virtualenv/project.columbiatransportation.com/air/3.10/lib/python3.10/site-packages/django/urls/resolvers.py", line 666, in resolve
    for pattern in self.url_patterns:
  File "/home/hightech/virtualenv/project.columbiatransportation.com/air/3.10/lib/python3.10/site-packages/django/utils/functional.py", line 47, in __get__
    res = instance.__dict__[self.name] = self.func(instance)
  File "/home/hightech/virtualenv/project.columbiatransportation.com/air/3.10/lib/python3.10/site-packages/django/urls/resolvers.py", line 718, in url_patterns
    patterns = getattr(self.urlconf_module, "urlpatterns", self.urlconf_module)
  File "/home/hightech/virtualenv/project.columbiatransportation.com/air/3.10/lib/python3.10/site-packages/django/utils/functional.py", line 47, in __get__
    res = instance.__dict__[self.name] = self.func(instance)
  File "/home/hightech/virtualenv/project.columbiatransportation.com/air/3.10/lib/python3.10/site-packages/django/urls/resolvers.py", line 711, in urlconf_module
    return import_module(self.urlconf_name)
  File "/opt/alt/python310/lib64/python3.10/importlib/__init__.py", line 126, in import_module
    return _bootstrap._gcd_import(name[level:], package, level)
  File "<frozen importlib._bootstrap>", line 1050, in _gcd_import
  File "<frozen importlib._bootstrap>", line 1027, in _find_and_load
  File "<frozen importlib._bootstrap>", line 1006, in _find_and_load_unlocked
  File "<frozen importlib._bootstrap>", line 688, in _load_unlocked
  File "<frozen importlib._bootstrap_external>", line 883, in exec_module
  File "<frozen importlib._bootstrap>", line 241, in _call_with_frames_removed
  File "/home/hightech/project.columbiatransportation.com/air/air/urls.py", line 24, in <module>
    path('',include('main.urls'))
  File "/home/hightech/virtualenv/project.columbiatransportation.com/air/3.10/lib/python3.10/site-packages/django/urls/conf.py", line 39, in include
    urlconf_module = import_module(urlconf_module)
  File "/opt/alt/python310/lib64/python3.10/importlib/__init__.py", line 126, in import_module
    return _bootstrap._gcd_import(name[level:], package, level)
  File "<frozen importlib._bootstrap>", line 1050, in _gcd_import
  File "<frozen importlib._bootstrap>", line 1027, in _find_and_load
  File "<frozen importlib._bootstrap>", line 1006, in _find_and_load_unlocked
  File "<frozen importlib._bootstrap>", line 688, in _load_unlocked
  File "<frozen importlib._bootstrap_external>", line 883, in exec_module
  File "<frozen importlib._bootstrap>", line 241, in _call_with_frames_removed
  File "/home/hightech/project.columbiatransportation.com/air/main/urls.py", line 20, in <module>
    path('blog/', views.blog, name='blog'),
AttributeError: module 'main.views' has no attribute 'blog'

During handling of the above exception, another exception occurred:

Traceback (most recent call last):
  File "/home/hightech/virtualenv/project.columbiatransportation.com/air/3.10/lib/python3.10/site-packages/django/core/handlers/exception.py", line 55, in inner
    response = get_response(request)
  File "/home/hightech/virtualenv/project.columbiatransportation.com/air/3.10/lib/python3.10/site-packages/django/utils/deprecation.py", line 120, in __call__
    response = response or self.get_response(request)
  File "/home/hightech/virtualenv/project.columbiatransportation.com/air/3.10/lib/python3.10/site-packages/django/core/handlers/exception.py", line 57, in inner
    response = response_for_exception(request, exc)
  File "/home/hightech/virtualenv/project.columbiatransportation.com/air/3.10/lib/python3.10/site-packages/django/core/handlers/exception.py", line 141, in response_for_exception
    response = handle_uncaught_exception(
  File "/home/hightech/virtualenv/project.columbiatransportation.com/air/3.10/lib/python3.10/site-packages/django/core/handlers/exception.py", line 182, in handle_uncaught_exception
    return debug.technical_500_response(request, *exc_info)
  File "/home/hightech/virtualenv/project.columbiatransportation.com/air/3.10/lib/python3.10/site-packages/django/views/debug.py", line 69, in technical_500_response
    html = reporter.get_traceback_html()
  File "/home/hightech/virtualenv/project.columbiatransportation.com/air/3.10/lib/python3.10/site-packages/django/views/debug.py", line 428, in get_traceback_html
    c = Context(self.get_traceback_data(), use_l10n=False)
  File "/home/hightech/virtualenv/project.columbiatransportation.com/air/3.10/lib/python3.10/site-packages/django/views/debug.py", line 411, in get_traceback_data
    c["raising_view_name"] = get_caller(self.request)
  File "/home/hightech/virtualenv/project.columbiatransportation.com/air/3.10/lib/python3.10/site-packages/django/views/debug.py", line 102, in get_caller
    resolver_match = resolve(request.path)
  File "/home/hightech/virtualenv/project.columbiatransportation.com/air/3.10/lib/python3.10/site-packages/django/urls/base.py", line 25, in resolve
    return get_resolver(urlconf).resolve(path)
  File "/home/hightech/virtualenv/project.columbiatransportation.com/air/3.10/lib/python3.10/site-packages/django/urls/resolvers.py", line 666, in resolve
    for pattern in self.url_patterns:
  File "/home/hightech/virtualenv/project.columbiatransportation.com/air/3.10/lib/python3.10/site-packages/django/utils/functional.py", line 47, in __get__
    res = instance.__dict__[self.name] = self.func(instance)
  File "/home/hightech/virtualenv/project.columbiatransportation.com/air/3.10/lib/python3.10/site-packages/django/urls/resolvers.py", line 718, in url_patterns
    patterns = getattr(self.urlconf_module, "urlpatterns", self.urlconf_module)
  File "/home/hightech/virtualenv/project.columbiatransportation.com/air/3.10/lib/python3.10/site-packages/django/utils/functional.py", line 47, in __get__
    res = instance.__dict__[self.name] = self.func(instance)
  File "/home/hightech/virtualenv/project.columbiatransportation.com/air/3.10/lib/python3.10/site-packages/django/urls/resolvers.py", line 711, in urlconf_module
    return import_module(self.urlconf_name)
  File "/opt/alt/python310/lib64/python3.10/importlib/__init__.py", line 126, in import_module
    return _bootstrap._gcd_import(name[level:], package, level)
  File "<frozen importlib._bootstrap>", line 1050, in _gcd_import
  File "<frozen importlib._bootstrap>", line 1027, in _find_and_load
  File "<frozen importlib._bootstrap>", line 1006, in _find_and_load_unlocked
  File "<frozen importlib._bootstrap>", line 688, in _load_unlocked
  File "<frozen importlib._bootstrap_external>", line 883, in exec_module
  File "<frozen importlib._bootstrap>", line 241, in _call_with_frames_removed
  File "/home/hightech/project.columbiatransportation.com/air/air/urls.py", line 24, in <module>
    path('',include('main.urls'))
  File "/home/hightech/virtualenv/project.columbiatransportation.com/air/3.10/lib/python3.10/site-packages/django/urls/conf.py", line 39, in include
    urlconf_module = import_module(urlconf_module)
  File "/opt/alt/python310/lib64/python3.10/importlib/__init__.py", line 126, in import_module
    return _bootstrap._gcd_import(name[level:], package, level)
  File "<frozen importlib._bootstrap>", line 1050, in _gcd_import
  File "<frozen importlib._bootstrap>", line 1027, in _find_and_load
  File "<frozen importlib._bootstrap>", line 1006, in _find_and_load_unlocked
  File "<frozen importlib._bootstrap>", line 688, in _load_unlocked
  File "<frozen importlib._bootstrap_external>", line 883, in exec_module
  File "<frozen importlib._bootstrap>", line 241, in _call_with_frames_removed
  File "/home/hightech/project.columbiatransportation.com/air/main/urls.py", line 20, in <module>
    path('blog/', views.blog, name='blog'),
AttributeError: module 'main.views' has no attribute 'blog'

During handling of the above exception, another exception occurred:

Traceback (most recent call last):
  File "/home/hightech/virtualenv/project.columbiatransportation.com/air/3.10/lib/python3.10/site-packages/django/core/handlers/exception.py", line 55, in inner
    response = get_response(request)
  File "/home/hightech/virtualenv/project.columbiatransportation.com/air/3.10/lib/python3.10/site-packages/django/utils/deprecation.py", line 120, in __call__
    response = response or self.get_response(request)
  File "/home/hightech/virtualenv/project.columbiatransportation.com/air/3.10/lib/python3.10/site-packages/django/core/handlers/exception.py", line 57, in inner
    response = response_for_exception(request, exc)
  File "/home/hightech/virtualenv/project.columbiatransportation.com/air/3.10/lib/python3.10/site-packages/django/core/handlers/exception.py", line 141, in response_for_exception
    response = handle_uncaught_exception(
  File "/home/hightech/virtualenv/project.columbiatransportation.com/air/3.10/lib/python3.10/site-packages/django/core/handlers/exception.py", line 182, in handle_uncaught_exception
    return debug.technical_500_response(request, *exc_info)
  File "/home/hightech/virtualenv/project.columbiatransportation.com/air/3.10/lib/python3.10/site-packages/django/views/debug.py", line 69, in technical_500_response
    html = reporter.get_traceback_html()
  File "/home/hightech/virtualenv/project.columbiatransportation.com/air/3.10/lib/python3.10/site-packages/django/views/debug.py", line 428, in get_traceback_html
    c = Context(self.get_traceback_data(), use_l10n=False)
  File "/home/hightech/virtualenv/project.columbiatransportation.com/air/3.10/lib/python3.10/site-packages/django/views/debug.py", line 411, in get_traceback_data
    c["raising_view_name"] = get_caller(self.request)
  File "/home/hightech/virtualenv/project.columbiatransportation.com/air/3.10/lib/python3.10/site-packages/django/views/debug.py", line 102, in get_caller
    resolver_match = resolve(request.path)
  File "/home/hightech/virtualenv/project.columbiatransportation.com/air/3.10/lib/python3.10/site-packages/django/urls/base.py", line 25, in resolve
    return get_resolver(urlconf).resolve(path)
  File "/home/hightech/virtualenv/project.columbiatransportation.com/air/3.10/lib/python3.10/site-packages/django/urls/resolvers.py", line 666, in resolve
    for pattern in self.url_patterns:
  File "/home/hightech/virtualenv/project.columbiatransportation.com/air/3.10/lib/python3.10/site-packages/django/utils/functional.py", line 47, in __get__
    res = instance.__dict__[self.name] = self.func(instance)
  File "/home/hightech/virtualenv/project.columbiatransportation.com/air/3.10/lib/python3.10/site-packages/django/urls/resolvers.py", line 718, in url_patterns
    patterns = getattr(self.urlconf_module, "urlpatterns", self.urlconf_module)
  File "/home/hightech/virtualenv/project.columbiatransportation.com/air/3.10/lib/python3.10/site-packages/django/utils/functional.py", line 47, in __get__
    res = instance.__dict__[self.name] = self.func(instance)
  File "/home/hightech/virtualenv/project.columbiatransportation.com/air/3.10/lib/python3.10/site-packages/django/urls/resolvers.py", line 711, in urlconf_module
    return import_module(self.urlconf_name)
  File "/opt/alt/python310/lib64/python3.10/importlib/__init__.py", line 126, in import_module
    return _bootstrap._gcd_import(name[level:], package, level)
  File "<frozen importlib._bootstrap>", line 1050, in _gcd_import
  File "<frozen importlib._bootstrap>", line 1027, in _find_and_load
  File "<frozen importlib._bootstrap>", line 1006, in _find_and_load_unlocked
  File "<frozen importlib._bootstrap>", line 688, in _load_unlocked
  File "<frozen importlib._bootstrap_external>", line 883, in exec_module
  File "<frozen importlib._bootstrap>", line 241, in _call_with_frames_removed
  File "/home/hightech/project.columbiatransportation.com/air/air/urls.py", line 24, in <module>
    path('',include('main.urls'))
  File "/home/hightech/virtualenv/project.columbiatransportation.com/air/3.10/lib/python3.10/site-packages/django/urls/conf.py", line 39, in include
    urlconf_module = import_module(urlconf_module)
  File "/opt/alt/python310/lib64/python3.10/importlib/__init__.py", line 126, in import_module
    return _bootstrap._gcd_import(name[level:], package, level)
  File "<frozen importlib._bootstrap>", line 1050, in _gcd_import
  File "<frozen importlib._bootstrap>", line 1027, in _find_and_load
  File "<frozen importlib._bootstrap>", line 1006, in _find_and_load_unlocked
  File "<frozen importlib._bootstrap>", line 688, in _load_unlocked
  File "<frozen importlib._bootstrap_external>", line 883, in exec_module
  File "<frozen importlib._bootstrap>", line 241, in _call_with_frames_removed
  File "/home/hightech/project.columbiatransportation.com/air/main/urls.py", line 20, in <module>
    path('blog/', views.blog, name='blog'),
AttributeError: module 'main.views' has no attribute 'blog'

During handling of the above exception, another exception occurred:

Traceback (most recent call last):
  File "/home/hightech/virtualenv/project.columbiatransportation.com/air/3.10/lib/python3.10/site-packages/django/core/handlers/exception.py", line 55, in inner
    response = get_response(request)
  File "/home/hightech/virtualenv/project.columbiatransportation.com/air/3.10/lib/python3.10/site-packages/django/utils/deprecation.py", line 120, in __call__
    response = response or self.get_response(request)
  File "/home/hightech/virtualenv/project.columbiatransportation.com/air/3.10/lib/python3.10/site-packages/django/core/handlers/exception.py", line 57, in inner
    response = response_for_exception(request, exc)
  File "/home/hightech/virtualenv/project.columbiatransportation.com/air/3.10/lib/python3.10/site-packages/django/core/handlers/exception.py", line 141, in response_for_exception
    response = handle_uncaught_exception(
  File "/home/hightech/virtualenv/project.columbiatransportation.com/air/3.10/lib/python3.10/site-packages/django/core/handlers/exception.py", line 182, in handle_uncaught_exception
    return debug.technical_500_response(request, *exc_info)
  File "/home/hightech/virtualenv/project.columbiatransportation.com/air/3.10/lib/python3.10/site-packages/django/views/debug.py", line 69, in technical_500_response
    html = reporter.get_traceback_html()
  File "/home/hightech/virtualenv/project.columbiatransportation.com/air/3.10/lib/python3.10/site-packages/django/views/debug.py", line 428, in get_traceback_html
    c = Context(self.get_traceback_data(), use_l10n=False)
  File "/home/hightech/virtualenv/project.columbiatransportation.com/air/3.10/lib/python3.10/site-packages/django/views/debug.py", line 411, in get_traceback_data
    c["raising_view_name"] = get_caller(self.request)
  File "/home/hightech/virtualenv/project.columbiatransportation.com/air/3.10/lib/python3.10/site-packages/django/views/debug.py", line 102, in get_caller
    resolver_match = resolve(request.path)
  File "/home/hightech/virtualenv/project.columbiatransportation.com/air/3.10/lib/python3.10/site-packages/django/urls/base.py", line 25, in resolve
    return get_resolver(urlconf).resolve(path)
  File "/home/hightech/virtualenv/project.columbiatransportation.com/air/3.10/lib/python3.10/site-packages/django/urls/resolvers.py", line 666, in resolve
    for pattern in self.url_patterns:
  File "/home/hightech/virtualenv/project.columbiatransportation.com/air/3.10/lib/python3.10/site-packages/django/utils/functional.py", line 47, in __get__
    res = instance.__dict__[self.name] = self.func(instance)
  File "/home/hightech/virtualenv/project.columbiatransportation.com/air/3.10/lib/python3.10/site-packages/django/urls/resolvers.py", line 718, in url_patterns
    patterns = getattr(self.urlconf_module, "urlpatterns", self.urlconf_module)
  File "/home/hightech/virtualenv/project.columbiatransportation.com/air/3.10/lib/python3.10/site-packages/django/utils/functional.py", line 47, in __get__
    res = instance.__dict__[self.name] = self.func(instance)
  File "/home/hightech/virtualenv/project.columbiatransportation.com/air/3.10/lib/python3.10/site-packages/django/urls/resolvers.py", line 711, in urlconf_module
    return import_module(self.urlconf_name)
  File "/opt/alt/python310/lib64/python3.10/importlib/__init__.py", line 126, in import_module
    return _bootstrap._gcd_import(name[level:], package, level)
  File "<frozen importlib._bootstrap>", line 1050, in _gcd_import
  File "<frozen importlib._bootstrap>", line 1027, in _find_and_load
  File "<frozen importlib._bootstrap>", line 1006, in _find_and_load_unlocked
  File "<frozen importlib._bootstrap>", line 688, in _load_unlocked
  File "<frozen importlib._bootstrap_external>", line 883, in exec_module
  File "<frozen importlib._bootstrap>", line 241, in _call_with_frames_removed
  File "/home/hightech/project.columbiatransportation.com/air/air/urls.py", line 24, in <module>
    path('',include('main.urls'))
  File "/home/hightech/virtualenv/project.columbiatransportation.com/air/3.10/lib/python3.10/site-packages/django/urls/conf.py", line 39, in include
    urlconf_module = import_module(urlconf_module)
  File "/opt/alt/python310/lib64/python3.10/importlib/__init__.py", line 126, in import_module
    return _bootstrap._gcd_import(name[level:], package, level)
  File "<frozen importlib._bootstrap>", line 1050, in _gcd_import
  File "<frozen importlib._bootstrap>", line 1027, in _find_and_load
  File "<frozen importlib._bootstrap>", line 1006, in _find_and_load_unlocked
  File "<frozen importlib._bootstrap>", line 688, in _load_unlocked
  File "<frozen importlib._bootstrap_external>", line 883, in exec_module
  File "<frozen importlib._bootstrap>", line 241, in _call_with_frames_removed
  File "/home/hightech/project.columbiatransportation.com/air/main/urls.py", line 20, in <module>
    path('blog/', views.blog, name='blog'),
AttributeError: module 'main.views' has no attribute 'blog'

During handling of the above exception, another exception occurred:

Traceback (most recent call last):
  File "/home/hightech/virtualenv/project.columbiatransportation.com/air/3.10/lib/python3.10/site-packages/django/core/handlers/exception.py", line 55, in inner
    response = get_response(request)
  File "/home/hightech/virtualenv/project.columbiatransportation.com/air/3.10/lib/python3.10/site-packages/django/utils/deprecation.py", line 120, in __call__
    response = response or self.get_response(request)
  File "/home/hightech/virtualenv/project.columbiatransportation.com/air/3.10/lib/python3.10/site-packages/django/core/handlers/exception.py", line 57, in inner
    response = response_for_exception(request, exc)
  File "/home/hightech/virtualenv/project.columbiatransportation.com/air/3.10/lib/python3.10/site-packages/django/core/handlers/exception.py", line 141, in response_for_exception
    response = handle_uncaught_exception(
  File "/home/hightech/virtualenv/project.columbiatransportation.com/air/3.10/lib/python3.10/site-packages/django/core/handlers/exception.py", line 182, in handle_uncaught_exception
    return debug.technical_500_response(request, *exc_info)
  File "/home/hightech/virtualenv/project.columbiatransportation.com/air/3.10/lib/python3.10/site-packages/django/views/debug.py", line 69, in technical_500_response
    html = reporter.get_traceback_html()
  File "/home/hightech/virtualenv/project.columbiatransportation.com/air/3.10/lib/python3.10/site-packages/django/views/debug.py", line 428, in get_traceback_html
    c = Context(self.get_traceback_data(), use_l10n=False)
  File "/home/hightech/virtualenv/project.columbiatransportation.com/air/3.10/lib/python3.10/site-packages/django/views/debug.py", line 411, in get_traceback_data
    c["raising_view_name"] = get_caller(self.request)
  File "/home/hightech/virtualenv/project.columbiatransportation.com/air/3.10/lib/python3.10/site-packages/django/views/debug.py", line 102, in get_caller
    resolver_match = resolve(request.path)
  File "/home/hightech/virtualenv/project.columbiatransportation.com/air/3.10/lib/python3.10/site-packages/django/urls/base.py", line 25, in resolve
    return get_resolver(urlconf).resolve(path)
  File "/home/hightech/virtualenv/project.columbiatransportation.com/air/3.10/lib/python3.10/site-packages/django/urls/resolvers.py", line 666, in resolve
    for pattern in self.url_patterns:
  File "/home/hightech/virtualenv/project.columbiatransportation.com/air/3.10/lib/python3.10/site-packages/django/utils/functional.py", line 47, in __get__
    res = instance.__dict__[self.name] = self.func(instance)
  File "/home/hightech/virtualenv/project.columbiatransportation.com/air/3.10/lib/python3.10/site-packages/django/urls/resolvers.py", line 718, in url_patterns
    patterns = getattr(self.urlconf_module, "urlpatterns", self.urlconf_module)
  File "/home/hightech/virtualenv/project.columbiatransportation.com/air/3.10/lib/python3.10/site-packages/django/utils/functional.py", line 47, in __get__
    res = instance.__dict__[self.name] = self.func(instance)
  File "/home/hightech/virtualenv/project.columbiatransportation.com/air/3.10/lib/python3.10/site-packages/django/urls/resolvers.py", line 711, in urlconf_module
    return import_module(self.urlconf_name)
  File "/opt/alt/python310/lib64/python3.10/importlib/__init__.py", line 126, in import_module
    return _bootstrap._gcd_import(name[level:], package, level)
  File "<frozen importlib._bootstrap>", line 1050, in _gcd_import
  File "<frozen importlib._bootstrap>", line 1027, in _find_and_load
  File "<frozen importlib._bootstrap>", line 1006, in _find_and_load_unlocked
  File "<frozen importlib._bootstrap>", line 688, in _load_unlocked
  File "<frozen importlib._bootstrap_external>", line 883, in exec_module
  File "<frozen importlib._bootstrap>", line 241, in _call_with_frames_removed
  File "/home/hightech/project.columbiatransportation.com/air/air/urls.py", line 24, in <module>
    path('',include('main.urls'))
  File "/home/hightech/virtualenv/project.columbiatransportation.com/air/3.10/lib/python3.10/site-packages/django/urls/conf.py", line 39, in include
    urlconf_module = import_module(urlconf_module)
  File "/opt/alt/python310/lib64/python3.10/importlib/__init__.py", line 126, in import_module
    return _bootstrap._gcd_import(name[level:], package, level)
  File "<frozen importlib._bootstrap>", line 1050, in _gcd_import
  File "<frozen importlib._bootstrap>", line 1027, in _find_and_load
  File "<frozen importlib._bootstrap>", line 1006, in _find_and_load_unlocked
  File "<frozen importlib._bootstrap>", line 688, in _load_unlocked
  File "<frozen importlib._bootstrap_external>", line 883, in exec_module
  File "<frozen importlib._bootstrap>", line 241, in _call_with_frames_removed
  File "/home/hightech/project.columbiatransportation.com/air/main/urls.py", line 20, in <module>
    path('blog/', views.blog, name='blog'),
AttributeError: module 'main.views' has no attribute 'blog'

During handling of the above exception, another exception occurred:

Traceback (most recent call last):
  File "/home/hightech/virtualenv/project.columbiatransportation.com/air/3.10/lib/python3.10/site-packages/django/core/handlers/wsgi.py", line 124, in __call__
    response = self.get_response(request)
  File "/home/hightech/virtualenv/project.columbiatransportation.com/air/3.10/lib/python3.10/site-packages/django/core/handlers/base.py", line 140, in get_response
    response = self._middleware_chain(request)
  File "/home/hightech/virtualenv/project.columbiatransportation.com/air/3.10/lib/python3.10/site-packages/django/core/handlers/exception.py", line 57, in inner
    response = response_for_exception(request, exc)
  File "/home/hightech/virtualenv/project.columbiatransportation.com/air/3.10/lib/python3.10/site-packages/django/core/handlers/exception.py", line 141, in response_for_exception
    response = handle_uncaught_exception(
  File "/home/hightech/virtualenv/project.columbiatransportation.com/air/3.10/lib/python3.10/site-packages/django/core/handlers/exception.py", line 182, in handle_uncaught_exception
    return debug.technical_500_response(request, *exc_info)
  File "/home/hightech/virtualenv/project.columbiatransportation.com/air/3.10/lib/python3.10/site-packages/django/views/debug.py", line 69, in technical_500_response
    html = reporter.get_traceback_html()
  File "/home/hightech/virtualenv/project.columbiatransportation.com/air/3.10/lib/python3.10/site-packages/django/views/debug.py", line 428, in get_traceback_html
    c = Context(self.get_traceback_data(), use_l10n=False)
  File "/home/hightech/virtualenv/project.columbiatransportation.com/air/3.10/lib/python3.10/site-packages/django/views/debug.py", line 411, in get_traceback_data
    c["raising_view_name"] = get_caller(self.request)
  File "/home/hightech/virtualenv/project.columbiatransportation.com/air/3.10/lib/python3.10/site-packages/django/views/debug.py", line 102, in get_caller
    resolver_match = resolve(request.path)
  File "/home/hightech/virtualenv/project.columbiatransportation.com/air/3.10/lib/python3.10/site-packages/django/urls/base.py", line 25, in resolve
    return get_resolver(urlconf).resolve(path)
  File "/home/hightech/virtualenv/project.columbiatransportation.com/air/3.10/lib/python3.10/site-packages/django/urls/resolvers.py", line 666, in resolve
    for pattern in self.url_patterns:
  File "/home/hightech/virtualenv/project.columbiatransportation.com/air/3.10/lib/python3.10/site-packages/django/utils/functional.py", line 47, in __get__
    res = instance.__dict__[self.name] = self.func(instance)
  File "/home/hightech/virtualenv/project.columbiatransportation.com/air/3.10/lib/python3.10/site-packages/django/urls/resolvers.py", line 718, in url_patterns
    patterns = getattr(self.urlconf_module, "urlpatterns", self.urlconf_module)
  File "/home/hightech/virtualenv/project.columbiatransportation.com/air/3.10/lib/python3.10/site-packages/django/utils/functional.py", line 47, in __get__
    res = instance.__dict__[self.name] = self.func(instance)
  File "/home/hightech/virtualenv/project.columbiatransportation.com/air/3.10/lib/python3.10/site-packages/django/urls/resolvers.py", line 711, in urlconf_module
    return import_module(self.urlconf_name)
  File "/opt/alt/python310/lib64/python3.10/importlib/__init__.py", line 126, in import_module
    return _bootstrap._gcd_import(name[level:], package, level)
  File "<frozen importlib._bootstrap>", line 1050, in _gcd_import
  File "<frozen importlib._bootstrap>", line 1027, in _find_and_load
  File "<frozen importlib._bootstrap>", line 1006, in _find_and_load_unlocked
  File "<frozen importlib._bootstrap>", line 688, in _load_unlocked
  File "<frozen importlib._bootstrap_external>", line 883, in exec_module
  File "<frozen importlib._bootstrap>", line 241, in _call_with_frames_removed
  File "/home/hightech/project.columbiatransportation.com/air/air/urls.py", line 24, in <module>
    path('',include('main.urls'))
  File "/home/hightech/virtualenv/project.columbiatransportation.com/air/3.10/lib/python3.10/site-packages/django/urls/conf.py", line 39, in include
    urlconf_module = import_module(urlconf_module)
  File "/opt/alt/python310/lib64/python3.10/importlib/__init__.py", line 126, in import_module
    return _bootstrap._gcd_import(name[level:], package, level)
  File "<frozen importlib._bootstrap>", line 1050, in _gcd_import
  File "<frozen importlib._bootstrap>", line 1027, in _find_and_load
  File "<frozen importlib._bootstrap>", line 1006, in _find_and_load_unlocked
  File "<frozen importlib._bootstrap>", line 688, in _load_unlocked
  File "<frozen importlib._bootstrap_external>", line 883, in exec_module
  File "<frozen importlib._bootstrap>", line 241, in _call_with_frames_removed
  File "/home/hightech/project.columbiatransportation.com/air/main/urls.py", line 20, in <module>
    path('blog/', views.blog, name='blog'),
AttributeError: module 'main.views' has no attribute 'blog'
Not Found: /static/img/he.jpeg
Not Found: /favicon.ico
Not Found: /static/img/he.jpeg
Not Found: /favicon.ico
Not Found: /static/css/contact.css
Not Found: /static/css/contact.css
Not Found: /static/css/contact.css
Not Found: /static/css/contact.css
Not Found: /static/css/contact.css
Email Error: "to" argument must be a list or tuple
Email Error: "to" argument must be a list or tuple
Not Found: /favicon.ico
Not Found: /static/css/contact.css
Email Error: "to" argument must be a list or tuple
Not Found: /static/css/contact.css
Not Found: /favicon.ico
Not Found: /static/css/contact.css
Not Found: /static/img/he.jpeg
[ERROR] [UID:1788][49499] wsgiAppHandler pApp->start_response() return NULL.
Traceback (most recent call last):
  File "/home/hightech/virtualenv/project.columbiatransportation.com/air/3.10/lib/python3.10/site-packages/django/core/handlers/exception.py", line 55, in inner
    response = get_response(request)
  File "/home/hightech/virtualenv/project.columbiatransportation.com/air/3.10/lib/python3.10/site-packages/django/core/handlers/base.py", line 181, in _get_response
    callback, callback_args, callback_kwargs = self.resolve_request(request)
  File "/home/hightech/virtualenv/project.columbiatransportation.com/air/3.10/lib/python3.10/site-packages/django/core/handlers/base.py", line 313, in resolve_request
    resolver_match = resolver.resolve(request.path_info)
  File "/home/hightech/virtualenv/project.columbiatransportation.com/air/3.10/lib/python3.10/site-packages/django/urls/resolvers.py", line 666, in resolve
    for pattern in self.url_patterns:
  File "/home/hightech/virtualenv/project.columbiatransportation.com/air/3.10/lib/python3.10/site-packages/django/utils/functional.py", line 47, in __get__
    res = instance.__dict__[self.name] = self.func(instance)
  File "/home/hightech/virtualenv/project.columbiatransportation.com/air/3.10/lib/python3.10/site-packages/django/urls/resolvers.py", line 718, in url_patterns
    patterns = getattr(self.urlconf_module, "urlpatterns", self.urlconf_module)
  File "/home/hightech/virtualenv/project.columbiatransportation.com/air/3.10/lib/python3.10/site-packages/django/utils/functional.py", line 47, in __get__
    res = instance.__dict__[self.name] = self.func(instance)
  File "/home/hightech/virtualenv/project.columbiatransportation.com/air/3.10/lib/python3.10/site-packages/django/urls/resolvers.py", line 711, in urlconf_module
    return import_module(self.urlconf_name)
  File "/opt/alt/python310/lib64/python3.10/importlib/__init__.py", line 126, in import_module
    return _bootstrap._gcd_import(name[level:], package, level)
  File "<frozen importlib._bootstrap>", line 1050, in _gcd_import
  File "<frozen importlib._bootstrap>", line 1027, in _find_and_load
  File "<frozen importlib._bootstrap>", line 1006, in _find_and_load_unlocked
  File "<frozen importlib._bootstrap>", line 688, in _load_unlocked
  File "<frozen importlib._bootstrap_external>", line 883, in exec_module
  File "<frozen importlib._bootstrap>", line 241, in _call_with_frames_removed
  File "/home/hightech/project.columbiatransportation.com/air/air/urls.py", line 24, in <module>
    path('',include('main.urls'))
  File "/home/hightech/virtualenv/project.columbiatransportation.com/air/3.10/lib/python3.10/site-packages/django/urls/conf.py", line 39, in include
    urlconf_module = import_module(urlconf_module)
  File "/opt/alt/python310/lib64/python3.10/importlib/__init__.py", line 126, in import_module
    return _bootstrap._gcd_import(name[level:], package, level)
  File "<frozen importlib._bootstrap>", line 1050, in _gcd_import
  File "<frozen importlib._bootstrap>", line 1027, in _find_and_load
  File "<frozen importlib._bootstrap>", line 1006, in _find_and_load_unlocked
  File "<frozen importlib._bootstrap>", line 688, in _load_unlocked
  File "<frozen importlib._bootstrap_external>", line 883, in exec_module
  File "<frozen importlib._bootstrap>", line 241, in _call_with_frames_removed
  File "/home/hightech/project.columbiatransportation.com/air/main/urls.py", line 2, in <module>
    from .views import index
  File "/home/hightech/project.columbiatransportation.com/air/main/views.py", line 5, in <module>
    from .forms import InquiryForm, ContactForm, ScheduleContactForm
ImportError: cannot import name 'ScheduleContactForm' from 'main.forms' (/home/hightech/project.columbiatransportation.com/air/main/forms.py)

During handling of the above exception, another exception occurred:

Traceback (most recent call last):
  File "/home/hightech/virtualenv/project.columbiatransportation.com/air/3.10/lib/python3.10/site-packages/django/core/handlers/exception.py", line 55, in inner
    response = get_response(request)
  File "/home/hightech/virtualenv/project.columbiatransportation.com/air/3.10/lib/python3.10/site-packages/django/utils/deprecation.py", line 120, in __call__
    response = response or self.get_response(request)
  File "/home/hightech/virtualenv/project.columbiatransportation.com/air/3.10/lib/python3.10/site-packages/django/core/handlers/exception.py", line 57, in inner
    response = response_for_exception(request, exc)
  File "/home/hightech/virtualenv/project.columbiatransportation.com/air/3.10/lib/python3.10/site-packages/django/core/handlers/exception.py", line 141, in response_for_exception
    response = handle_uncaught_exception(
  File "/home/hightech/virtualenv/project.columbiatransportation.com/air/3.10/lib/python3.10/site-packages/django/core/handlers/exception.py", line 182, in handle_uncaught_exception
    return debug.technical_500_response(request, *exc_info)
  File "/home/hightech/virtualenv/project.columbiatransportation.com/air/3.10/lib/python3.10/site-packages/django/views/debug.py", line 69, in technical_500_response
    html = reporter.get_traceback_html()
  File "/home/hightech/virtualenv/project.columbiatransportation.com/air/3.10/lib/python3.10/site-packages/django/views/debug.py", line 428, in get_traceback_html
    c = Context(self.get_traceback_data(), use_l10n=False)
  File "/home/hightech/virtualenv/project.columbiatransportation.com/air/3.10/lib/python3.10/site-packages/django/views/debug.py", line 411, in get_traceback_data
    c["raising_view_name"] = get_caller(self.request)
  File "/home/hightech/virtualenv/project.columbiatransportation.com/air/3.10/lib/python3.10/site-packages/django/views/debug.py", line 102, in get_caller
    resolver_match = resolve(request.path)
  File "/home/hightech/virtualenv/project.columbiatransportation.com/air/3.10/lib/python3.10/site-packages/django/urls/base.py", line 25, in resolve
    return get_resolver(urlconf).resolve(path)
  File "/home/hightech/virtualenv/project.columbiatransportation.com/air/3.10/lib/python3.10/site-packages/django/urls/resolvers.py", line 666, in resolve
    for pattern in self.url_patterns:
  File "/home/hightech/virtualenv/project.columbiatransportation.com/air/3.10/lib/python3.10/site-packages/django/utils/functional.py", line 47, in __get__
    res = instance.__dict__[self.name] = self.func(instance)
  File "/home/hightech/virtualenv/project.columbiatransportation.com/air/3.10/lib/python3.10/site-packages/django/urls/resolvers.py", line 718, in url_patterns
    patterns = getattr(self.urlconf_module, "urlpatterns", self.urlconf_module)
  File "/home/hightech/virtualenv/project.columbiatransportation.com/air/3.10/lib/python3.10/site-packages/django/utils/functional.py", line 47, in __get__
    res = instance.__dict__[self.name] = self.func(instance)
  File "/home/hightech/virtualenv/project.columbiatransportation.com/air/3.10/lib/python3.10/site-packages/django/urls/resolvers.py", line 711, in urlconf_module
    return import_module(self.urlconf_name)
  File "/opt/alt/python310/lib64/python3.10/importlib/__init__.py", line 126, in import_module
    return _bootstrap._gcd_import(name[level:], package, level)
  File "<frozen importlib._bootstrap>", line 1050, in _gcd_import
  File "<frozen importlib._bootstrap>", line 1027, in _find_and_load
  File "<frozen importlib._bootstrap>", line 1006, in _find_and_load_unlocked
  File "<frozen importlib._bootstrap>", line 688, in _load_unlocked
  File "<frozen importlib._bootstrap_external>", line 883, in exec_module
  File "<frozen importlib._bootstrap>", line 241, in _call_with_frames_removed
  File "/home/hightech/project.columbiatransportation.com/air/air/urls.py", line 24, in <module>
    path('',include('main.urls'))
  File "/home/hightech/virtualenv/project.columbiatransportation.com/air/3.10/lib/python3.10/site-packages/django/urls/conf.py", line 39, in include
    urlconf_module = import_module(urlconf_module)
  File "/opt/alt/python310/lib64/python3.10/importlib/__init__.py", line 126, in import_module
    return _bootstrap._gcd_import(name[level:], package, level)
  File "<frozen importlib._bootstrap>", line 1050, in _gcd_import
  File "<frozen importlib._bootstrap>", line 1027, in _find_and_load
  File "<frozen importlib._bootstrap>", line 1006, in _find_and_load_unlocked
  File "<frozen importlib._bootstrap>", line 688, in _load_unlocked
  File "<frozen importlib._bootstrap_external>", line 883, in exec_module
  File "<frozen importlib._bootstrap>", line 241, in _call_with_frames_removed
  File "/home/hightech/project.columbiatransportation.com/air/main/urls.py", line 2, in <module>
    from .views import index
  File "/home/hightech/project.columbiatransportation.com/air/main/views.py", line 5, in <module>
    from .forms import InquiryForm, ContactForm, ScheduleContactForm
ImportError: cannot import name 'ScheduleContactForm' from 'main.forms' (/home/hightech/project.columbiatransportation.com/air/main/forms.py)

During handling of the above exception, another exception occurred:

Traceback (most recent call last):
  File "/home/hightech/virtualenv/project.columbiatransportation.com/air/3.10/lib/python3.10/site-packages/django/core/handlers/exception.py", line 55, in inner
    response = get_response(request)
  File "/home/hightech/virtualenv/project.columbiatransportation.com/air/3.10/lib/python3.10/site-packages/django/utils/deprecation.py", line 120, in __call__
    response = response or self.get_response(request)
  File "/home/hightech/virtualenv/project.columbiatransportation.com/air/3.10/lib/python3.10/site-packages/django/core/handlers/exception.py", line 57, in inner
    response = response_for_exception(request, exc)
  File "/home/hightech/virtualenv/project.columbiatransportation.com/air/3.10/lib/python3.10/site-packages/django/core/handlers/exception.py", line 141, in response_for_exception
    response = handle_uncaught_exception(
  File "/home/hightech/virtualenv/project.columbiatransportation.com/air/3.10/lib/python3.10/site-packages/django/core/handlers/exception.py", line 182, in handle_uncaught_exception
    return debug.technical_500_response(request, *exc_info)
  File "/home/hightech/virtualenv/project.columbiatransportation.com/air/3.10/lib/python3.10/site-packages/django/views/debug.py", line 69, in technical_500_response
    html = reporter.get_traceback_html()
  File "/home/hightech/virtualenv/project.columbiatransportation.com/air/3.10/lib/python3.10/site-packages/django/views/debug.py", line 428, in get_traceback_html
    c = Context(self.get_traceback_data(), use_l10n=False)
  File "/home/hightech/virtualenv/project.columbiatransportation.com/air/3.10/lib/python3.10/site-packages/django/views/debug.py", line 411, in get_traceback_data
    c["raising_view_name"] = get_caller(self.request)
  File "/home/hightech/virtualenv/project.columbiatransportation.com/air/3.10/lib/python3.10/site-packages/django/views/debug.py", line 102, in get_caller
    resolver_match = resolve(request.path)
  File "/home/hightech/virtualenv/project.columbiatransportation.com/air/3.10/lib/python3.10/site-packages/django/urls/base.py", line 25, in resolve
    return get_resolver(urlconf).resolve(path)
  File "/home/hightech/virtualenv/project.columbiatransportation.com/air/3.10/lib/python3.10/site-packages/django/urls/resolvers.py", line 666, in resolve
    for pattern in self.url_patterns:
  File "/home/hightech/virtualenv/project.columbiatransportation.com/air/3.10/lib/python3.10/site-packages/django/utils/functional.py", line 47, in __get__
    res = instance.__dict__[self.name] = self.func(instance)
  File "/home/hightech/virtualenv/project.columbiatransportation.com/air/3.10/lib/python3.10/site-packages/django/urls/resolvers.py", line 718, in url_patterns
    patterns = getattr(self.urlconf_module, "urlpatterns", self.urlconf_module)
  File "/home/hightech/virtualenv/project.columbiatransportation.com/air/3.10/lib/python3.10/site-packages/django/utils/functional.py", line 47, in __get__
    res = instance.__dict__[self.name] = self.func(instance)
  File "/home/hightech/virtualenv/project.columbiatransportation.com/air/3.10/lib/python3.10/site-packages/django/urls/resolvers.py", line 711, in urlconf_module
    return import_module(self.urlconf_name)
  File "/opt/alt/python310/lib64/python3.10/importlib/__init__.py", line 126, in import_module
    return _bootstrap._gcd_import(name[level:], package, level)
  File "<frozen importlib._bootstrap>", line 1050, in _gcd_import
  File "<frozen importlib._bootstrap>", line 1027, in _find_and_load
  File "<frozen importlib._bootstrap>", line 1006, in _find_and_load_unlocked
  File "<frozen importlib._bootstrap>", line 688, in _load_unlocked
  File "<frozen importlib._bootstrap_external>", line 883, in exec_module
  File "<frozen importlib._bootstrap>", line 241, in _call_with_frames_removed
  File "/home/hightech/project.columbiatransportation.com/air/air/urls.py", line 24, in <module>
    path('',include('main.urls'))
  File "/home/hightech/virtualenv/project.columbiatransportation.com/air/3.10/lib/python3.10/site-packages/django/urls/conf.py", line 39, in include
    urlconf_module = import_module(urlconf_module)
  File "/opt/alt/python310/lib64/python3.10/importlib/__init__.py", line 126, in import_module
    return _bootstrap._gcd_import(name[level:], package, level)
  File "<frozen importlib._bootstrap>", line 1050, in _gcd_import
  File "<frozen importlib._bootstrap>", line 1027, in _find_and_load
  File "<frozen importlib._bootstrap>", line 1006, in _find_and_load_unlocked
  File "<frozen importlib._bootstrap>", line 688, in _load_unlocked
  File "<frozen importlib._bootstrap_external>", line 883, in exec_module
  File "<frozen importlib._bootstrap>", line 241, in _call_with_frames_removed
  File "/home/hightech/project.columbiatransportation.com/air/main/urls.py", line 2, in <module>
    from .views import index
  File "/home/hightech/project.columbiatransportation.com/air/main/views.py", line 5, in <module>
    from .forms import InquiryForm, ContactForm, ScheduleContactForm
ImportError: cannot import name 'ScheduleContactForm' from 'main.forms' (/home/hightech/project.columbiatransportation.com/air/main/forms.py)

During handling of the above exception, another exception occurred:

Traceback (most recent call last):
  File "/home/hightech/virtualenv/project.columbiatransportation.com/air/3.10/lib/python3.10/site-packages/django/core/handlers/exception.py", line 55, in inner
    response = get_response(request)
  File "/home/hightech/virtualenv/project.columbiatransportation.com/air/3.10/lib/python3.10/site-packages/django/utils/deprecation.py", line 120, in __call__
    response = response or self.get_response(request)
  File "/home/hightech/virtualenv/project.columbiatransportation.com/air/3.10/lib/python3.10/site-packages/django/core/handlers/exception.py", line 57, in inner
    response = response_for_exception(request, exc)
  File "/home/hightech/virtualenv/project.columbiatransportation.com/air/3.10/lib/python3.10/site-packages/django/core/handlers/exception.py", line 141, in response_for_exception
    response = handle_uncaught_exception(
  File "/home/hightech/virtualenv/project.columbiatransportation.com/air/3.10/lib/python3.10/site-packages/django/core/handlers/exception.py", line 182, in handle_uncaught_exception
    return debug.technical_500_response(request, *exc_info)
  File "/home/hightech/virtualenv/project.columbiatransportation.com/air/3.10/lib/python3.10/site-packages/django/views/debug.py", line 69, in technical_500_response
    html = reporter.get_traceback_html()
  File "/home/hightech/virtualenv/project.columbiatransportation.com/air/3.10/lib/python3.10/site-packages/django/views/debug.py", line 428, in get_traceback_html
    c = Context(self.get_traceback_data(), use_l10n=False)
  File "/home/hightech/virtualenv/project.columbiatransportation.com/air/3.10/lib/python3.10/site-packages/django/views/debug.py", line 411, in get_traceback_data
    c["raising_view_name"] = get_caller(self.request)
  File "/home/hightech/virtualenv/project.columbiatransportation.com/air/3.10/lib/python3.10/site-packages/django/views/debug.py", line 102, in get_caller
    resolver_match = resolve(request.path)
  File "/home/hightech/virtualenv/project.columbiatransportation.com/air/3.10/lib/python3.10/site-packages/django/urls/base.py", line 25, in resolve
    return get_resolver(urlconf).resolve(path)
  File "/home/hightech/virtualenv/project.columbiatransportation.com/air/3.10/lib/python3.10/site-packages/django/urls/resolvers.py", line 666, in resolve
    for pattern in self.url_patterns:
  File "/home/hightech/virtualenv/project.columbiatransportation.com/air/3.10/lib/python3.10/site-packages/django/utils/functional.py", line 47, in __get__
    res = instance.__dict__[self.name] = self.func(instance)
  File "/home/hightech/virtualenv/project.columbiatransportation.com/air/3.10/lib/python3.10/site-packages/django/urls/resolvers.py", line 718, in url_patterns
    patterns = getattr(self.urlconf_module, "urlpatterns", self.urlconf_module)
  File "/home/hightech/virtualenv/project.columbiatransportation.com/air/3.10/lib/python3.10/site-packages/django/utils/functional.py", line 47, in __get__
    res = instance.__dict__[self.name] = self.func(instance)
  File "/home/hightech/virtualenv/project.columbiatransportation.com/air/3.10/lib/python3.10/site-packages/django/urls/resolvers.py", line 711, in urlconf_module
    return import_module(self.urlconf_name)
  File "/opt/alt/python310/lib64/python3.10/importlib/__init__.py", line 126, in import_module
    return _bootstrap._gcd_import(name[level:], package, level)
  File "<frozen importlib._bootstrap>", line 1050, in _gcd_import
  File "<frozen importlib._bootstrap>", line 1027, in _find_and_load
  File "<frozen importlib._bootstrap>", line 1006, in _find_and_load_unlocked
  File "<frozen importlib._bootstrap>", line 688, in _load_unlocked
  File "<frozen importlib._bootstrap_external>", line 883, in exec_module
  File "<frozen importlib._bootstrap>", line 241, in _call_with_frames_removed
  File "/home/hightech/project.columbiatransportation.com/air/air/urls.py", line 24, in <module>
    path('',include('main.urls'))
  File "/home/hightech/virtualenv/project.columbiatransportation.com/air/3.10/lib/python3.10/site-packages/django/urls/conf.py", line 39, in include
    urlconf_module = import_module(urlconf_module)
  File "/opt/alt/python310/lib64/python3.10/importlib/__init__.py", line 126, in import_module
    return _bootstrap._gcd_import(name[level:], package, level)
  File "<frozen importlib._bootstrap>", line 1050, in _gcd_import
  File "<frozen importlib._bootstrap>", line 1027, in _find_and_load
  File "<frozen importlib._bootstrap>", line 1006, in _find_and_load_unlocked
  File "<frozen importlib._bootstrap>", line 688, in _load_unlocked
  File "<frozen importlib._bootstrap_external>", line 883, in exec_module
  File "<frozen importlib._bootstrap>", line 241, in _call_with_frames_removed
  File "/home/hightech/project.columbiatransportation.com/air/main/urls.py", line 2, in <module>
    from .views import index
  File "/home/hightech/project.columbiatransportation.com/air/main/views.py", line 5, in <module>
    from .forms import InquiryForm, ContactForm, ScheduleContactForm
ImportError: cannot import name 'ScheduleContactForm' from 'main.forms' (/home/hightech/project.columbiatransportation.com/air/main/forms.py)

During handling of the above exception, another exception occurred:

Traceback (most recent call last):
  File "/home/hightech/virtualenv/project.columbiatransportation.com/air/3.10/lib/python3.10/site-packages/django/core/handlers/exception.py", line 55, in inner
    response = get_response(request)
  File "/home/hightech/virtualenv/project.columbiatransportation.com/air/3.10/lib/python3.10/site-packages/django/utils/deprecation.py", line 120, in __call__
    response = response or self.get_response(request)
  File "/home/hightech/virtualenv/project.columbiatransportation.com/air/3.10/lib/python3.10/site-packages/django/core/handlers/exception.py", line 57, in inner
    response = response_for_exception(request, exc)
  File "/home/hightech/virtualenv/project.columbiatransportation.com/air/3.10/lib/python3.10/site-packages/django/core/handlers/exception.py", line 141, in response_for_exception
    response = handle_uncaught_exception(
  File "/home/hightech/virtualenv/project.columbiatransportation.com/air/3.10/lib/python3.10/site-packages/django/core/handlers/exception.py", line 182, in handle_uncaught_exception
    return debug.technical_500_response(request, *exc_info)
  File "/home/hightech/virtualenv/project.columbiatransportation.com/air/3.10/lib/python3.10/site-packages/django/views/debug.py", line 69, in technical_500_response
    html = reporter.get_traceback_html()
  File "/home/hightech/virtualenv/project.columbiatransportation.com/air/3.10/lib/python3.10/site-packages/django/views/debug.py", line 428, in get_traceback_html
    c = Context(self.get_traceback_data(), use_l10n=False)
  File "/home/hightech/virtualenv/project.columbiatransportation.com/air/3.10/lib/python3.10/site-packages/django/views/debug.py", line 411, in get_traceback_data
    c["raising_view_name"] = get_caller(self.request)
  File "/home/hightech/virtualenv/project.columbiatransportation.com/air/3.10/lib/python3.10/site-packages/django/views/debug.py", line 102, in get_caller
    resolver_match = resolve(request.path)
  File "/home/hightech/virtualenv/project.columbiatransportation.com/air/3.10/lib/python3.10/site-packages/django/urls/base.py", line 25, in resolve
    return get_resolver(urlconf).resolve(path)
  File "/home/hightech/virtualenv/project.columbiatransportation.com/air/3.10/lib/python3.10/site-packages/django/urls/resolvers.py", line 666, in resolve
    for pattern in self.url_patterns:
  File "/home/hightech/virtualenv/project.columbiatransportation.com/air/3.10/lib/python3.10/site-packages/django/utils/functional.py", line 47, in __get__
    res = instance.__dict__[self.name] = self.func(instance)
  File "/home/hightech/virtualenv/project.columbiatransportation.com/air/3.10/lib/python3.10/site-packages/django/urls/resolvers.py", line 718, in url_patterns
    patterns = getattr(self.urlconf_module, "urlpatterns", self.urlconf_module)
  File "/home/hightech/virtualenv/project.columbiatransportation.com/air/3.10/lib/python3.10/site-packages/django/utils/functional.py", line 47, in __get__
    res = instance.__dict__[self.name] = self.func(instance)
  File "/home/hightech/virtualenv/project.columbiatransportation.com/air/3.10/lib/python3.10/site-packages/django/urls/resolvers.py", line 711, in urlconf_module
    return import_module(self.urlconf_name)
  File "/opt/alt/python310/lib64/python3.10/importlib/__init__.py", line 126, in import_module
    return _bootstrap._gcd_import(name[level:], package, level)
  File "<frozen importlib._bootstrap>", line 1050, in _gcd_import
  File "<frozen importlib._bootstrap>", line 1027, in _find_and_load
  File "<frozen importlib._bootstrap>", line 1006, in _find_and_load_unlocked
  File "<frozen importlib._bootstrap>", line 688, in _load_unlocked
  File "<frozen importlib._bootstrap_external>", line 883, in exec_module
  File "<frozen importlib._bootstrap>", line 241, in _call_with_frames_removed
  File "/home/hightech/project.columbiatransportation.com/air/air/urls.py", line 24, in <module>
    path('',include('main.urls'))
  File "/home/hightech/virtualenv/project.columbiatransportation.com/air/3.10/lib/python3.10/site-packages/django/urls/conf.py", line 39, in include
    urlconf_module = import_module(urlconf_module)
  File "/opt/alt/python310/lib64/python3.10/importlib/__init__.py", line 126, in import_module
    return _bootstrap._gcd_import(name[level:], package, level)
  File "<frozen importlib._bootstrap>", line 1050, in _gcd_import
  File "<frozen importlib._bootstrap>", line 1027, in _find_and_load
  File "<frozen importlib._bootstrap>", line 1006, in _find_and_load_unlocked
  File "<frozen importlib._bootstrap>", line 688, in _load_unlocked
  File "<frozen importlib._bootstrap_external>", line 883, in exec_module
  File "<frozen importlib._bootstrap>", line 241, in _call_with_frames_removed
  File "/home/hightech/project.columbiatransportation.com/air/main/urls.py", line 2, in <module>
    from .views import index
  File "/home/hightech/project.columbiatransportation.com/air/main/views.py", line 5, in <module>
    from .forms import InquiryForm, ContactForm, ScheduleContactForm
ImportError: cannot import name 'ScheduleContactForm' from 'main.forms' (/home/hightech/project.columbiatransportation.com/air/main/forms.py)

During handling of the above exception, another exception occurred:

Traceback (most recent call last):
  File "/home/hightech/virtualenv/project.columbiatransportation.com/air/3.10/lib/python3.10/site-packages/django/core/handlers/exception.py", line 55, in inner
    response = get_response(request)
  File "/home/hightech/virtualenv/project.columbiatransportation.com/air/3.10/lib/python3.10/site-packages/django/utils/deprecation.py", line 120, in __call__
    response = response or self.get_response(request)
  File "/home/hightech/virtualenv/project.columbiatransportation.com/air/3.10/lib/python3.10/site-packages/django/core/handlers/exception.py", line 57, in inner
    response = response_for_exception(request, exc)
  File "/home/hightech/virtualenv/project.columbiatransportation.com/air/3.10/lib/python3.10/site-packages/django/core/handlers/exception.py", line 141, in response_for_exception
    response = handle_uncaught_exception(
  File "/home/hightech/virtualenv/project.columbiatransportation.com/air/3.10/lib/python3.10/site-packages/django/core/handlers/exception.py", line 182, in handle_uncaught_exception
    return debug.technical_500_response(request, *exc_info)
  File "/home/hightech/virtualenv/project.columbiatransportation.com/air/3.10/lib/python3.10/site-packages/django/views/debug.py", line 69, in technical_500_response
    html = reporter.get_traceback_html()
  File "/home/hightech/virtualenv/project.columbiatransportation.com/air/3.10/lib/python3.10/site-packages/django/views/debug.py", line 428, in get_traceback_html
    c = Context(self.get_traceback_data(), use_l10n=False)
  File "/home/hightech/virtualenv/project.columbiatransportation.com/air/3.10/lib/python3.10/site-packages/django/views/debug.py", line 411, in get_traceback_data
    c["raising_view_name"] = get_caller(self.request)
  File "/home/hightech/virtualenv/project.columbiatransportation.com/air/3.10/lib/python3.10/site-packages/django/views/debug.py", line 102, in get_caller
    resolver_match = resolve(request.path)
  File "/home/hightech/virtualenv/project.columbiatransportation.com/air/3.10/lib/python3.10/site-packages/django/urls/base.py", line 25, in resolve
    return get_resolver(urlconf).resolve(path)
  File "/home/hightech/virtualenv/project.columbiatransportation.com/air/3.10/lib/python3.10/site-packages/django/urls/resolvers.py", line 666, in resolve
    for pattern in self.url_patterns:
  File "/home/hightech/virtualenv/project.columbiatransportation.com/air/3.10/lib/python3.10/site-packages/django/utils/functional.py", line 47, in __get__
    res = instance.__dict__[self.name] = self.func(instance)
  File "/home/hightech/virtualenv/project.columbiatransportation.com/air/3.10/lib/python3.10/site-packages/django/urls/resolvers.py", line 718, in url_patterns
    patterns = getattr(self.urlconf_module, "urlpatterns", self.urlconf_module)
  File "/home/hightech/virtualenv/project.columbiatransportation.com/air/3.10/lib/python3.10/site-packages/django/utils/functional.py", line 47, in __get__
    res = instance.__dict__[self.name] = self.func(instance)
  File "/home/hightech/virtualenv/project.columbiatransportation.com/air/3.10/lib/python3.10/site-packages/django/urls/resolvers.py", line 711, in urlconf_module
    return import_module(self.urlconf_name)
  File "/opt/alt/python310/lib64/python3.10/importlib/__init__.py", line 126, in import_module
    return _bootstrap._gcd_import(name[level:], package, level)
  File "<frozen importlib._bootstrap>", line 1050, in _gcd_import
  File "<frozen importlib._bootstrap>", line 1027, in _find_and_load
  File "<frozen importlib._bootstrap>", line 1006, in _find_and_load_unlocked
  File "<frozen importlib._bootstrap>", line 688, in _load_unlocked
  File "<frozen importlib._bootstrap_external>", line 883, in exec_module
  File "<frozen importlib._bootstrap>", line 241, in _call_with_frames_removed
  File "/home/hightech/project.columbiatransportation.com/air/air/urls.py", line 24, in <module>
    path('',include('main.urls'))
  File "/home/hightech/virtualenv/project.columbiatransportation.com/air/3.10/lib/python3.10/site-packages/django/urls/conf.py", line 39, in include
    urlconf_module = import_module(urlconf_module)
  File "/opt/alt/python310/lib64/python3.10/importlib/__init__.py", line 126, in import_module
    return _bootstrap._gcd_import(name[level:], package, level)
  File "<frozen importlib._bootstrap>", line 1050, in _gcd_import
  File "<frozen importlib._bootstrap>", line 1027, in _find_and_load
  File "<frozen importlib._bootstrap>", line 1006, in _find_and_load_unlocked
  File "<frozen importlib._bootstrap>", line 688, in _load_unlocked
  File "<frozen importlib._bootstrap_external>", line 883, in exec_module
  File "<frozen importlib._bootstrap>", line 241, in _call_with_frames_removed
  File "/home/hightech/project.columbiatransportation.com/air/main/urls.py", line 2, in <module>
    from .views import index
  File "/home/hightech/project.columbiatransportation.com/air/main/views.py", line 5, in <module>
    from .forms import InquiryForm, ContactForm, ScheduleContactForm
ImportError: cannot import name 'ScheduleContactForm' from 'main.forms' (/home/hightech/project.columbiatransportation.com/air/main/forms.py)

During handling of the above exception, another exception occurred:

Traceback (most recent call last):
  File "/home/hightech/virtualenv/project.columbiatransportation.com/air/3.10/lib/python3.10/site-packages/django/core/handlers/exception.py", line 55, in inner
    response = get_response(request)
  File "/home/hightech/virtualenv/project.columbiatransportation.com/air/3.10/lib/python3.10/site-packages/django/utils/deprecation.py", line 120, in __call__
    response = response or self.get_response(request)
  File "/home/hightech/virtualenv/project.columbiatransportation.com/air/3.10/lib/python3.10/site-packages/django/core/handlers/exception.py", line 57, in inner
    response = response_for_exception(request, exc)
  File "/home/hightech/virtualenv/project.columbiatransportation.com/air/3.10/lib/python3.10/site-packages/django/core/handlers/exception.py", line 141, in response_for_exception
    response = handle_uncaught_exception(
  File "/home/hightech/virtualenv/project.columbiatransportation.com/air/3.10/lib/python3.10/site-packages/django/core/handlers/exception.py", line 182, in handle_uncaught_exception
    return debug.technical_500_response(request, *exc_info)
  File "/home/hightech/virtualenv/project.columbiatransportation.com/air/3.10/lib/python3.10/site-packages/django/views/debug.py", line 69, in technical_500_response
    html = reporter.get_traceback_html()
  File "/home/hightech/virtualenv/project.columbiatransportation.com/air/3.10/lib/python3.10/site-packages/django/views/debug.py", line 428, in get_traceback_html
    c = Context(self.get_traceback_data(), use_l10n=False)
  File "/home/hightech/virtualenv/project.columbiatransportation.com/air/3.10/lib/python3.10/site-packages/django/views/debug.py", line 411, in get_traceback_data
    c["raising_view_name"] = get_caller(self.request)
  File "/home/hightech/virtualenv/project.columbiatransportation.com/air/3.10/lib/python3.10/site-packages/django/views/debug.py", line 102, in get_caller
    resolver_match = resolve(request.path)
  File "/home/hightech/virtualenv/project.columbiatransportation.com/air/3.10/lib/python3.10/site-packages/django/urls/base.py", line 25, in resolve
    return get_resolver(urlconf).resolve(path)
  File "/home/hightech/virtualenv/project.columbiatransportation.com/air/3.10/lib/python3.10/site-packages/django/urls/resolvers.py", line 666, in resolve
    for pattern in self.url_patterns:
  File "/home/hightech/virtualenv/project.columbiatransportation.com/air/3.10/lib/python3.10/site-packages/django/utils/functional.py", line 47, in __get__
    res = instance.__dict__[self.name] = self.func(instance)
  File "/home/hightech/virtualenv/project.columbiatransportation.com/air/3.10/lib/python3.10/site-packages/django/urls/resolvers.py", line 718, in url_patterns
    patterns = getattr(self.urlconf_module, "urlpatterns", self.urlconf_module)
  File "/home/hightech/virtualenv/project.columbiatransportation.com/air/3.10/lib/python3.10/site-packages/django/utils/functional.py", line 47, in __get__
    res = instance.__dict__[self.name] = self.func(instance)
  File "/home/hightech/virtualenv/project.columbiatransportation.com/air/3.10/lib/python3.10/site-packages/django/urls/resolvers.py", line 711, in urlconf_module
    return import_module(self.urlconf_name)
  File "/opt/alt/python310/lib64/python3.10/importlib/__init__.py", line 126, in import_module
    return _bootstrap._gcd_import(name[level:], package, level)
  File "<frozen importlib._bootstrap>", line 1050, in _gcd_import
  File "<frozen importlib._bootstrap>", line 1027, in _find_and_load
  File "<frozen importlib._bootstrap>", line 1006, in _find_and_load_unlocked
  File "<frozen importlib._bootstrap>", line 688, in _load_unlocked
  File "<frozen importlib._bootstrap_external>", line 883, in exec_module
  File "<frozen importlib._bootstrap>", line 241, in _call_with_frames_removed
  File "/home/hightech/project.columbiatransportation.com/air/air/urls.py", line 24, in <module>
    path('',include('main.urls'))
  File "/home/hightech/virtualenv/project.columbiatransportation.com/air/3.10/lib/python3.10/site-packages/django/urls/conf.py", line 39, in include
    urlconf_module = import_module(urlconf_module)
  File "/opt/alt/python310/lib64/python3.10/importlib/__init__.py", line 126, in import_module
    return _bootstrap._gcd_import(name[level:], package, level)
  File "<frozen importlib._bootstrap>", line 1050, in _gcd_import
  File "<frozen importlib._bootstrap>", line 1027, in _find_and_load
  File "<frozen importlib._bootstrap>", line 1006, in _find_and_load_unlocked
  File "<frozen importlib._bootstrap>", line 688, in _load_unlocked
  File "<frozen importlib._bootstrap_external>", line 883, in exec_module
  File "<frozen importlib._bootstrap>", line 241, in _call_with_frames_removed
  File "/home/hightech/project.columbiatransportation.com/air/main/urls.py", line 2, in <module>
    from .views import index
  File "/home/hightech/project.columbiatransportation.com/air/main/views.py", line 5, in <module>
    from .forms import InquiryForm, ContactForm, ScheduleContactForm
ImportError: cannot import name 'ScheduleContactForm' from 'main.forms' (/home/hightech/project.columbiatransportation.com/air/main/forms.py)

During handling of the above exception, another exception occurred:

Traceback (most recent call last):
  File "/home/hightech/virtualenv/project.columbiatransportation.com/air/3.10/lib/python3.10/site-packages/django/core/handlers/exception.py", line 55, in inner
    response = get_response(request)
  File "/home/hightech/virtualenv/project.columbiatransportation.com/air/3.10/lib/python3.10/site-packages/django/utils/deprecation.py", line 120, in __call__
    response = response or self.get_response(request)
  File "/home/hightech/virtualenv/project.columbiatransportation.com/air/3.10/lib/python3.10/site-packages/django/core/handlers/exception.py", line 57, in inner
    response = response_for_exception(request, exc)
  File "/home/hightech/virtualenv/project.columbiatransportation.com/air/3.10/lib/python3.10/site-packages/django/core/handlers/exception.py", line 141, in response_for_exception
    response = handle_uncaught_exception(
  File "/home/hightech/virtualenv/project.columbiatransportation.com/air/3.10/lib/python3.10/site-packages/django/core/handlers/exception.py", line 182, in handle_uncaught_exception
    return debug.technical_500_response(request, *exc_info)
  File "/home/hightech/virtualenv/project.columbiatransportation.com/air/3.10/lib/python3.10/site-packages/django/views/debug.py", line 69, in technical_500_response
    html = reporter.get_traceback_html()
  File "/home/hightech/virtualenv/project.columbiatransportation.com/air/3.10/lib/python3.10/site-packages/django/views/debug.py", line 428, in get_traceback_html
    c = Context(self.get_traceback_data(), use_l10n=False)
  File "/home/hightech/virtualenv/project.columbiatransportation.com/air/3.10/lib/python3.10/site-packages/django/views/debug.py", line 411, in get_traceback_data
    c["raising_view_name"] = get_caller(self.request)
  File "/home/hightech/virtualenv/project.columbiatransportation.com/air/3.10/lib/python3.10/site-packages/django/views/debug.py", line 102, in get_caller
    resolver_match = resolve(request.path)
  File "/home/hightech/virtualenv/project.columbiatransportation.com/air/3.10/lib/python3.10/site-packages/django/urls/base.py", line 25, in resolve
    return get_resolver(urlconf).resolve(path)
  File "/home/hightech/virtualenv/project.columbiatransportation.com/air/3.10/lib/python3.10/site-packages/django/urls/resolvers.py", line 666, in resolve
    for pattern in self.url_patterns:
  File "/home/hightech/virtualenv/project.columbiatransportation.com/air/3.10/lib/python3.10/site-packages/django/utils/functional.py", line 47, in __get__
    res = instance.__dict__[self.name] = self.func(instance)
  File "/home/hightech/virtualenv/project.columbiatransportation.com/air/3.10/lib/python3.10/site-packages/django/urls/resolvers.py", line 718, in url_patterns
    patterns = getattr(self.urlconf_module, "urlpatterns", self.urlconf_module)
  File "/home/hightech/virtualenv/project.columbiatransportation.com/air/3.10/lib/python3.10/site-packages/django/utils/functional.py", line 47, in __get__
    res = instance.__dict__[self.name] = self.func(instance)
  File "/home/hightech/virtualenv/project.columbiatransportation.com/air/3.10/lib/python3.10/site-packages/django/urls/resolvers.py", line 711, in urlconf_module
    return import_module(self.urlconf_name)
  File "/opt/alt/python310/lib64/python3.10/importlib/__init__.py", line 126, in import_module
    return _bootstrap._gcd_import(name[level:], package, level)
  File "<frozen importlib._bootstrap>", line 1050, in _gcd_import
  File "<frozen importlib._bootstrap>", line 1027, in _find_and_load
  File "<frozen importlib._bootstrap>", line 1006, in _find_and_load_unlocked
  File "<frozen importlib._bootstrap>", line 688, in _load_unlocked
  File "<frozen importlib._bootstrap_external>", line 883, in exec_module
  File "<frozen importlib._bootstrap>", line 241, in _call_with_frames_removed
  File "/home/hightech/project.columbiatransportation.com/air/air/urls.py", line 24, in <module>
    path('',include('main.urls'))
  File "/home/hightech/virtualenv/project.columbiatransportation.com/air/3.10/lib/python3.10/site-packages/django/urls/conf.py", line 39, in include
    urlconf_module = import_module(urlconf_module)
  File "/opt/alt/python310/lib64/python3.10/importlib/__init__.py", line 126, in import_module
    return _bootstrap._gcd_import(name[level:], package, level)
  File "<frozen importlib._bootstrap>", line 1050, in _gcd_import
  File "<frozen importlib._bootstrap>", line 1027, in _find_and_load
  File "<frozen importlib._bootstrap>", line 1006, in _find_and_load_unlocked
  File "<frozen importlib._bootstrap>", line 688, in _load_unlocked
  File "<frozen importlib._bootstrap_external>", line 883, in exec_module
  File "<frozen importlib._bootstrap>", line 241, in _call_with_frames_removed
  File "/home/hightech/project.columbiatransportation.com/air/main/urls.py", line 2, in <module>
    from .views import index
  File "/home/hightech/project.columbiatransportation.com/air/main/views.py", line 5, in <module>
    from .forms import InquiryForm, ContactForm, ScheduleContactForm
ImportError: cannot import name 'ScheduleContactForm' from 'main.forms' (/home/hightech/project.columbiatransportation.com/air/main/forms.py)

During handling of the above exception, another exception occurred:

Traceback (most recent call last):
  File "/home/hightech/virtualenv/project.columbiatransportation.com/air/3.10/lib/python3.10/site-packages/django/core/handlers/wsgi.py", line 124, in __call__
    response = self.get_response(request)
  File "/home/hightech/virtualenv/project.columbiatransportation.com/air/3.10/lib/python3.10/site-packages/django/core/handlers/base.py", line 140, in get_response
    response = self._middleware_chain(request)
  File "/home/hightech/virtualenv/project.columbiatransportation.com/air/3.10/lib/python3.10/site-packages/django/core/handlers/exception.py", line 57, in inner
    response = response_for_exception(request, exc)
  File "/home/hightech/virtualenv/project.columbiatransportation.com/air/3.10/lib/python3.10/site-packages/django/core/handlers/exception.py", line 141, in response_for_exception
    response = handle_uncaught_exception(
  File "/home/hightech/virtualenv/project.columbiatransportation.com/air/3.10/lib/python3.10/site-packages/django/core/handlers/exception.py", line 182, in handle_uncaught_exception
    return debug.technical_500_response(request, *exc_info)
  File "/home/hightech/virtualenv/project.columbiatransportation.com/air/3.10/lib/python3.10/site-packages/django/views/debug.py", line 69, in technical_500_response
    html = reporter.get_traceback_html()
  File "/home/hightech/virtualenv/project.columbiatransportation.com/air/3.10/lib/python3.10/site-packages/django/views/debug.py", line 428, in get_traceback_html
    c = Context(self.get_traceback_data(), use_l10n=False)
  File "/home/hightech/virtualenv/project.columbiatransportation.com/air/3.10/lib/python3.10/site-packages/django/views/debug.py", line 411, in get_traceback_data
    c["raising_view_name"] = get_caller(self.request)
  File "/home/hightech/virtualenv/project.columbiatransportation.com/air/3.10/lib/python3.10/site-packages/django/views/debug.py", line 102, in get_caller
    resolver_match = resolve(request.path)
  File "/home/hightech/virtualenv/project.columbiatransportation.com/air/3.10/lib/python3.10/site-packages/django/urls/base.py", line 25, in resolve
    return get_resolver(urlconf).resolve(path)
  File "/home/hightech/virtualenv/project.columbiatransportation.com/air/3.10/lib/python3.10/site-packages/django/urls/resolvers.py", line 666, in resolve
    for pattern in self.url_patterns:
  File "/home/hightech/virtualenv/project.columbiatransportation.com/air/3.10/lib/python3.10/site-packages/django/utils/functional.py", line 47, in __get__
    res = instance.__dict__[self.name] = self.func(instance)
  File "/home/hightech/virtualenv/project.columbiatransportation.com/air/3.10/lib/python3.10/site-packages/django/urls/resolvers.py", line 718, in url_patterns
    patterns = getattr(self.urlconf_module, "urlpatterns", self.urlconf_module)
  File "/home/hightech/virtualenv/project.columbiatransportation.com/air/3.10/lib/python3.10/site-packages/django/utils/functional.py", line 47, in __get__
    res = instance.__dict__[self.name] = self.func(instance)
  File "/home/hightech/virtualenv/project.columbiatransportation.com/air/3.10/lib/python3.10/site-packages/django/urls/resolvers.py", line 711, in urlconf_module
    return import_module(self.urlconf_name)
  File "/opt/alt/python310/lib64/python3.10/importlib/__init__.py", line 126, in import_module
    return _bootstrap._gcd_import(name[level:], package, level)
  File "<frozen importlib._bootstrap>", line 1050, in _gcd_import
  File "<frozen importlib._bootstrap>", line 1027, in _find_and_load
  File "<frozen importlib._bootstrap>", line 1006, in _find_and_load_unlocked
  File "<frozen importlib._bootstrap>", line 688, in _load_unlocked
  File "<frozen importlib._bootstrap_external>", line 883, in exec_module
  File "<frozen importlib._bootstrap>", line 241, in _call_with_frames_removed
  File "/home/hightech/project.columbiatransportation.com/air/air/urls.py", line 24, in <module>
    path('',include('main.urls'))
  File "/home/hightech/virtualenv/project.columbiatransportation.com/air/3.10/lib/python3.10/site-packages/django/urls/conf.py", line 39, in include
    urlconf_module = import_module(urlconf_module)
  File "/opt/alt/python310/lib64/python3.10/importlib/__init__.py", line 126, in import_module
    return _bootstrap._gcd_import(name[level:], package, level)
  File "<frozen importlib._bootstrap>", line 1050, in _gcd_import
  File "<frozen importlib._bootstrap>", line 1027, in _find_and_load
  File "<frozen importlib._bootstrap>", line 1006, in _find_and_load_unlocked
  File "<frozen importlib._bootstrap>", line 688, in _load_unlocked
  File "<frozen importlib._bootstrap_external>", line 883, in exec_module
  File "<frozen importlib._bootstrap>", line 241, in _call_with_frames_removed
  File "/home/hightech/project.columbiatransportation.com/air/main/urls.py", line 2, in <module>
    from .views import index
  File "/home/hightech/project.columbiatransportation.com/air/main/views.py", line 5, in <module>
    from .forms import InquiryForm, ContactForm, ScheduleContactForm
ImportError: cannot import name 'ScheduleContactForm' from 'main.forms' (/home/hightech/project.columbiatransportation.com/air/main/forms.py)
[ERROR] [UID:1788][49499] wsgiAppHandler pApp->start_response() return NULL.
Traceback (most recent call last):
  File "/home/hightech/virtualenv/project.columbiatransportation.com/air/3.10/lib/python3.10/site-packages/django/core/handlers/exception.py", line 55, in inner
    response = get_response(request)
  File "/home/hightech/virtualenv/project.columbiatransportation.com/air/3.10/lib/python3.10/site-packages/django/core/handlers/base.py", line 181, in _get_response
    callback, callback_args, callback_kwargs = self.resolve_request(request)
  File "/home/hightech/virtualenv/project.columbiatransportation.com/air/3.10/lib/python3.10/site-packages/django/core/handlers/base.py", line 313, in resolve_request
    resolver_match = resolver.resolve(request.path_info)
  File "/home/hightech/virtualenv/project.columbiatransportation.com/air/3.10/lib/python3.10/site-packages/django/urls/resolvers.py", line 666, in resolve
    for pattern in self.url_patterns:
  File "/home/hightech/virtualenv/project.columbiatransportation.com/air/3.10/lib/python3.10/site-packages/django/utils/functional.py", line 47, in __get__
    res = instance.__dict__[self.name] = self.func(instance)
  File "/home/hightech/virtualenv/project.columbiatransportation.com/air/3.10/lib/python3.10/site-packages/django/urls/resolvers.py", line 718, in url_patterns
    patterns = getattr(self.urlconf_module, "urlpatterns", self.urlconf_module)
  File "/home/hightech/virtualenv/project.columbiatransportation.com/air/3.10/lib/python3.10/site-packages/django/utils/functional.py", line 47, in __get__
    res = instance.__dict__[self.name] = self.func(instance)
  File "/home/hightech/virtualenv/project.columbiatransportation.com/air/3.10/lib/python3.10/site-packages/django/urls/resolvers.py", line 711, in urlconf_module
    return import_module(self.urlconf_name)
  File "/opt/alt/python310/lib64/python3.10/importlib/__init__.py", line 126, in import_module
    return _bootstrap._gcd_import(name[level:], package, level)
  File "<frozen importlib._bootstrap>", line 1050, in _gcd_import
  File "<frozen importlib._bootstrap>", line 1027, in _find_and_load
  File "<frozen importlib._bootstrap>", line 1006, in _find_and_load_unlocked
  File "<frozen importlib._bootstrap>", line 688, in _load_unlocked
  File "<frozen importlib._bootstrap_external>", line 883, in exec_module
  File "<frozen importlib._bootstrap>", line 241, in _call_with_frames_removed
  File "/home/hightech/project.columbiatransportation.com/air/air/urls.py", line 24, in <module>
    path('',include('main.urls'))
  File "/home/hightech/virtualenv/project.columbiatransportation.com/air/3.10/lib/python3.10/site-packages/django/urls/conf.py", line 39, in include
    urlconf_module = import_module(urlconf_module)
  File "/opt/alt/python310/lib64/python3.10/importlib/__init__.py", line 126, in import_module
    return _bootstrap._gcd_import(name[level:], package, level)
  File "<frozen importlib._bootstrap>", line 1050, in _gcd_import
  File "<frozen importlib._bootstrap>", line 1027, in _find_and_load
  File "<frozen importlib._bootstrap>", line 1006, in _find_and_load_unlocked
  File "<frozen importlib._bootstrap>", line 688, in _load_unlocked
  File "<frozen importlib._bootstrap_external>", line 883, in exec_module
  File "<frozen importlib._bootstrap>", line 241, in _call_with_frames_removed
  File "/home/hightech/project.columbiatransportation.com/air/main/urls.py", line 2, in <module>
    from .views import index
  File "/home/hightech/project.columbiatransportation.com/air/main/views.py", line 5, in <module>
    from .forms import InquiryForm, ContactForm, ScheduleContactForm
ImportError: cannot import name 'ScheduleContactForm' from 'main.forms' (/home/hightech/project.columbiatransportation.com/air/main/forms.py)

During handling of the above exception, another exception occurred:

Traceback (most recent call last):
  File "/home/hightech/virtualenv/project.columbiatransportation.com/air/3.10/lib/python3.10/site-packages/django/core/handlers/exception.py", line 55, in inner
    response = get_response(request)
  File "/home/hightech/virtualenv/project.columbiatransportation.com/air/3.10/lib/python3.10/site-packages/django/utils/deprecation.py", line 120, in __call__
    response = response or self.get_response(request)
  File "/home/hightech/virtualenv/project.columbiatransportation.com/air/3.10/lib/python3.10/site-packages/django/core/handlers/exception.py", line 57, in inner
    response = response_for_exception(request, exc)
  File "/home/hightech/virtualenv/project.columbiatransportation.com/air/3.10/lib/python3.10/site-packages/django/core/handlers/exception.py", line 141, in response_for_exception
    response = handle_uncaught_exception(
  File "/home/hightech/virtualenv/project.columbiatransportation.com/air/3.10/lib/python3.10/site-packages/django/core/handlers/exception.py", line 182, in handle_uncaught_exception
    return debug.technical_500_response(request, *exc_info)
  File "/home/hightech/virtualenv/project.columbiatransportation.com/air/3.10/lib/python3.10/site-packages/django/views/debug.py", line 69, in technical_500_response
    html = reporter.get_traceback_html()
  File "/home/hightech/virtualenv/project.columbiatransportation.com/air/3.10/lib/python3.10/site-packages/django/views/debug.py", line 428, in get_traceback_html
    c = Context(self.get_traceback_data(), use_l10n=False)
  File "/home/hightech/virtualenv/project.columbiatransportation.com/air/3.10/lib/python3.10/site-packages/django/views/debug.py", line 411, in get_traceback_data
    c["raising_view_name"] = get_caller(self.request)
  File "/home/hightech/virtualenv/project.columbiatransportation.com/air/3.10/lib/python3.10/site-packages/django/views/debug.py", line 102, in get_caller
    resolver_match = resolve(request.path)
  File "/home/hightech/virtualenv/project.columbiatransportation.com/air/3.10/lib/python3.10/site-packages/django/urls/base.py", line 25, in resolve
    return get_resolver(urlconf).resolve(path)
  File "/home/hightech/virtualenv/project.columbiatransportation.com/air/3.10/lib/python3.10/site-packages/django/urls/resolvers.py", line 666, in resolve
    for pattern in self.url_patterns:
  File "/home/hightech/virtualenv/project.columbiatransportation.com/air/3.10/lib/python3.10/site-packages/django/utils/functional.py", line 47, in __get__
    res = instance.__dict__[self.name] = self.func(instance)
  File "/home/hightech/virtualenv/project.columbiatransportation.com/air/3.10/lib/python3.10/site-packages/django/urls/resolvers.py", line 718, in url_patterns
    patterns = getattr(self.urlconf_module, "urlpatterns", self.urlconf_module)
  File "/home/hightech/virtualenv/project.columbiatransportation.com/air/3.10/lib/python3.10/site-packages/django/utils/functional.py", line 47, in __get__
    res = instance.__dict__[self.name] = self.func(instance)
  File "/home/hightech/virtualenv/project.columbiatransportation.com/air/3.10/lib/python3.10/site-packages/django/urls/resolvers.py", line 711, in urlconf_module
    return import_module(self.urlconf_name)
  File "/opt/alt/python310/lib64/python3.10/importlib/__init__.py", line 126, in import_module
    return _bootstrap._gcd_import(name[level:], package, level)
  File "<frozen importlib._bootstrap>", line 1050, in _gcd_import
  File "<frozen importlib._bootstrap>", line 1027, in _find_and_load
  File "<frozen importlib._bootstrap>", line 1006, in _find_and_load_unlocked
  File "<frozen importlib._bootstrap>", line 688, in _load_unlocked
  File "<frozen importlib._bootstrap_external>", line 883, in exec_module
  File "<frozen importlib._bootstrap>", line 241, in _call_with_frames_removed
  File "/home/hightech/project.columbiatransportation.com/air/air/urls.py", line 24, in <module>
    path('',include('main.urls'))
  File "/home/hightech/virtualenv/project.columbiatransportation.com/air/3.10/lib/python3.10/site-packages/django/urls/conf.py", line 39, in include
    urlconf_module = import_module(urlconf_module)
  File "/opt/alt/python310/lib64/python3.10/importlib/__init__.py", line 126, in import_module
    return _bootstrap._gcd_import(name[level:], package, level)
  File "<frozen importlib._bootstrap>", line 1050, in _gcd_import
  File "<frozen importlib._bootstrap>", line 1027, in _find_and_load
  File "<frozen importlib._bootstrap>", line 1006, in _find_and_load_unlocked
  File "<frozen importlib._bootstrap>", line 688, in _load_unlocked
  File "<frozen importlib._bootstrap_external>", line 883, in exec_module
  File "<frozen importlib._bootstrap>", line 241, in _call_with_frames_removed
  File "/home/hightech/project.columbiatransportation.com/air/main/urls.py", line 2, in <module>
    from .views import index
  File "/home/hightech/project.columbiatransportation.com/air/main/views.py", line 5, in <module>
    from .forms import InquiryForm, ContactForm, ScheduleContactForm
ImportError: cannot import name 'ScheduleContactForm' from 'main.forms' (/home/hightech/project.columbiatransportation.com/air/main/forms.py)

During handling of the above exception, another exception occurred:

Traceback (most recent call last):
  File "/home/hightech/virtualenv/project.columbiatransportation.com/air/3.10/lib/python3.10/site-packages/django/core/handlers/exception.py", line 55, in inner
    response = get_response(request)
  File "/home/hightech/virtualenv/project.columbiatransportation.com/air/3.10/lib/python3.10/site-packages/django/utils/deprecation.py", line 120, in __call__
    response = response or self.get_response(request)
  File "/home/hightech/virtualenv/project.columbiatransportation.com/air/3.10/lib/python3.10/site-packages/django/core/handlers/exception.py", line 57, in inner
    response = response_for_exception(request, exc)
  File "/home/hightech/virtualenv/project.columbiatransportation.com/air/3.10/lib/python3.10/site-packages/django/core/handlers/exception.py", line 141, in response_for_exception
    response = handle_uncaught_exception(
  File "/home/hightech/virtualenv/project.columbiatransportation.com/air/3.10/lib/python3.10/site-packages/django/core/handlers/exception.py", line 182, in handle_uncaught_exception
    return debug.technical_500_response(request, *exc_info)
  File "/home/hightech/virtualenv/project.columbiatransportation.com/air/3.10/lib/python3.10/site-packages/django/views/debug.py", line 69, in technical_500_response
    html = reporter.get_traceback_html()
  File "/home/hightech/virtualenv/project.columbiatransportation.com/air/3.10/lib/python3.10/site-packages/django/views/debug.py", line 428, in get_traceback_html
    c = Context(self.get_traceback_data(), use_l10n=False)
  File "/home/hightech/virtualenv/project.columbiatransportation.com/air/3.10/lib/python3.10/site-packages/django/views/debug.py", line 411, in get_traceback_data
    c["raising_view_name"] = get_caller(self.request)
  File "/home/hightech/virtualenv/project.columbiatransportation.com/air/3.10/lib/python3.10/site-packages/django/views/debug.py", line 102, in get_caller
    resolver_match = resolve(request.path)
  File "/home/hightech/virtualenv/project.columbiatransportation.com/air/3.10/lib/python3.10/site-packages/django/urls/base.py", line 25, in resolve
    return get_resolver(urlconf).resolve(path)
  File "/home/hightech/virtualenv/project.columbiatransportation.com/air/3.10/lib/python3.10/site-packages/django/urls/resolvers.py", line 666, in resolve
    for pattern in self.url_patterns:
  File "/home/hightech/virtualenv/project.columbiatransportation.com/air/3.10/lib/python3.10/site-packages/django/utils/functional.py", line 47, in __get__
    res = instance.__dict__[self.name] = self.func(instance)
  File "/home/hightech/virtualenv/project.columbiatransportation.com/air/3.10/lib/python3.10/site-packages/django/urls/resolvers.py", line 718, in url_patterns
    patterns = getattr(self.urlconf_module, "urlpatterns", self.urlconf_module)
  File "/home/hightech/virtualenv/project.columbiatransportation.com/air/3.10/lib/python3.10/site-packages/django/utils/functional.py", line 47, in __get__
    res = instance.__dict__[self.name] = self.func(instance)
  File "/home/hightech/virtualenv/project.columbiatransportation.com/air/3.10/lib/python3.10/site-packages/django/urls/resolvers.py", line 711, in urlconf_module
    return import_module(self.urlconf_name)
  File "/opt/alt/python310/lib64/python3.10/importlib/__init__.py", line 126, in import_module
    return _bootstrap._gcd_import(name[level:], package, level)
  File "<frozen importlib._bootstrap>", line 1050, in _gcd_import
  File "<frozen importlib._bootstrap>", line 1027, in _find_and_load
  File "<frozen importlib._bootstrap>", line 1006, in _find_and_load_unlocked
  File "<frozen importlib._bootstrap>", line 688, in _load_unlocked
  File "<frozen importlib._bootstrap_external>", line 883, in exec_module
  File "<frozen importlib._bootstrap>", line 241, in _call_with_frames_removed
  File "/home/hightech/project.columbiatransportation.com/air/air/urls.py", line 24, in <module>
    path('',include('main.urls'))
  File "/home/hightech/virtualenv/project.columbiatransportation.com/air/3.10/lib/python3.10/site-packages/django/urls/conf.py", line 39, in include
    urlconf_module = import_module(urlconf_module)
  File "/opt/alt/python310/lib64/python3.10/importlib/__init__.py", line 126, in import_module
    return _bootstrap._gcd_import(name[level:], package, level)
  File "<frozen importlib._bootstrap>", line 1050, in _gcd_import
  File "<frozen importlib._bootstrap>", line 1027, in _find_and_load
  File "<frozen importlib._bootstrap>", line 1006, in _find_and_load_unlocked
  File "<frozen importlib._bootstrap>", line 688, in _load_unlocked
  File "<frozen importlib._bootstrap_external>", line 883, in exec_module
  File "<frozen importlib._bootstrap>", line 241, in _call_with_frames_removed
  File "/home/hightech/project.columbiatransportation.com/air/main/urls.py", line 2, in <module>
    from .views import index
  File "/home/hightech/project.columbiatransportation.com/air/main/views.py", line 5, in <module>
    from .forms import InquiryForm, ContactForm, ScheduleContactForm
ImportError: cannot import name 'ScheduleContactForm' from 'main.forms' (/home/hightech/project.columbiatransportation.com/air/main/forms.py)

During handling of the above exception, another exception occurred:

Traceback (most recent call last):
  File "/home/hightech/virtualenv/project.columbiatransportation.com/air/3.10/lib/python3.10/site-packages/django/core/handlers/exception.py", line 55, in inner
    response = get_response(request)
  File "/home/hightech/virtualenv/project.columbiatransportation.com/air/3.10/lib/python3.10/site-packages/django/utils/deprecation.py", line 120, in __call__
    response = response or self.get_response(request)
  File "/home/hightech/virtualenv/project.columbiatransportation.com/air/3.10/lib/python3.10/site-packages/django/core/handlers/exception.py", line 57, in inner
    response = response_for_exception(request, exc)
  File "/home/hightech/virtualenv/project.columbiatransportation.com/air/3.10/lib/python3.10/site-packages/django/core/handlers/exception.py", line 141, in response_for_exception
    response = handle_uncaught_exception(
  File "/home/hightech/virtualenv/project.columbiatransportation.com/air/3.10/lib/python3.10/site-packages/django/core/handlers/exception.py", line 182, in handle_uncaught_exception
    return debug.technical_500_response(request, *exc_info)
  File "/home/hightech/virtualenv/project.columbiatransportation.com/air/3.10/lib/python3.10/site-packages/django/views/debug.py", line 69, in technical_500_response
    html = reporter.get_traceback_html()
  File "/home/hightech/virtualenv/project.columbiatransportation.com/air/3.10/lib/python3.10/site-packages/django/views/debug.py", line 428, in get_traceback_html
    c = Context(self.get_traceback_data(), use_l10n=False)
  File "/home/hightech/virtualenv/project.columbiatransportation.com/air/3.10/lib/python3.10/site-packages/django/views/debug.py", line 411, in get_traceback_data
    c["raising_view_name"] = get_caller(self.request)
  File "/home/hightech/virtualenv/project.columbiatransportation.com/air/3.10/lib/python3.10/site-packages/django/views/debug.py", line 102, in get_caller
    resolver_match = resolve(request.path)
  File "/home/hightech/virtualenv/project.columbiatransportation.com/air/3.10/lib/python3.10/site-packages/django/urls/base.py", line 25, in resolve
    return get_resolver(urlconf).resolve(path)
  File "/home/hightech/virtualenv/project.columbiatransportation.com/air/3.10/lib/python3.10/site-packages/django/urls/resolvers.py", line 666, in resolve
    for pattern in self.url_patterns:
  File "/home/hightech/virtualenv/project.columbiatransportation.com/air/3.10/lib/python3.10/site-packages/django/utils/functional.py", line 47, in __get__
    res = instance.__dict__[self.name] = self.func(instance)
  File "/home/hightech/virtualenv/project.columbiatransportation.com/air/3.10/lib/python3.10/site-packages/django/urls/resolvers.py", line 718, in url_patterns
    patterns = getattr(self.urlconf_module, "urlpatterns", self.urlconf_module)
  File "/home/hightech/virtualenv/project.columbiatransportation.com/air/3.10/lib/python3.10/site-packages/django/utils/functional.py", line 47, in __get__
    res = instance.__dict__[self.name] = self.func(instance)
  File "/home/hightech/virtualenv/project.columbiatransportation.com/air/3.10/lib/python3.10/site-packages/django/urls/resolvers.py", line 711, in urlconf_module
    return import_module(self.urlconf_name)
  File "/opt/alt/python310/lib64/python3.10/importlib/__init__.py", line 126, in import_module
    return _bootstrap._gcd_import(name[level:], package, level)
  File "<frozen importlib._bootstrap>", line 1050, in _gcd_import
  File "<frozen importlib._bootstrap>", line 1027, in _find_and_load
  File "<frozen importlib._bootstrap>", line 1006, in _find_and_load_unlocked
  File "<frozen importlib._bootstrap>", line 688, in _load_unlocked
  File "<frozen importlib._bootstrap_external>", line 883, in exec_module
  File "<frozen importlib._bootstrap>", line 241, in _call_with_frames_removed
  File "/home/hightech/project.columbiatransportation.com/air/air/urls.py", line 24, in <module>
    path('',include('main.urls'))
  File "/home/hightech/virtualenv/project.columbiatransportation.com/air/3.10/lib/python3.10/site-packages/django/urls/conf.py", line 39, in include
    urlconf_module = import_module(urlconf_module)
  File "/opt/alt/python310/lib64/python3.10/importlib/__init__.py", line 126, in import_module
    return _bootstrap._gcd_import(name[level:], package, level)
  File "<frozen importlib._bootstrap>", line 1050, in _gcd_import
  File "<frozen importlib._bootstrap>", line 1027, in _find_and_load
  File "<frozen importlib._bootstrap>", line 1006, in _find_and_load_unlocked
  File "<frozen importlib._bootstrap>", line 688, in _load_unlocked
  File "<frozen importlib._bootstrap_external>", line 883, in exec_module
  File "<frozen importlib._bootstrap>", line 241, in _call_with_frames_removed
  File "/home/hightech/project.columbiatransportation.com/air/main/urls.py", line 2, in <module>
    from .views import index
  File "/home/hightech/project.columbiatransportation.com/air/main/views.py", line 5, in <module>
    from .forms import InquiryForm, ContactForm, ScheduleContactForm
ImportError: cannot import name 'ScheduleContactForm' from 'main.forms' (/home/hightech/project.columbiatransportation.com/air/main/forms.py)

During handling of the above exception, another exception occurred:

Traceback (most recent call last):
  File "/home/hightech/virtualenv/project.columbiatransportation.com/air/3.10/lib/python3.10/site-packages/django/core/handlers/exception.py", line 55, in inner
    response = get_response(request)
  File "/home/hightech/virtualenv/project.columbiatransportation.com/air/3.10/lib/python3.10/site-packages/django/utils/deprecation.py", line 120, in __call__
    response = response or self.get_response(request)
  File "/home/hightech/virtualenv/project.columbiatransportation.com/air/3.10/lib/python3.10/site-packages/django/core/handlers/exception.py", line 57, in inner
    response = response_for_exception(request, exc)
  File "/home/hightech/virtualenv/project.columbiatransportation.com/air/3.10/lib/python3.10/site-packages/django/core/handlers/exception.py", line 141, in response_for_exception
    response = handle_uncaught_exception(
  File "/home/hightech/virtualenv/project.columbiatransportation.com/air/3.10/lib/python3.10/site-packages/django/core/handlers/exception.py", line 182, in handle_uncaught_exception
    return debug.technical_500_response(request, *exc_info)
  File "/home/hightech/virtualenv/project.columbiatransportation.com/air/3.10/lib/python3.10/site-packages/django/views/debug.py", line 69, in technical_500_response
    html = reporter.get_traceback_html()
  File "/home/hightech/virtualenv/project.columbiatransportation.com/air/3.10/lib/python3.10/site-packages/django/views/debug.py", line 428, in get_traceback_html
    c = Context(self.get_traceback_data(), use_l10n=False)
  File "/home/hightech/virtualenv/project.columbiatransportation.com/air/3.10/lib/python3.10/site-packages/django/views/debug.py", line 411, in get_traceback_data
    c["raising_view_name"] = get_caller(self.request)
  File "/home/hightech/virtualenv/project.columbiatransportation.com/air/3.10/lib/python3.10/site-packages/django/views/debug.py", line 102, in get_caller
    resolver_match = resolve(request.path)
  File "/home/hightech/virtualenv/project.columbiatransportation.com/air/3.10/lib/python3.10/site-packages/django/urls/base.py", line 25, in resolve
    return get_resolver(urlconf).resolve(path)
  File "/home/hightech/virtualenv/project.columbiatransportation.com/air/3.10/lib/python3.10/site-packages/django/urls/resolvers.py", line 666, in resolve
    for pattern in self.url_patterns:
  File "/home/hightech/virtualenv/project.columbiatransportation.com/air/3.10/lib/python3.10/site-packages/django/utils/functional.py", line 47, in __get__
    res = instance.__dict__[self.name] = self.func(instance)
  File "/home/hightech/virtualenv/project.columbiatransportation.com/air/3.10/lib/python3.10/site-packages/django/urls/resolvers.py", line 718, in url_patterns
    patterns = getattr(self.urlconf_module, "urlpatterns", self.urlconf_module)
  File "/home/hightech/virtualenv/project.columbiatransportation.com/air/3.10/lib/python3.10/site-packages/django/utils/functional.py", line 47, in __get__
    res = instance.__dict__[self.name] = self.func(instance)
  File "/home/hightech/virtualenv/project.columbiatransportation.com/air/3.10/lib/python3.10/site-packages/django/urls/resolvers.py", line 711, in urlconf_module
    return import_module(self.urlconf_name)
  File "/opt/alt/python310/lib64/python3.10/importlib/__init__.py", line 126, in import_module
    return _bootstrap._gcd_import(name[level:], package, level)
  File "<frozen importlib._bootstrap>", line 1050, in _gcd_import
  File "<frozen importlib._bootstrap>", line 1027, in _find_and_load
  File "<frozen importlib._bootstrap>", line 1006, in _find_and_load_unlocked
  File "<frozen importlib._bootstrap>", line 688, in _load_unlocked
  File "<frozen importlib._bootstrap_external>", line 883, in exec_module
  File "<frozen importlib._bootstrap>", line 241, in _call_with_frames_removed
  File "/home/hightech/project.columbiatransportation.com/air/air/urls.py", line 24, in <module>
    path('',include('main.urls'))
  File "/home/hightech/virtualenv/project.columbiatransportation.com/air/3.10/lib/python3.10/site-packages/django/urls/conf.py", line 39, in include
    urlconf_module = import_module(urlconf_module)
  File "/opt/alt/python310/lib64/python3.10/importlib/__init__.py", line 126, in import_module
    return _bootstrap._gcd_import(name[level:], package, level)
  File "<frozen importlib._bootstrap>", line 1050, in _gcd_import
  File "<frozen importlib._bootstrap>", line 1027, in _find_and_load
  File "<frozen importlib._bootstrap>", line 1006, in _find_and_load_unlocked
  File "<frozen importlib._bootstrap>", line 688, in _load_unlocked
  File "<frozen importlib._bootstrap_external>", line 883, in exec_module
  File "<frozen importlib._bootstrap>", line 241, in _call_with_frames_removed
  File "/home/hightech/project.columbiatransportation.com/air/main/urls.py", line 2, in <module>
    from .views import index
  File "/home/hightech/project.columbiatransportation.com/air/main/views.py", line 5, in <module>
    from .forms import InquiryForm, ContactForm, ScheduleContactForm
ImportError: cannot import name 'ScheduleContactForm' from 'main.forms' (/home/hightech/project.columbiatransportation.com/air/main/forms.py)

During handling of the above exception, another exception occurred:

Traceback (most recent call last):
  File "/home/hightech/virtualenv/project.columbiatransportation.com/air/3.10/lib/python3.10/site-packages/django/core/handlers/exception.py", line 55, in inner
    response = get_response(request)
  File "/home/hightech/virtualenv/project.columbiatransportation.com/air/3.10/lib/python3.10/site-packages/django/utils/deprecation.py", line 120, in __call__
    response = response or self.get_response(request)
  File "/home/hightech/virtualenv/project.columbiatransportation.com/air/3.10/lib/python3.10/site-packages/django/core/handlers/exception.py", line 57, in inner
    response = response_for_exception(request, exc)
  File "/home/hightech/virtualenv/project.columbiatransportation.com/air/3.10/lib/python3.10/site-packages/django/core/handlers/exception.py", line 141, in response_for_exception
    response = handle_uncaught_exception(
  File "/home/hightech/virtualenv/project.columbiatransportation.com/air/3.10/lib/python3.10/site-packages/django/core/handlers/exception.py", line 182, in handle_uncaught_exception
    return debug.technical_500_response(request, *exc_info)
  File "/home/hightech/virtualenv/project.columbiatransportation.com/air/3.10/lib/python3.10/site-packages/django/views/debug.py", line 69, in technical_500_response
    html = reporter.get_traceback_html()
  File "/home/hightech/virtualenv/project.columbiatransportation.com/air/3.10/lib/python3.10/site-packages/django/views/debug.py", line 428, in get_traceback_html
    c = Context(self.get_traceback_data(), use_l10n=False)
  File "/home/hightech/virtualenv/project.columbiatransportation.com/air/3.10/lib/python3.10/site-packages/django/views/debug.py", line 411, in get_traceback_data
    c["raising_view_name"] = get_caller(self.request)
  File "/home/hightech/virtualenv/project.columbiatransportation.com/air/3.10/lib/python3.10/site-packages/django/views/debug.py", line 102, in get_caller
    resolver_match = resolve(request.path)
  File "/home/hightech/virtualenv/project.columbiatransportation.com/air/3.10/lib/python3.10/site-packages/django/urls/base.py", line 25, in resolve
    return get_resolver(urlconf).resolve(path)
  File "/home/hightech/virtualenv/project.columbiatransportation.com/air/3.10/lib/python3.10/site-packages/django/urls/resolvers.py", line 666, in resolve
    for pattern in self.url_patterns:
  File "/home/hightech/virtualenv/project.columbiatransportation.com/air/3.10/lib/python3.10/site-packages/django/utils/functional.py", line 47, in __get__
    res = instance.__dict__[self.name] = self.func(instance)
  File "/home/hightech/virtualenv/project.columbiatransportation.com/air/3.10/lib/python3.10/site-packages/django/urls/resolvers.py", line 718, in url_patterns
    patterns = getattr(self.urlconf_module, "urlpatterns", self.urlconf_module)
  File "/home/hightech/virtualenv/project.columbiatransportation.com/air/3.10/lib/python3.10/site-packages/django/utils/functional.py", line 47, in __get__
    res = instance.__dict__[self.name] = self.func(instance)
  File "/home/hightech/virtualenv/project.columbiatransportation.com/air/3.10/lib/python3.10/site-packages/django/urls/resolvers.py", line 711, in urlconf_module
    return import_module(self.urlconf_name)
  File "/opt/alt/python310/lib64/python3.10/importlib/__init__.py", line 126, in import_module
    return _bootstrap._gcd_import(name[level:], package, level)
  File "<frozen importlib._bootstrap>", line 1050, in _gcd_import
  File "<frozen importlib._bootstrap>", line 1027, in _find_and_load
  File "<frozen importlib._bootstrap>", line 1006, in _find_and_load_unlocked
  File "<frozen importlib._bootstrap>", line 688, in _load_unlocked
  File "<frozen importlib._bootstrap_external>", line 883, in exec_module
  File "<frozen importlib._bootstrap>", line 241, in _call_with_frames_removed
  File "/home/hightech/project.columbiatransportation.com/air/air/urls.py", line 24, in <module>
    path('',include('main.urls'))
  File "/home/hightech/virtualenv/project.columbiatransportation.com/air/3.10/lib/python3.10/site-packages/django/urls/conf.py", line 39, in include
    urlconf_module = import_module(urlconf_module)
  File "/opt/alt/python310/lib64/python3.10/importlib/__init__.py", line 126, in import_module
    return _bootstrap._gcd_import(name[level:], package, level)
  File "<frozen importlib._bootstrap>", line 1050, in _gcd_import
  File "<frozen importlib._bootstrap>", line 1027, in _find_and_load
  File "<frozen importlib._bootstrap>", line 1006, in _find_and_load_unlocked
  File "<frozen importlib._bootstrap>", line 688, in _load_unlocked
  File "<frozen importlib._bootstrap_external>", line 883, in exec_module
  File "<frozen importlib._bootstrap>", line 241, in _call_with_frames_removed
  File "/home/hightech/project.columbiatransportation.com/air/main/urls.py", line 2, in <module>
    from .views import index
  File "/home/hightech/project.columbiatransportation.com/air/main/views.py", line 5, in <module>
    from .forms import InquiryForm, ContactForm, ScheduleContactForm
ImportError: cannot import name 'ScheduleContactForm' from 'main.forms' (/home/hightech/project.columbiatransportation.com/air/main/forms.py)

During handling of the above exception, another exception occurred:

Traceback (most recent call last):
  File "/home/hightech/virtualenv/project.columbiatransportation.com/air/3.10/lib/python3.10/site-packages/django/core/handlers/exception.py", line 55, in inner
    response = get_response(request)
  File "/home/hightech/virtualenv/project.columbiatransportation.com/air/3.10/lib/python3.10/site-packages/django/utils/deprecation.py", line 120, in __call__
    response = response or self.get_response(request)
  File "/home/hightech/virtualenv/project.columbiatransportation.com/air/3.10/lib/python3.10/site-packages/django/core/handlers/exception.py", line 57, in inner
    response = response_for_exception(request, exc)
  File "/home/hightech/virtualenv/project.columbiatransportation.com/air/3.10/lib/python3.10/site-packages/django/core/handlers/exception.py", line 141, in response_for_exception
    response = handle_uncaught_exception(
  File "/home/hightech/virtualenv/project.columbiatransportation.com/air/3.10/lib/python3.10/site-packages/django/core/handlers/exception.py", line 182, in handle_uncaught_exception
    return debug.technical_500_response(request, *exc_info)
  File "/home/hightech/virtualenv/project.columbiatransportation.com/air/3.10/lib/python3.10/site-packages/django/views/debug.py", line 69, in technical_500_response
    html = reporter.get_traceback_html()
  File "/home/hightech/virtualenv/project.columbiatransportation.com/air/3.10/lib/python3.10/site-packages/django/views/debug.py", line 428, in get_traceback_html
    c = Context(self.get_traceback_data(), use_l10n=False)
  File "/home/hightech/virtualenv/project.columbiatransportation.com/air/3.10/lib/python3.10/site-packages/django/views/debug.py", line 411, in get_traceback_data
    c["raising_view_name"] = get_caller(self.request)
  File "/home/hightech/virtualenv/project.columbiatransportation.com/air/3.10/lib/python3.10/site-packages/django/views/debug.py", line 102, in get_caller
    resolver_match = resolve(request.path)
  File "/home/hightech/virtualenv/project.columbiatransportation.com/air/3.10/lib/python3.10/site-packages/django/urls/base.py", line 25, in resolve
    return get_resolver(urlconf).resolve(path)
  File "/home/hightech/virtualenv/project.columbiatransportation.com/air/3.10/lib/python3.10/site-packages/django/urls/resolvers.py", line 666, in resolve
    for pattern in self.url_patterns:
  File "/home/hightech/virtualenv/project.columbiatransportation.com/air/3.10/lib/python3.10/site-packages/django/utils/functional.py", line 47, in __get__
    res = instance.__dict__[self.name] = self.func(instance)
  File "/home/hightech/virtualenv/project.columbiatransportation.com/air/3.10/lib/python3.10/site-packages/django/urls/resolvers.py", line 718, in url_patterns
    patterns = getattr(self.urlconf_module, "urlpatterns", self.urlconf_module)
  File "/home/hightech/virtualenv/project.columbiatransportation.com/air/3.10/lib/python3.10/site-packages/django/utils/functional.py", line 47, in __get__
    res = instance.__dict__[self.name] = self.func(instance)
  File "/home/hightech/virtualenv/project.columbiatransportation.com/air/3.10/lib/python3.10/site-packages/django/urls/resolvers.py", line 711, in urlconf_module
    return import_module(self.urlconf_name)
  File "/opt/alt/python310/lib64/python3.10/importlib/__init__.py", line 126, in import_module
    return _bootstrap._gcd_import(name[level:], package, level)
  File "<frozen importlib._bootstrap>", line 1050, in _gcd_import
  File "<frozen importlib._bootstrap>", line 1027, in _find_and_load
  File "<frozen importlib._bootstrap>", line 1006, in _find_and_load_unlocked
  File "<frozen importlib._bootstrap>", line 688, in _load_unlocked
  File "<frozen importlib._bootstrap_external>", line 883, in exec_module
  File "<frozen importlib._bootstrap>", line 241, in _call_with_frames_removed
  File "/home/hightech/project.columbiatransportation.com/air/air/urls.py", line 24, in <module>
    path('',include('main.urls'))
  File "/home/hightech/virtualenv/project.columbiatransportation.com/air/3.10/lib/python3.10/site-packages/django/urls/conf.py", line 39, in include
    urlconf_module = import_module(urlconf_module)
  File "/opt/alt/python310/lib64/python3.10/importlib/__init__.py", line 126, in import_module
    return _bootstrap._gcd_import(name[level:], package, level)
  File "<frozen importlib._bootstrap>", line 1050, in _gcd_import
  File "<frozen importlib._bootstrap>", line 1027, in _find_and_load
  File "<frozen importlib._bootstrap>", line 1006, in _find_and_load_unlocked
  File "<frozen importlib._bootstrap>", line 688, in _load_unlocked
  File "<frozen importlib._bootstrap_external>", line 883, in exec_module
  File "<frozen importlib._bootstrap>", line 241, in _call_with_frames_removed
  File "/home/hightech/project.columbiatransportation.com/air/main/urls.py", line 2, in <module>
    from .views import index
  File "/home/hightech/project.columbiatransportation.com/air/main/views.py", line 5, in <module>
    from .forms import InquiryForm, ContactForm, ScheduleContactForm
ImportError: cannot import name 'ScheduleContactForm' from 'main.forms' (/home/hightech/project.columbiatransportation.com/air/main/forms.py)

During handling of the above exception, another exception occurred:

Traceback (most recent call last):
  File "/home/hightech/virtualenv/project.columbiatransportation.com/air/3.10/lib/python3.10/site-packages/django/core/handlers/exception.py", line 55, in inner
    response = get_response(request)
  File "/home/hightech/virtualenv/project.columbiatransportation.com/air/3.10/lib/python3.10/site-packages/django/utils/deprecation.py", line 120, in __call__
    response = response or self.get_response(request)
  File "/home/hightech/virtualenv/project.columbiatransportation.com/air/3.10/lib/python3.10/site-packages/django/core/handlers/exception.py", line 57, in inner
    response = response_for_exception(request, exc)
  File "/home/hightech/virtualenv/project.columbiatransportation.com/air/3.10/lib/python3.10/site-packages/django/core/handlers/exception.py", line 141, in response_for_exception
    response = handle_uncaught_exception(
  File "/home/hightech/virtualenv/project.columbiatransportation.com/air/3.10/lib/python3.10/site-packages/django/core/handlers/exception.py", line 182, in handle_uncaught_exception
    return debug.technical_500_response(request, *exc_info)
  File "/home/hightech/virtualenv/project.columbiatransportation.com/air/3.10/lib/python3.10/site-packages/django/views/debug.py", line 69, in technical_500_response
    html = reporter.get_traceback_html()
  File "/home/hightech/virtualenv/project.columbiatransportation.com/air/3.10/lib/python3.10/site-packages/django/views/debug.py", line 428, in get_traceback_html
    c = Context(self.get_traceback_data(), use_l10n=False)
  File "/home/hightech/virtualenv/project.columbiatransportation.com/air/3.10/lib/python3.10/site-packages/django/views/debug.py", line 411, in get_traceback_data
    c["raising_view_name"] = get_caller(self.request)
  File "/home/hightech/virtualenv/project.columbiatransportation.com/air/3.10/lib/python3.10/site-packages/django/views/debug.py", line 102, in get_caller
    resolver_match = resolve(request.path)
  File "/home/hightech/virtualenv/project.columbiatransportation.com/air/3.10/lib/python3.10/site-packages/django/urls/base.py", line 25, in resolve
    return get_resolver(urlconf).resolve(path)
  File "/home/hightech/virtualenv/project.columbiatransportation.com/air/3.10/lib/python3.10/site-packages/django/urls/resolvers.py", line 666, in resolve
    for pattern in self.url_patterns:
  File "/home/hightech/virtualenv/project.columbiatransportation.com/air/3.10/lib/python3.10/site-packages/django/utils/functional.py", line 47, in __get__
    res = instance.__dict__[self.name] = self.func(instance)
  File "/home/hightech/virtualenv/project.columbiatransportation.com/air/3.10/lib/python3.10/site-packages/django/urls/resolvers.py", line 718, in url_patterns
    patterns = getattr(self.urlconf_module, "urlpatterns", self.urlconf_module)
  File "/home/hightech/virtualenv/project.columbiatransportation.com/air/3.10/lib/python3.10/site-packages/django/utils/functional.py", line 47, in __get__
    res = instance.__dict__[self.name] = self.func(instance)
  File "/home/hightech/virtualenv/project.columbiatransportation.com/air/3.10/lib/python3.10/site-packages/django/urls/resolvers.py", line 711, in urlconf_module
    return import_module(self.urlconf_name)
  File "/opt/alt/python310/lib64/python3.10/importlib/__init__.py", line 126, in import_module
    return _bootstrap._gcd_import(name[level:], package, level)
  File "<frozen importlib._bootstrap>", line 1050, in _gcd_import
  File "<frozen importlib._bootstrap>", line 1027, in _find_and_load
  File "<frozen importlib._bootstrap>", line 1006, in _find_and_load_unlocked
  File "<frozen importlib._bootstrap>", line 688, in _load_unlocked
  File "<frozen importlib._bootstrap_external>", line 883, in exec_module
  File "<frozen importlib._bootstrap>", line 241, in _call_with_frames_removed
  File "/home/hightech/project.columbiatransportation.com/air/air/urls.py", line 24, in <module>
    path('',include('main.urls'))
  File "/home/hightech/virtualenv/project.columbiatransportation.com/air/3.10/lib/python3.10/site-packages/django/urls/conf.py", line 39, in include
    urlconf_module = import_module(urlconf_module)
  File "/opt/alt/python310/lib64/python3.10/importlib/__init__.py", line 126, in import_module
    return _bootstrap._gcd_import(name[level:], package, level)
  File "<frozen importlib._bootstrap>", line 1050, in _gcd_import
  File "<frozen importlib._bootstrap>", line 1027, in _find_and_load
  File "<frozen importlib._bootstrap>", line 1006, in _find_and_load_unlocked
  File "<frozen importlib._bootstrap>", line 688, in _load_unlocked
  File "<frozen importlib._bootstrap_external>", line 883, in exec_module
  File "<frozen importlib._bootstrap>", line 241, in _call_with_frames_removed
  File "/home/hightech/project.columbiatransportation.com/air/main/urls.py", line 2, in <module>
    from .views import index
  File "/home/hightech/project.columbiatransportation.com/air/main/views.py", line 5, in <module>
    from .forms import InquiryForm, ContactForm, ScheduleContactForm
ImportError: cannot import name 'ScheduleContactForm' from 'main.forms' (/home/hightech/project.columbiatransportation.com/air/main/forms.py)

During handling of the above exception, another exception occurred:

Traceback (most recent call last):
  File "/home/hightech/virtualenv/project.columbiatransportation.com/air/3.10/lib/python3.10/site-packages/django/core/handlers/wsgi.py", line 124, in __call__
    response = self.get_response(request)
  File "/home/hightech/virtualenv/project.columbiatransportation.com/air/3.10/lib/python3.10/site-packages/django/core/handlers/base.py", line 140, in get_response
    response = self._middleware_chain(request)
  File "/home/hightech/virtualenv/project.columbiatransportation.com/air/3.10/lib/python3.10/site-packages/django/core/handlers/exception.py", line 57, in inner
    response = response_for_exception(request, exc)
  File "/home/hightech/virtualenv/project.columbiatransportation.com/air/3.10/lib/python3.10/site-packages/django/core/handlers/exception.py", line 141, in response_for_exception
    response = handle_uncaught_exception(
  File "/home/hightech/virtualenv/project.columbiatransportation.com/air/3.10/lib/python3.10/site-packages/django/core/handlers/exception.py", line 182, in handle_uncaught_exception
    return debug.technical_500_response(request, *exc_info)
  File "/home/hightech/virtualenv/project.columbiatransportation.com/air/3.10/lib/python3.10/site-packages/django/views/debug.py", line 69, in technical_500_response
    html = reporter.get_traceback_html()
  File "/home/hightech/virtualenv/project.columbiatransportation.com/air/3.10/lib/python3.10/site-packages/django/views/debug.py", line 428, in get_traceback_html
    c = Context(self.get_traceback_data(), use_l10n=False)
  File "/home/hightech/virtualenv/project.columbiatransportation.com/air/3.10/lib/python3.10/site-packages/django/views/debug.py", line 411, in get_traceback_data
    c["raising_view_name"] = get_caller(self.request)
  File "/home/hightech/virtualenv/project.columbiatransportation.com/air/3.10/lib/python3.10/site-packages/django/views/debug.py", line 102, in get_caller
    resolver_match = resolve(request.path)
  File "/home/hightech/virtualenv/project.columbiatransportation.com/air/3.10/lib/python3.10/site-packages/django/urls/base.py", line 25, in resolve
    return get_resolver(urlconf).resolve(path)
  File "/home/hightech/virtualenv/project.columbiatransportation.com/air/3.10/lib/python3.10/site-packages/django/urls/resolvers.py", line 666, in resolve
    for pattern in self.url_patterns:
  File "/home/hightech/virtualenv/project.columbiatransportation.com/air/3.10/lib/python3.10/site-packages/django/utils/functional.py", line 47, in __get__
    res = instance.__dict__[self.name] = self.func(instance)
  File "/home/hightech/virtualenv/project.columbiatransportation.com/air/3.10/lib/python3.10/site-packages/django/urls/resolvers.py", line 718, in url_patterns
    patterns = getattr(self.urlconf_module, "urlpatterns", self.urlconf_module)
  File "/home/hightech/virtualenv/project.columbiatransportation.com/air/3.10/lib/python3.10/site-packages/django/utils/functional.py", line 47, in __get__
    res = instance.__dict__[self.name] = self.func(instance)
  File "/home/hightech/virtualenv/project.columbiatransportation.com/air/3.10/lib/python3.10/site-packages/django/urls/resolvers.py", line 711, in urlconf_module
    return import_module(self.urlconf_name)
  File "/opt/alt/python310/lib64/python3.10/importlib/__init__.py", line 126, in import_module
    return _bootstrap._gcd_import(name[level:], package, level)
  File "<frozen importlib._bootstrap>", line 1050, in _gcd_import
  File "<frozen importlib._bootstrap>", line 1027, in _find_and_load
  File "<frozen importlib._bootstrap>", line 1006, in _find_and_load_unlocked
  File "<frozen importlib._bootstrap>", line 688, in _load_unlocked
  File "<frozen importlib._bootstrap_external>", line 883, in exec_module
  File "<frozen importlib._bootstrap>", line 241, in _call_with_frames_removed
  File "/home/hightech/project.columbiatransportation.com/air/air/urls.py", line 24, in <module>
    path('',include('main.urls'))
  File "/home/hightech/virtualenv/project.columbiatransportation.com/air/3.10/lib/python3.10/site-packages/django/urls/conf.py", line 39, in include
    urlconf_module = import_module(urlconf_module)
  File "/opt/alt/python310/lib64/python3.10/importlib/__init__.py", line 126, in import_module
    return _bootstrap._gcd_import(name[level:], package, level)
  File "<frozen importlib._bootstrap>", line 1050, in _gcd_import
  File "<frozen importlib._bootstrap>", line 1027, in _find_and_load
  File "<frozen importlib._bootstrap>", line 1006, in _find_and_load_unlocked
  File "<frozen importlib._bootstrap>", line 688, in _load_unlocked
  File "<frozen importlib._bootstrap_external>", line 883, in exec_module
  File "<frozen importlib._bootstrap>", line 241, in _call_with_frames_removed
  File "/home/hightech/project.columbiatransportation.com/air/main/urls.py", line 2, in <module>
    from .views import index
  File "/home/hightech/project.columbiatransportation.com/air/main/views.py", line 5, in <module>
    from .forms import InquiryForm, ContactForm, ScheduleContactForm
ImportError: cannot import name 'ScheduleContactForm' from 'main.forms' (/home/hightech/project.columbiatransportation.com/air/main/forms.py)
[ERROR] [UID:1788][55111] wsgiAppHandler pApp->start_response() return NULL.
Traceback (most recent call last):
  File "/home/hightech/virtualenv/project.columbiatransportation.com/air/3.10/lib/python3.10/site-packages/django/core/handlers/exception.py", line 55, in inner
    response = get_response(request)
  File "/home/hightech/virtualenv/project.columbiatransportation.com/air/3.10/lib/python3.10/site-packages/django/core/handlers/base.py", line 181, in _get_response
    callback, callback_args, callback_kwargs = self.resolve_request(request)
  File "/home/hightech/virtualenv/project.columbiatransportation.com/air/3.10/lib/python3.10/site-packages/django/core/handlers/base.py", line 313, in resolve_request
    resolver_match = resolver.resolve(request.path_info)
  File "/home/hightech/virtualenv/project.columbiatransportation.com/air/3.10/lib/python3.10/site-packages/django/urls/resolvers.py", line 666, in resolve
    for pattern in self.url_patterns:
  File "/home/hightech/virtualenv/project.columbiatransportation.com/air/3.10/lib/python3.10/site-packages/django/utils/functional.py", line 47, in __get__
    res = instance.__dict__[self.name] = self.func(instance)
  File "/home/hightech/virtualenv/project.columbiatransportation.com/air/3.10/lib/python3.10/site-packages/django/urls/resolvers.py", line 718, in url_patterns
    patterns = getattr(self.urlconf_module, "urlpatterns", self.urlconf_module)
  File "/home/hightech/virtualenv/project.columbiatransportation.com/air/3.10/lib/python3.10/site-packages/django/utils/functional.py", line 47, in __get__
    res = instance.__dict__[self.name] = self.func(instance)
  File "/home/hightech/virtualenv/project.columbiatransportation.com/air/3.10/lib/python3.10/site-packages/django/urls/resolvers.py", line 711, in urlconf_module
    return import_module(self.urlconf_name)
  File "/opt/alt/python310/lib64/python3.10/importlib/__init__.py", line 126, in import_module
    return _bootstrap._gcd_import(name[level:], package, level)
  File "<frozen importlib._bootstrap>", line 1050, in _gcd_import
  File "<frozen importlib._bootstrap>", line 1027, in _find_and_load
  File "<frozen importlib._bootstrap>", line 1006, in _find_and_load_unlocked
  File "<frozen importlib._bootstrap>", line 688, in _load_unlocked
  File "<frozen importlib._bootstrap_external>", line 883, in exec_module
  File "<frozen importlib._bootstrap>", line 241, in _call_with_frames_removed
  File "/home/hightech/project.columbiatransportation.com/air/air/urls.py", line 24, in <module>
    path('',include('main.urls'))
  File "/home/hightech/virtualenv/project.columbiatransportation.com/air/3.10/lib/python3.10/site-packages/django/urls/conf.py", line 39, in include
    urlconf_module = import_module(urlconf_module)
  File "/opt/alt/python310/lib64/python3.10/importlib/__init__.py", line 126, in import_module
    return _bootstrap._gcd_import(name[level:], package, level)
  File "<frozen importlib._bootstrap>", line 1050, in _gcd_import
  File "<frozen importlib._bootstrap>", line 1027, in _find_and_load
  File "<frozen importlib._bootstrap>", line 1006, in _find_and_load_unlocked
  File "<frozen importlib._bootstrap>", line 688, in _load_unlocked
  File "<frozen importlib._bootstrap_external>", line 883, in exec_module
  File "<frozen importlib._bootstrap>", line 241, in _call_with_frames_removed
  File "/home/hightech/project.columbiatransportation.com/air/main/urls.py", line 2, in <module>
    from .views import index
  File "/home/hightech/project.columbiatransportation.com/air/main/views.py", line 5, in <module>
    from .forms import InquiryForm, ContactForm, ScheduleContactForm
ImportError: cannot import name 'ScheduleContactForm' from 'main.forms' (/home/hightech/project.columbiatransportation.com/air/main/forms.py)

During handling of the above exception, another exception occurred:

Traceback (most recent call last):
  File "/home/hightech/virtualenv/project.columbiatransportation.com/air/3.10/lib/python3.10/site-packages/django/core/handlers/exception.py", line 55, in inner
    response = get_response(request)
  File "/home/hightech/virtualenv/project.columbiatransportation.com/air/3.10/lib/python3.10/site-packages/django/utils/deprecation.py", line 120, in __call__
    response = response or self.get_response(request)
  File "/home/hightech/virtualenv/project.columbiatransportation.com/air/3.10/lib/python3.10/site-packages/django/core/handlers/exception.py", line 57, in inner
    response = response_for_exception(request, exc)
  File "/home/hightech/virtualenv/project.columbiatransportation.com/air/3.10/lib/python3.10/site-packages/django/core/handlers/exception.py", line 141, in response_for_exception
    response = handle_uncaught_exception(
  File "/home/hightech/virtualenv/project.columbiatransportation.com/air/3.10/lib/python3.10/site-packages/django/core/handlers/exception.py", line 182, in handle_uncaught_exception
    return debug.technical_500_response(request, *exc_info)
  File "/home/hightech/virtualenv/project.columbiatransportation.com/air/3.10/lib/python3.10/site-packages/django/views/debug.py", line 69, in technical_500_response
    html = reporter.get_traceback_html()
  File "/home/hightech/virtualenv/project.columbiatransportation.com/air/3.10/lib/python3.10/site-packages/django/views/debug.py", line 428, in get_traceback_html
    c = Context(self.get_traceback_data(), use_l10n=False)
  File "/home/hightech/virtualenv/project.columbiatransportation.com/air/3.10/lib/python3.10/site-packages/django/views/debug.py", line 411, in get_traceback_data
    c["raising_view_name"] = get_caller(self.request)
  File "/home/hightech/virtualenv/project.columbiatransportation.com/air/3.10/lib/python3.10/site-packages/django/views/debug.py", line 102, in get_caller
    resolver_match = resolve(request.path)
  File "/home/hightech/virtualenv/project.columbiatransportation.com/air/3.10/lib/python3.10/site-packages/django/urls/base.py", line 25, in resolve
    return get_resolver(urlconf).resolve(path)
  File "/home/hightech/virtualenv/project.columbiatransportation.com/air/3.10/lib/python3.10/site-packages/django/urls/resolvers.py", line 666, in resolve
    for pattern in self.url_patterns:
  File "/home/hightech/virtualenv/project.columbiatransportation.com/air/3.10/lib/python3.10/site-packages/django/utils/functional.py", line 47, in __get__
    res = instance.__dict__[self.name] = self.func(instance)
  File "/home/hightech/virtualenv/project.columbiatransportation.com/air/3.10/lib/python3.10/site-packages/django/urls/resolvers.py", line 718, in url_patterns
    patterns = getattr(self.urlconf_module, "urlpatterns", self.urlconf_module)
  File "/home/hightech/virtualenv/project.columbiatransportation.com/air/3.10/lib/python3.10/site-packages/django/utils/functional.py", line 47, in __get__
    res = instance.__dict__[self.name] = self.func(instance)
  File "/home/hightech/virtualenv/project.columbiatransportation.com/air/3.10/lib/python3.10/site-packages/django/urls/resolvers.py", line 711, in urlconf_module
    return import_module(self.urlconf_name)
  File "/opt/alt/python310/lib64/python3.10/importlib/__init__.py", line 126, in import_module
    return _bootstrap._gcd_import(name[level:], package, level)
  File "<frozen importlib._bootstrap>", line 1050, in _gcd_import
  File "<frozen importlib._bootstrap>", line 1027, in _find_and_load
  File "<frozen importlib._bootstrap>", line 1006, in _find_and_load_unlocked
  File "<frozen importlib._bootstrap>", line 688, in _load_unlocked
  File "<frozen importlib._bootstrap_external>", line 883, in exec_module
  File "<frozen importlib._bootstrap>", line 241, in _call_with_frames_removed
  File "/home/hightech/project.columbiatransportation.com/air/air/urls.py", line 24, in <module>
    path('',include('main.urls'))
  File "/home/hightech/virtualenv/project.columbiatransportation.com/air/3.10/lib/python3.10/site-packages/django/urls/conf.py", line 39, in include
    urlconf_module = import_module(urlconf_module)
  File "/opt/alt/python310/lib64/python3.10/importlib/__init__.py", line 126, in import_module
    return _bootstrap._gcd_import(name[level:], package, level)
  File "<frozen importlib._bootstrap>", line 1050, in _gcd_import
  File "<frozen importlib._bootstrap>", line 1027, in _find_and_load
  File "<frozen importlib._bootstrap>", line 1006, in _find_and_load_unlocked
  File "<frozen importlib._bootstrap>", line 688, in _load_unlocked
  File "<frozen importlib._bootstrap_external>", line 883, in exec_module
  File "<frozen importlib._bootstrap>", line 241, in _call_with_frames_removed
  File "/home/hightech/project.columbiatransportation.com/air/main/urls.py", line 2, in <module>
    from .views import index
  File "/home/hightech/project.columbiatransportation.com/air/main/views.py", line 5, in <module>
    from .forms import InquiryForm, ContactForm, ScheduleContactForm
ImportError: cannot import name 'ScheduleContactForm' from 'main.forms' (/home/hightech/project.columbiatransportation.com/air/main/forms.py)

During handling of the above exception, another exception occurred:

Traceback (most recent call last):
  File "/home/hightech/virtualenv/project.columbiatransportation.com/air/3.10/lib/python3.10/site-packages/django/core/handlers/exception.py", line 55, in inner
    response = get_response(request)
  File "/home/hightech/virtualenv/project.columbiatransportation.com/air/3.10/lib/python3.10/site-packages/django/utils/deprecation.py", line 120, in __call__
    response = response or self.get_response(request)
  File "/home/hightech/virtualenv/project.columbiatransportation.com/air/3.10/lib/python3.10/site-packages/django/core/handlers/exception.py", line 57, in inner
    response = response_for_exception(request, exc)
  File "/home/hightech/virtualenv/project.columbiatransportation.com/air/3.10/lib/python3.10/site-packages/django/core/handlers/exception.py", line 141, in response_for_exception
    response = handle_uncaught_exception(
  File "/home/hightech/virtualenv/project.columbiatransportation.com/air/3.10/lib/python3.10/site-packages/django/core/handlers/exception.py", line 182, in handle_uncaught_exception
    return debug.technical_500_response(request, *exc_info)
  File "/home/hightech/virtualenv/project.columbiatransportation.com/air/3.10/lib/python3.10/site-packages/django/views/debug.py", line 69, in technical_500_response
    html = reporter.get_traceback_html()
  File "/home/hightech/virtualenv/project.columbiatransportation.com/air/3.10/lib/python3.10/site-packages/django/views/debug.py", line 428, in get_traceback_html
    c = Context(self.get_traceback_data(), use_l10n=False)
  File "/home/hightech/virtualenv/project.columbiatransportation.com/air/3.10/lib/python3.10/site-packages/django/views/debug.py", line 411, in get_traceback_data
    c["raising_view_name"] = get_caller(self.request)
  File "/home/hightech/virtualenv/project.columbiatransportation.com/air/3.10/lib/python3.10/site-packages/django/views/debug.py", line 102, in get_caller
    resolver_match = resolve(request.path)
  File "/home/hightech/virtualenv/project.columbiatransportation.com/air/3.10/lib/python3.10/site-packages/django/urls/base.py", line 25, in resolve
    return get_resolver(urlconf).resolve(path)
  File "/home/hightech/virtualenv/project.columbiatransportation.com/air/3.10/lib/python3.10/site-packages/django/urls/resolvers.py", line 666, in resolve
    for pattern in self.url_patterns:
  File "/home/hightech/virtualenv/project.columbiatransportation.com/air/3.10/lib/python3.10/site-packages/django/utils/functional.py", line 47, in __get__
    res = instance.__dict__[self.name] = self.func(instance)
  File "/home/hightech/virtualenv/project.columbiatransportation.com/air/3.10/lib/python3.10/site-packages/django/urls/resolvers.py", line 718, in url_patterns
    patterns = getattr(self.urlconf_module, "urlpatterns", self.urlconf_module)
  File "/home/hightech/virtualenv/project.columbiatransportation.com/air/3.10/lib/python3.10/site-packages/django/utils/functional.py", line 47, in __get__
    res = instance.__dict__[self.name] = self.func(instance)
  File "/home/hightech/virtualenv/project.columbiatransportation.com/air/3.10/lib/python3.10/site-packages/django/urls/resolvers.py", line 711, in urlconf_module
    return import_module(self.urlconf_name)
  File "/opt/alt/python310/lib64/python3.10/importlib/__init__.py", line 126, in import_module
    return _bootstrap._gcd_import(name[level:], package, level)
  File "<frozen importlib._bootstrap>", line 1050, in _gcd_import
  File "<frozen importlib._bootstrap>", line 1027, in _find_and_load
  File "<frozen importlib._bootstrap>", line 1006, in _find_and_load_unlocked
  File "<frozen importlib._bootstrap>", line 688, in _load_unlocked
  File "<frozen importlib._bootstrap_external>", line 883, in exec_module
  File "<frozen importlib._bootstrap>", line 241, in _call_with_frames_removed
  File "/home/hightech/project.columbiatransportation.com/air/air/urls.py", line 24, in <module>
    path('',include('main.urls'))
  File "/home/hightech/virtualenv/project.columbiatransportation.com/air/3.10/lib/python3.10/site-packages/django/urls/conf.py", line 39, in include
    urlconf_module = import_module(urlconf_module)
  File "/opt/alt/python310/lib64/python3.10/importlib/__init__.py", line 126, in import_module
    return _bootstrap._gcd_import(name[level:], package, level)
  File "<frozen importlib._bootstrap>", line 1050, in _gcd_import
  File "<frozen importlib._bootstrap>", line 1027, in _find_and_load
  File "<frozen importlib._bootstrap>", line 1006, in _find_and_load_unlocked
  File "<frozen importlib._bootstrap>", line 688, in _load_unlocked
  File "<frozen importlib._bootstrap_external>", line 883, in exec_module
  File "<frozen importlib._bootstrap>", line 241, in _call_with_frames_removed
  File "/home/hightech/project.columbiatransportation.com/air/main/urls.py", line 2, in <module>
    from .views import index
  File "/home/hightech/project.columbiatransportation.com/air/main/views.py", line 5, in <module>
    from .forms import InquiryForm, ContactForm, ScheduleContactForm
ImportError: cannot import name 'ScheduleContactForm' from 'main.forms' (/home/hightech/project.columbiatransportation.com/air/main/forms.py)

During handling of the above exception, another exception occurred:

Traceback (most recent call last):
  File "/home/hightech/virtualenv/project.columbiatransportation.com/air/3.10/lib/python3.10/site-packages/django/core/handlers/exception.py", line 55, in inner
    response = get_response(request)
  File "/home/hightech/virtualenv/project.columbiatransportation.com/air/3.10/lib/python3.10/site-packages/django/utils/deprecation.py", line 120, in __call__
    response = response or self.get_response(request)
  File "/home/hightech/virtualenv/project.columbiatransportation.com/air/3.10/lib/python3.10/site-packages/django/core/handlers/exception.py", line 57, in inner
    response = response_for_exception(request, exc)
  File "/home/hightech/virtualenv/project.columbiatransportation.com/air/3.10/lib/python3.10/site-packages/django/core/handlers/exception.py", line 141, in response_for_exception
    response = handle_uncaught_exception(
  File "/home/hightech/virtualenv/project.columbiatransportation.com/air/3.10/lib/python3.10/site-packages/django/core/handlers/exception.py", line 182, in handle_uncaught_exception
    return debug.technical_500_response(request, *exc_info)
  File "/home/hightech/virtualenv/project.columbiatransportation.com/air/3.10/lib/python3.10/site-packages/django/views/debug.py", line 69, in technical_500_response
    html = reporter.get_traceback_html()
  File "/home/hightech/virtualenv/project.columbiatransportation.com/air/3.10/lib/python3.10/site-packages/django/views/debug.py", line 428, in get_traceback_html
    c = Context(self.get_traceback_data(), use_l10n=False)
  File "/home/hightech/virtualenv/project.columbiatransportation.com/air/3.10/lib/python3.10/site-packages/django/views/debug.py", line 411, in get_traceback_data
    c["raising_view_name"] = get_caller(self.request)
  File "/home/hightech/virtualenv/project.columbiatransportation.com/air/3.10/lib/python3.10/site-packages/django/views/debug.py", line 102, in get_caller
    resolver_match = resolve(request.path)
  File "/home/hightech/virtualenv/project.columbiatransportation.com/air/3.10/lib/python3.10/site-packages/django/urls/base.py", line 25, in resolve
    return get_resolver(urlconf).resolve(path)
  File "/home/hightech/virtualenv/project.columbiatransportation.com/air/3.10/lib/python3.10/site-packages/django/urls/resolvers.py", line 666, in resolve
    for pattern in self.url_patterns:
  File "/home/hightech/virtualenv/project.columbiatransportation.com/air/3.10/lib/python3.10/site-packages/django/utils/functional.py", line 47, in __get__
    res = instance.__dict__[self.name] = self.func(instance)
  File "/home/hightech/virtualenv/project.columbiatransportation.com/air/3.10/lib/python3.10/site-packages/django/urls/resolvers.py", line 718, in url_patterns
    patterns = getattr(self.urlconf_module, "urlpatterns", self.urlconf_module)
  File "/home/hightech/virtualenv/project.columbiatransportation.com/air/3.10/lib/python3.10/site-packages/django/utils/functional.py", line 47, in __get__
    res = instance.__dict__[self.name] = self.func(instance)
  File "/home/hightech/virtualenv/project.columbiatransportation.com/air/3.10/lib/python3.10/site-packages/django/urls/resolvers.py", line 711, in urlconf_module
    return import_module(self.urlconf_name)
  File "/opt/alt/python310/lib64/python3.10/importlib/__init__.py", line 126, in import_module
    return _bootstrap._gcd_import(name[level:], package, level)
  File "<frozen importlib._bootstrap>", line 1050, in _gcd_import
  File "<frozen importlib._bootstrap>", line 1027, in _find_and_load
  File "<frozen importlib._bootstrap>", line 1006, in _find_and_load_unlocked
  File "<frozen importlib._bootstrap>", line 688, in _load_unlocked
  File "<frozen importlib._bootstrap_external>", line 883, in exec_module
  File "<frozen importlib._bootstrap>", line 241, in _call_with_frames_removed
  File "/home/hightech/project.columbiatransportation.com/air/air/urls.py", line 24, in <module>
    path('',include('main.urls'))
  File "/home/hightech/virtualenv/project.columbiatransportation.com/air/3.10/lib/python3.10/site-packages/django/urls/conf.py", line 39, in include
    urlconf_module = import_module(urlconf_module)
  File "/opt/alt/python310/lib64/python3.10/importlib/__init__.py", line 126, in import_module
    return _bootstrap._gcd_import(name[level:], package, level)
  File "<frozen importlib._bootstrap>", line 1050, in _gcd_import
  File "<frozen importlib._bootstrap>", line 1027, in _find_and_load
  File "<frozen importlib._bootstrap>", line 1006, in _find_and_load_unlocked
  File "<frozen importlib._bootstrap>", line 688, in _load_unlocked
  File "<frozen importlib._bootstrap_external>", line 883, in exec_module
  File "<frozen importlib._bootstrap>", line 241, in _call_with_frames_removed
  File "/home/hightech/project.columbiatransportation.com/air/main/urls.py", line 2, in <module>
    from .views import index
  File "/home/hightech/project.columbiatransportation.com/air/main/views.py", line 5, in <module>
    from .forms import InquiryForm, ContactForm, ScheduleContactForm
ImportError: cannot import name 'ScheduleContactForm' from 'main.forms' (/home/hightech/project.columbiatransportation.com/air/main/forms.py)

During handling of the above exception, another exception occurred:

Traceback (most recent call last):
  File "/home/hightech/virtualenv/project.columbiatransportation.com/air/3.10/lib/python3.10/site-packages/django/core/handlers/exception.py", line 55, in inner
    response = get_response(request)
  File "/home/hightech/virtualenv/project.columbiatransportation.com/air/3.10/lib/python3.10/site-packages/django/utils/deprecation.py", line 120, in __call__
    response = response or self.get_response(request)
  File "/home/hightech/virtualenv/project.columbiatransportation.com/air/3.10/lib/python3.10/site-packages/django/core/handlers/exception.py", line 57, in inner
    response = response_for_exception(request, exc)
  File "/home/hightech/virtualenv/project.columbiatransportation.com/air/3.10/lib/python3.10/site-packages/django/core/handlers/exception.py", line 141, in response_for_exception
    response = handle_uncaught_exception(
  File "/home/hightech/virtualenv/project.columbiatransportation.com/air/3.10/lib/python3.10/site-packages/django/core/handlers/exception.py", line 182, in handle_uncaught_exception
    return debug.technical_500_response(request, *exc_info)
  File "/home/hightech/virtualenv/project.columbiatransportation.com/air/3.10/lib/python3.10/site-packages/django/views/debug.py", line 69, in technical_500_response
    html = reporter.get_traceback_html()
  File "/home/hightech/virtualenv/project.columbiatransportation.com/air/3.10/lib/python3.10/site-packages/django/views/debug.py", line 428, in get_traceback_html
    c = Context(self.get_traceback_data(), use_l10n=False)
  File "/home/hightech/virtualenv/project.columbiatransportation.com/air/3.10/lib/python3.10/site-packages/django/views/debug.py", line 411, in get_traceback_data
    c["raising_view_name"] = get_caller(self.request)
  File "/home/hightech/virtualenv/project.columbiatransportation.com/air/3.10/lib/python3.10/site-packages/django/views/debug.py", line 102, in get_caller
    resolver_match = resolve(request.path)
  File "/home/hightech/virtualenv/project.columbiatransportation.com/air/3.10/lib/python3.10/site-packages/django/urls/base.py", line 25, in resolve
    return get_resolver(urlconf).resolve(path)
  File "/home/hightech/virtualenv/project.columbiatransportation.com/air/3.10/lib/python3.10/site-packages/django/urls/resolvers.py", line 666, in resolve
    for pattern in self.url_patterns:
  File "/home/hightech/virtualenv/project.columbiatransportation.com/air/3.10/lib/python3.10/site-packages/django/utils/functional.py", line 47, in __get__
    res = instance.__dict__[self.name] = self.func(instance)
  File "/home/hightech/virtualenv/project.columbiatransportation.com/air/3.10/lib/python3.10/site-packages/django/urls/resolvers.py", line 718, in url_patterns
    patterns = getattr(self.urlconf_module, "urlpatterns", self.urlconf_module)
  File "/home/hightech/virtualenv/project.columbiatransportation.com/air/3.10/lib/python3.10/site-packages/django/utils/functional.py", line 47, in __get__
    res = instance.__dict__[self.name] = self.func(instance)
  File "/home/hightech/virtualenv/project.columbiatransportation.com/air/3.10/lib/python3.10/site-packages/django/urls/resolvers.py", line 711, in urlconf_module
    return import_module(self.urlconf_name)
  File "/opt/alt/python310/lib64/python3.10/importlib/__init__.py", line 126, in import_module
    return _bootstrap._gcd_import(name[level:], package, level)
  File "<frozen importlib._bootstrap>", line 1050, in _gcd_import
  File "<frozen importlib._bootstrap>", line 1027, in _find_and_load
  File "<frozen importlib._bootstrap>", line 1006, in _find_and_load_unlocked
  File "<frozen importlib._bootstrap>", line 688, in _load_unlocked
  File "<frozen importlib._bootstrap_external>", line 883, in exec_module
  File "<frozen importlib._bootstrap>", line 241, in _call_with_frames_removed
  File "/home/hightech/project.columbiatransportation.com/air/air/urls.py", line 24, in <module>
    path('',include('main.urls'))
  File "/home/hightech/virtualenv/project.columbiatransportation.com/air/3.10/lib/python3.10/site-packages/django/urls/conf.py", line 39, in include
    urlconf_module = import_module(urlconf_module)
  File "/opt/alt/python310/lib64/python3.10/importlib/__init__.py", line 126, in import_module
    return _bootstrap._gcd_import(name[level:], package, level)
  File "<frozen importlib._bootstrap>", line 1050, in _gcd_import
  File "<frozen importlib._bootstrap>", line 1027, in _find_and_load
  File "<frozen importlib._bootstrap>", line 1006, in _find_and_load_unlocked
  File "<frozen importlib._bootstrap>", line 688, in _load_unlocked
  File "<frozen importlib._bootstrap_external>", line 883, in exec_module
  File "<frozen importlib._bootstrap>", line 241, in _call_with_frames_removed
  File "/home/hightech/project.columbiatransportation.com/air/main/urls.py", line 2, in <module>
    from .views import index
  File "/home/hightech/project.columbiatransportation.com/air/main/views.py", line 5, in <module>
    from .forms import InquiryForm, ContactForm, ScheduleContactForm
ImportError: cannot import name 'ScheduleContactForm' from 'main.forms' (/home/hightech/project.columbiatransportation.com/air/main/forms.py)

During handling of the above exception, another exception occurred:

Traceback (most recent call last):
  File "/home/hightech/virtualenv/project.columbiatransportation.com/air/3.10/lib/python3.10/site-packages/django/core/handlers/exception.py", line 55, in inner
    response = get_response(request)
  File "/home/hightech/virtualenv/project.columbiatransportation.com/air/3.10/lib/python3.10/site-packages/django/utils/deprecation.py", line 120, in __call__
    response = response or self.get_response(request)
  File "/home/hightech/virtualenv/project.columbiatransportation.com/air/3.10/lib/python3.10/site-packages/django/core/handlers/exception.py", line 57, in inner
    response = response_for_exception(request, exc)
  File "/home/hightech/virtualenv/project.columbiatransportation.com/air/3.10/lib/python3.10/site-packages/django/core/handlers/exception.py", line 141, in response_for_exception
    response = handle_uncaught_exception(
  File "/home/hightech/virtualenv/project.columbiatransportation.com/air/3.10/lib/python3.10/site-packages/django/core/handlers/exception.py", line 182, in handle_uncaught_exception
    return debug.technical_500_response(request, *exc_info)
  File "/home/hightech/virtualenv/project.columbiatransportation.com/air/3.10/lib/python3.10/site-packages/django/views/debug.py", line 69, in technical_500_response
    html = reporter.get_traceback_html()
  File "/home/hightech/virtualenv/project.columbiatransportation.com/air/3.10/lib/python3.10/site-packages/django/views/debug.py", line 428, in get_traceback_html
    c = Context(self.get_traceback_data(), use_l10n=False)
  File "/home/hightech/virtualenv/project.columbiatransportation.com/air/3.10/lib/python3.10/site-packages/django/views/debug.py", line 411, in get_traceback_data
    c["raising_view_name"] = get_caller(self.request)
  File "/home/hightech/virtualenv/project.columbiatransportation.com/air/3.10/lib/python3.10/site-packages/django/views/debug.py", line 102, in get_caller
    resolver_match = resolve(request.path)
  File "/home/hightech/virtualenv/project.columbiatransportation.com/air/3.10/lib/python3.10/site-packages/django/urls/base.py", line 25, in resolve
    return get_resolver(urlconf).resolve(path)
  File "/home/hightech/virtualenv/project.columbiatransportation.com/air/3.10/lib/python3.10/site-packages/django/urls/resolvers.py", line 666, in resolve
    for pattern in self.url_patterns:
  File "/home/hightech/virtualenv/project.columbiatransportation.com/air/3.10/lib/python3.10/site-packages/django/utils/functional.py", line 47, in __get__
    res = instance.__dict__[self.name] = self.func(instance)
  File "/home/hightech/virtualenv/project.columbiatransportation.com/air/3.10/lib/python3.10/site-packages/django/urls/resolvers.py", line 718, in url_patterns
    patterns = getattr(self.urlconf_module, "urlpatterns", self.urlconf_module)
  File "/home/hightech/virtualenv/project.columbiatransportation.com/air/3.10/lib/python3.10/site-packages/django/utils/functional.py", line 47, in __get__
    res = instance.__dict__[self.name] = self.func(instance)
  File "/home/hightech/virtualenv/project.columbiatransportation.com/air/3.10/lib/python3.10/site-packages/django/urls/resolvers.py", line 711, in urlconf_module
    return import_module(self.urlconf_name)
  File "/opt/alt/python310/lib64/python3.10/importlib/__init__.py", line 126, in import_module
    return _bootstrap._gcd_import(name[level:], package, level)
  File "<frozen importlib._bootstrap>", line 1050, in _gcd_import
  File "<frozen importlib._bootstrap>", line 1027, in _find_and_load
  File "<frozen importlib._bootstrap>", line 1006, in _find_and_load_unlocked
  File "<frozen importlib._bootstrap>", line 688, in _load_unlocked
  File "<frozen importlib._bootstrap_external>", line 883, in exec_module
  File "<frozen importlib._bootstrap>", line 241, in _call_with_frames_removed
  File "/home/hightech/project.columbiatransportation.com/air/air/urls.py", line 24, in <module>
    path('',include('main.urls'))
  File "/home/hightech/virtualenv/project.columbiatransportation.com/air/3.10/lib/python3.10/site-packages/django/urls/conf.py", line 39, in include
    urlconf_module = import_module(urlconf_module)
  File "/opt/alt/python310/lib64/python3.10/importlib/__init__.py", line 126, in import_module
    return _bootstrap._gcd_import(name[level:], package, level)
  File "<frozen importlib._bootstrap>", line 1050, in _gcd_import
  File "<frozen importlib._bootstrap>", line 1027, in _find_and_load
  File "<frozen importlib._bootstrap>", line 1006, in _find_and_load_unlocked
  File "<frozen importlib._bootstrap>", line 688, in _load_unlocked
  File "<frozen importlib._bootstrap_external>", line 883, in exec_module
  File "<frozen importlib._bootstrap>", line 241, in _call_with_frames_removed
  File "/home/hightech/project.columbiatransportation.com/air/main/urls.py", line 2, in <module>
    from .views import index
  File "/home/hightech/project.columbiatransportation.com/air/main/views.py", line 5, in <module>
    from .forms import InquiryForm, ContactForm, ScheduleContactForm
ImportError: cannot import name 'ScheduleContactForm' from 'main.forms' (/home/hightech/project.columbiatransportation.com/air/main/forms.py)

During handling of the above exception, another exception occurred:

Traceback (most recent call last):
  File "/home/hightech/virtualenv/project.columbiatransportation.com/air/3.10/lib/python3.10/site-packages/django/core/handlers/exception.py", line 55, in inner
    response = get_response(request)
  File "/home/hightech/virtualenv/project.columbiatransportation.com/air/3.10/lib/python3.10/site-packages/django/utils/deprecation.py", line 120, in __call__
    response = response or self.get_response(request)
  File "/home/hightech/virtualenv/project.columbiatransportation.com/air/3.10/lib/python3.10/site-packages/django/core/handlers/exception.py", line 57, in inner
    response = response_for_exception(request, exc)
  File "/home/hightech/virtualenv/project.columbiatransportation.com/air/3.10/lib/python3.10/site-packages/django/core/handlers/exception.py", line 141, in response_for_exception
    response = handle_uncaught_exception(
  File "/home/hightech/virtualenv/project.columbiatransportation.com/air/3.10/lib/python3.10/site-packages/django/core/handlers/exception.py", line 182, in handle_uncaught_exception
    return debug.technical_500_response(request, *exc_info)
  File "/home/hightech/virtualenv/project.columbiatransportation.com/air/3.10/lib/python3.10/site-packages/django/views/debug.py", line 69, in technical_500_response
    html = reporter.get_traceback_html()
  File "/home/hightech/virtualenv/project.columbiatransportation.com/air/3.10/lib/python3.10/site-packages/django/views/debug.py", line 428, in get_traceback_html
    c = Context(self.get_traceback_data(), use_l10n=False)
  File "/home/hightech/virtualenv/project.columbiatransportation.com/air/3.10/lib/python3.10/site-packages/django/views/debug.py", line 411, in get_traceback_data
    c["raising_view_name"] = get_caller(self.request)
  File "/home/hightech/virtualenv/project.columbiatransportation.com/air/3.10/lib/python3.10/site-packages/django/views/debug.py", line 102, in get_caller
    resolver_match = resolve(request.path)
  File "/home/hightech/virtualenv/project.columbiatransportation.com/air/3.10/lib/python3.10/site-packages/django/urls/base.py", line 25, in resolve
    return get_resolver(urlconf).resolve(path)
  File "/home/hightech/virtualenv/project.columbiatransportation.com/air/3.10/lib/python3.10/site-packages/django/urls/resolvers.py", line 666, in resolve
    for pattern in self.url_patterns:
  File "/home/hightech/virtualenv/project.columbiatransportation.com/air/3.10/lib/python3.10/site-packages/django/utils/functional.py", line 47, in __get__
    res = instance.__dict__[self.name] = self.func(instance)
  File "/home/hightech/virtualenv/project.columbiatransportation.com/air/3.10/lib/python3.10/site-packages/django/urls/resolvers.py", line 718, in url_patterns
    patterns = getattr(self.urlconf_module, "urlpatterns", self.urlconf_module)
  File "/home/hightech/virtualenv/project.columbiatransportation.com/air/3.10/lib/python3.10/site-packages/django/utils/functional.py", line 47, in __get__
    res = instance.__dict__[self.name] = self.func(instance)
  File "/home/hightech/virtualenv/project.columbiatransportation.com/air/3.10/lib/python3.10/site-packages/django/urls/resolvers.py", line 711, in urlconf_module
    return import_module(self.urlconf_name)
  File "/opt/alt/python310/lib64/python3.10/importlib/__init__.py", line 126, in import_module
    return _bootstrap._gcd_import(name[level:], package, level)
  File "<frozen importlib._bootstrap>", line 1050, in _gcd_import
  File "<frozen importlib._bootstrap>", line 1027, in _find_and_load
  File "<frozen importlib._bootstrap>", line 1006, in _find_and_load_unlocked
  File "<frozen importlib._bootstrap>", line 688, in _load_unlocked
  File "<frozen importlib._bootstrap_external>", line 883, in exec_module
  File "<frozen importlib._bootstrap>", line 241, in _call_with_frames_removed
  File "/home/hightech/project.columbiatransportation.com/air/air/urls.py", line 24, in <module>
    path('',include('main.urls'))
  File "/home/hightech/virtualenv/project.columbiatransportation.com/air/3.10/lib/python3.10/site-packages/django/urls/conf.py", line 39, in include
    urlconf_module = import_module(urlconf_module)
  File "/opt/alt/python310/lib64/python3.10/importlib/__init__.py", line 126, in import_module
    return _bootstrap._gcd_import(name[level:], package, level)
  File "<frozen importlib._bootstrap>", line 1050, in _gcd_import
  File "<frozen importlib._bootstrap>", line 1027, in _find_and_load
  File "<frozen importlib._bootstrap>", line 1006, in _find_and_load_unlocked
  File "<frozen importlib._bootstrap>", line 688, in _load_unlocked
  File "<frozen importlib._bootstrap_external>", line 883, in exec_module
  File "<frozen importlib._bootstrap>", line 241, in _call_with_frames_removed
  File "/home/hightech/project.columbiatransportation.com/air/main/urls.py", line 2, in <module>
    from .views import index
  File "/home/hightech/project.columbiatransportation.com/air/main/views.py", line 5, in <module>
    from .forms import InquiryForm, ContactForm, ScheduleContactForm
ImportError: cannot import name 'ScheduleContactForm' from 'main.forms' (/home/hightech/project.columbiatransportation.com/air/main/forms.py)

During handling of the above exception, another exception occurred:

Traceback (most recent call last):
  File "/home/hightech/virtualenv/project.columbiatransportation.com/air/3.10/lib/python3.10/site-packages/django/core/handlers/exception.py", line 55, in inner
    response = get_response(request)
  File "/home/hightech/virtualenv/project.columbiatransportation.com/air/3.10/lib/python3.10/site-packages/django/utils/deprecation.py", line 120, in __call__
    response = response or self.get_response(request)
  File "/home/hightech/virtualenv/project.columbiatransportation.com/air/3.10/lib/python3.10/site-packages/django/core/handlers/exception.py", line 57, in inner
    response = response_for_exception(request, exc)
  File "/home/hightech/virtualenv/project.columbiatransportation.com/air/3.10/lib/python3.10/site-packages/django/core/handlers/exception.py", line 141, in response_for_exception
    response = handle_uncaught_exception(
  File "/home/hightech/virtualenv/project.columbiatransportation.com/air/3.10/lib/python3.10/site-packages/django/core/handlers/exception.py", line 182, in handle_uncaught_exception
    return debug.technical_500_response(request, *exc_info)
  File "/home/hightech/virtualenv/project.columbiatransportation.com/air/3.10/lib/python3.10/site-packages/django/views/debug.py", line 69, in technical_500_response
    html = reporter.get_traceback_html()
  File "/home/hightech/virtualenv/project.columbiatransportation.com/air/3.10/lib/python3.10/site-packages/django/views/debug.py", line 428, in get_traceback_html
    c = Context(self.get_traceback_data(), use_l10n=False)
  File "/home/hightech/virtualenv/project.columbiatransportation.com/air/3.10/lib/python3.10/site-packages/django/views/debug.py", line 411, in get_traceback_data
    c["raising_view_name"] = get_caller(self.request)
  File "/home/hightech/virtualenv/project.columbiatransportation.com/air/3.10/lib/python3.10/site-packages/django/views/debug.py", line 102, in get_caller
    resolver_match = resolve(request.path)
  File "/home/hightech/virtualenv/project.columbiatransportation.com/air/3.10/lib/python3.10/site-packages/django/urls/base.py", line 25, in resolve
    return get_resolver(urlconf).resolve(path)
  File "/home/hightech/virtualenv/project.columbiatransportation.com/air/3.10/lib/python3.10/site-packages/django/urls/resolvers.py", line 666, in resolve
    for pattern in self.url_patterns:
  File "/home/hightech/virtualenv/project.columbiatransportation.com/air/3.10/lib/python3.10/site-packages/django/utils/functional.py", line 47, in __get__
    res = instance.__dict__[self.name] = self.func(instance)
  File "/home/hightech/virtualenv/project.columbiatransportation.com/air/3.10/lib/python3.10/site-packages/django/urls/resolvers.py", line 718, in url_patterns
    patterns = getattr(self.urlconf_module, "urlpatterns", self.urlconf_module)
  File "/home/hightech/virtualenv/project.columbiatransportation.com/air/3.10/lib/python3.10/site-packages/django/utils/functional.py", line 47, in __get__
    res = instance.__dict__[self.name] = self.func(instance)
  File "/home/hightech/virtualenv/project.columbiatransportation.com/air/3.10/lib/python3.10/site-packages/django/urls/resolvers.py", line 711, in urlconf_module
    return import_module(self.urlconf_name)
  File "/opt/alt/python310/lib64/python3.10/importlib/__init__.py", line 126, in import_module
    return _bootstrap._gcd_import(name[level:], package, level)
  File "<frozen importlib._bootstrap>", line 1050, in _gcd_import
  File "<frozen importlib._bootstrap>", line 1027, in _find_and_load
  File "<frozen importlib._bootstrap>", line 1006, in _find_and_load_unlocked
  File "<frozen importlib._bootstrap>", line 688, in _load_unlocked
  File "<frozen importlib._bootstrap_external>", line 883, in exec_module
  File "<frozen importlib._bootstrap>", line 241, in _call_with_frames_removed
  File "/home/hightech/project.columbiatransportation.com/air/air/urls.py", line 24, in <module>
    path('',include('main.urls'))
  File "/home/hightech/virtualenv/project.columbiatransportation.com/air/3.10/lib/python3.10/site-packages/django/urls/conf.py", line 39, in include
    urlconf_module = import_module(urlconf_module)
  File "/opt/alt/python310/lib64/python3.10/importlib/__init__.py", line 126, in import_module
    return _bootstrap._gcd_import(name[level:], package, level)
  File "<frozen importlib._bootstrap>", line 1050, in _gcd_import
  File "<frozen importlib._bootstrap>", line 1027, in _find_and_load
  File "<frozen importlib._bootstrap>", line 1006, in _find_and_load_unlocked
  File "<frozen importlib._bootstrap>", line 688, in _load_unlocked
  File "<frozen importlib._bootstrap_external>", line 883, in exec_module
  File "<frozen importlib._bootstrap>", line 241, in _call_with_frames_removed
  File "/home/hightech/project.columbiatransportation.com/air/main/urls.py", line 2, in <module>
    from .views import index
  File "/home/hightech/project.columbiatransportation.com/air/main/views.py", line 5, in <module>
    from .forms import InquiryForm, ContactForm, ScheduleContactForm
ImportError: cannot import name 'ScheduleContactForm' from 'main.forms' (/home/hightech/project.columbiatransportation.com/air/main/forms.py)

During handling of the above exception, another exception occurred:

Traceback (most recent call last):
  File "/home/hightech/virtualenv/project.columbiatransportation.com/air/3.10/lib/python3.10/site-packages/django/core/handlers/wsgi.py", line 124, in __call__
    response = self.get_response(request)
  File "/home/hightech/virtualenv/project.columbiatransportation.com/air/3.10/lib/python3.10/site-packages/django/core/handlers/base.py", line 140, in get_response
    response = self._middleware_chain(request)
  File "/home/hightech/virtualenv/project.columbiatransportation.com/air/3.10/lib/python3.10/site-packages/django/core/handlers/exception.py", line 57, in inner
    response = response_for_exception(request, exc)
  File "/home/hightech/virtualenv/project.columbiatransportation.com/air/3.10/lib/python3.10/site-packages/django/core/handlers/exception.py", line 141, in response_for_exception
    response = handle_uncaught_exception(
  File "/home/hightech/virtualenv/project.columbiatransportation.com/air/3.10/lib/python3.10/site-packages/django/core/handlers/exception.py", line 182, in handle_uncaught_exception
    return debug.technical_500_response(request, *exc_info)
  File "/home/hightech/virtualenv/project.columbiatransportation.com/air/3.10/lib/python3.10/site-packages/django/views/debug.py", line 69, in technical_500_response
    html = reporter.get_traceback_html()
  File "/home/hightech/virtualenv/project.columbiatransportation.com/air/3.10/lib/python3.10/site-packages/django/views/debug.py", line 428, in get_traceback_html
    c = Context(self.get_traceback_data(), use_l10n=False)
  File "/home/hightech/virtualenv/project.columbiatransportation.com/air/3.10/lib/python3.10/site-packages/django/views/debug.py", line 411, in get_traceback_data
    c["raising_view_name"] = get_caller(self.request)
  File "/home/hightech/virtualenv/project.columbiatransportation.com/air/3.10/lib/python3.10/site-packages/django/views/debug.py", line 102, in get_caller
    resolver_match = resolve(request.path)
  File "/home/hightech/virtualenv/project.columbiatransportation.com/air/3.10/lib/python3.10/site-packages/django/urls/base.py", line 25, in resolve
    return get_resolver(urlconf).resolve(path)
  File "/home/hightech/virtualenv/project.columbiatransportation.com/air/3.10/lib/python3.10/site-packages/django/urls/resolvers.py", line 666, in resolve
    for pattern in self.url_patterns:
  File "/home/hightech/virtualenv/project.columbiatransportation.com/air/3.10/lib/python3.10/site-packages/django/utils/functional.py", line 47, in __get__
    res = instance.__dict__[self.name] = self.func(instance)
  File "/home/hightech/virtualenv/project.columbiatransportation.com/air/3.10/lib/python3.10/site-packages/django/urls/resolvers.py", line 718, in url_patterns
    patterns = getattr(self.urlconf_module, "urlpatterns", self.urlconf_module)
  File "/home/hightech/virtualenv/project.columbiatransportation.com/air/3.10/lib/python3.10/site-packages/django/utils/functional.py", line 47, in __get__
    res = instance.__dict__[self.name] = self.func(instance)
  File "/home/hightech/virtualenv/project.columbiatransportation.com/air/3.10/lib/python3.10/site-packages/django/urls/resolvers.py", line 711, in urlconf_module
    return import_module(self.urlconf_name)
  File "/opt/alt/python310/lib64/python3.10/importlib/__init__.py", line 126, in import_module
    return _bootstrap._gcd_import(name[level:], package, level)
  File "<frozen importlib._bootstrap>", line 1050, in _gcd_import
  File "<frozen importlib._bootstrap>", line 1027, in _find_and_load
  File "<frozen importlib._bootstrap>", line 1006, in _find_and_load_unlocked
  File "<frozen importlib._bootstrap>", line 688, in _load_unlocked
  File "<frozen importlib._bootstrap_external>", line 883, in exec_module
  File "<frozen importlib._bootstrap>", line 241, in _call_with_frames_removed
  File "/home/hightech/project.columbiatransportation.com/air/air/urls.py", line 24, in <module>
    path('',include('main.urls'))
  File "/home/hightech/virtualenv/project.columbiatransportation.com/air/3.10/lib/python3.10/site-packages/django/urls/conf.py", line 39, in include
    urlconf_module = import_module(urlconf_module)
  File "/opt/alt/python310/lib64/python3.10/importlib/__init__.py", line 126, in import_module
    return _bootstrap._gcd_import(name[level:], package, level)
  File "<frozen importlib._bootstrap>", line 1050, in _gcd_import
  File "<frozen importlib._bootstrap>", line 1027, in _find_and_load
  File "<frozen importlib._bootstrap>", line 1006, in _find_and_load_unlocked
  File "<frozen importlib._bootstrap>", line 688, in _load_unlocked
  File "<frozen importlib._bootstrap_external>", line 883, in exec_module
  File "<frozen importlib._bootstrap>", line 241, in _call_with_frames_removed
  File "/home/hightech/project.columbiatransportation.com/air/main/urls.py", line 2, in <module>
    from .views import index
  File "/home/hightech/project.columbiatransportation.com/air/main/views.py", line 5, in <module>
    from .forms import InquiryForm, ContactForm, ScheduleContactForm
ImportError: cannot import name 'ScheduleContactForm' from 'main.forms' (/home/hightech/project.columbiatransportation.com/air/main/forms.py)
[ERROR] [UID:1788][55111] wsgiAppHandler pApp->start_response() return NULL.
Traceback (most recent call last):
  File "/home/hightech/virtualenv/project.columbiatransportation.com/air/3.10/lib/python3.10/site-packages/django/core/handlers/exception.py", line 55, in inner
    response = get_response(request)
  File "/home/hightech/virtualenv/project.columbiatransportation.com/air/3.10/lib/python3.10/site-packages/django/core/handlers/base.py", line 181, in _get_response
    callback, callback_args, callback_kwargs = self.resolve_request(request)
  File "/home/hightech/virtualenv/project.columbiatransportation.com/air/3.10/lib/python3.10/site-packages/django/core/handlers/base.py", line 313, in resolve_request
    resolver_match = resolver.resolve(request.path_info)
  File "/home/hightech/virtualenv/project.columbiatransportation.com/air/3.10/lib/python3.10/site-packages/django/urls/resolvers.py", line 666, in resolve
    for pattern in self.url_patterns:
  File "/home/hightech/virtualenv/project.columbiatransportation.com/air/3.10/lib/python3.10/site-packages/django/utils/functional.py", line 47, in __get__
    res = instance.__dict__[self.name] = self.func(instance)
  File "/home/hightech/virtualenv/project.columbiatransportation.com/air/3.10/lib/python3.10/site-packages/django/urls/resolvers.py", line 718, in url_patterns
    patterns = getattr(self.urlconf_module, "urlpatterns", self.urlconf_module)
  File "/home/hightech/virtualenv/project.columbiatransportation.com/air/3.10/lib/python3.10/site-packages/django/utils/functional.py", line 47, in __get__
    res = instance.__dict__[self.name] = self.func(instance)
  File "/home/hightech/virtualenv/project.columbiatransportation.com/air/3.10/lib/python3.10/site-packages/django/urls/resolvers.py", line 711, in urlconf_module
    return import_module(self.urlconf_name)
  File "/opt/alt/python310/lib64/python3.10/importlib/__init__.py", line 126, in import_module
    return _bootstrap._gcd_import(name[level:], package, level)
  File "<frozen importlib._bootstrap>", line 1050, in _gcd_import
  File "<frozen importlib._bootstrap>", line 1027, in _find_and_load
  File "<frozen importlib._bootstrap>", line 1006, in _find_and_load_unlocked
  File "<frozen importlib._bootstrap>", line 688, in _load_unlocked
  File "<frozen importlib._bootstrap_external>", line 883, in exec_module
  File "<frozen importlib._bootstrap>", line 241, in _call_with_frames_removed
  File "/home/hightech/project.columbiatransportation.com/air/air/urls.py", line 24, in <module>
    path('',include('main.urls'))
  File "/home/hightech/virtualenv/project.columbiatransportation.com/air/3.10/lib/python3.10/site-packages/django/urls/conf.py", line 39, in include
    urlconf_module = import_module(urlconf_module)
  File "/opt/alt/python310/lib64/python3.10/importlib/__init__.py", line 126, in import_module
    return _bootstrap._gcd_import(name[level:], package, level)
  File "<frozen importlib._bootstrap>", line 1050, in _gcd_import
  File "<frozen importlib._bootstrap>", line 1027, in _find_and_load
  File "<frozen importlib._bootstrap>", line 1006, in _find_and_load_unlocked
  File "<frozen importlib._bootstrap>", line 688, in _load_unlocked
  File "<frozen importlib._bootstrap_external>", line 883, in exec_module
  File "<frozen importlib._bootstrap>", line 241, in _call_with_frames_removed
  File "/home/hightech/project.columbiatransportation.com/air/main/urls.py", line 2, in <module>
    from .views import index
  File "/home/hightech/project.columbiatransportation.com/air/main/views.py", line 5, in <module>
    from .forms import InquiryForm, ContactForm, ScheduleContactForm
ImportError: cannot import name 'ScheduleContactForm' from 'main.forms' (/home/hightech/project.columbiatransportation.com/air/main/forms.py)

During handling of the above exception, another exception occurred:

Traceback (most recent call last):
  File "/home/hightech/virtualenv/project.columbiatransportation.com/air/3.10/lib/python3.10/site-packages/django/core/handlers/exception.py", line 55, in inner
    response = get_response(request)
  File "/home/hightech/virtualenv/project.columbiatransportation.com/air/3.10/lib/python3.10/site-packages/django/utils/deprecation.py", line 120, in __call__
    response = response or self.get_response(request)
  File "/home/hightech/virtualenv/project.columbiatransportation.com/air/3.10/lib/python3.10/site-packages/django/core/handlers/exception.py", line 57, in inner
    response = response_for_exception(request, exc)
  File "/home/hightech/virtualenv/project.columbiatransportation.com/air/3.10/lib/python3.10/site-packages/django/core/handlers/exception.py", line 141, in response_for_exception
    response = handle_uncaught_exception(
  File "/home/hightech/virtualenv/project.columbiatransportation.com/air/3.10/lib/python3.10/site-packages/django/core/handlers/exception.py", line 182, in handle_uncaught_exception
    return debug.technical_500_response(request, *exc_info)
  File "/home/hightech/virtualenv/project.columbiatransportation.com/air/3.10/lib/python3.10/site-packages/django/views/debug.py", line 69, in technical_500_response
    html = reporter.get_traceback_html()
  File "/home/hightech/virtualenv/project.columbiatransportation.com/air/3.10/lib/python3.10/site-packages/django/views/debug.py", line 428, in get_traceback_html
    c = Context(self.get_traceback_data(), use_l10n=False)
  File "/home/hightech/virtualenv/project.columbiatransportation.com/air/3.10/lib/python3.10/site-packages/django/views/debug.py", line 411, in get_traceback_data
    c["raising_view_name"] = get_caller(self.request)
  File "/home/hightech/virtualenv/project.columbiatransportation.com/air/3.10/lib/python3.10/site-packages/django/views/debug.py", line 102, in get_caller
    resolver_match = resolve(request.path)
  File "/home/hightech/virtualenv/project.columbiatransportation.com/air/3.10/lib/python3.10/site-packages/django/urls/base.py", line 25, in resolve
    return get_resolver(urlconf).resolve(path)
  File "/home/hightech/virtualenv/project.columbiatransportation.com/air/3.10/lib/python3.10/site-packages/django/urls/resolvers.py", line 666, in resolve
    for pattern in self.url_patterns:
  File "/home/hightech/virtualenv/project.columbiatransportation.com/air/3.10/lib/python3.10/site-packages/django/utils/functional.py", line 47, in __get__
    res = instance.__dict__[self.name] = self.func(instance)
  File "/home/hightech/virtualenv/project.columbiatransportation.com/air/3.10/lib/python3.10/site-packages/django/urls/resolvers.py", line 718, in url_patterns
    patterns = getattr(self.urlconf_module, "urlpatterns", self.urlconf_module)
  File "/home/hightech/virtualenv/project.columbiatransportation.com/air/3.10/lib/python3.10/site-packages/django/utils/functional.py", line 47, in __get__
    res = instance.__dict__[self.name] = self.func(instance)
  File "/home/hightech/virtualenv/project.columbiatransportation.com/air/3.10/lib/python3.10/site-packages/django/urls/resolvers.py", line 711, in urlconf_module
    return import_module(self.urlconf_name)
  File "/opt/alt/python310/lib64/python3.10/importlib/__init__.py", line 126, in import_module
    return _bootstrap._gcd_import(name[level:], package, level)
  File "<frozen importlib._bootstrap>", line 1050, in _gcd_import
  File "<frozen importlib._bootstrap>", line 1027, in _find_and_load
  File "<frozen importlib._bootstrap>", line 1006, in _find_and_load_unlocked
  File "<frozen importlib._bootstrap>", line 688, in _load_unlocked
  File "<frozen importlib._bootstrap_external>", line 883, in exec_module
  File "<frozen importlib._bootstrap>", line 241, in _call_with_frames_removed
  File "/home/hightech/project.columbiatransportation.com/air/air/urls.py", line 24, in <module>
    path('',include('main.urls'))
  File "/home/hightech/virtualenv/project.columbiatransportation.com/air/3.10/lib/python3.10/site-packages/django/urls/conf.py", line 39, in include
    urlconf_module = import_module(urlconf_module)
  File "/opt/alt/python310/lib64/python3.10/importlib/__init__.py", line 126, in import_module
    return _bootstrap._gcd_import(name[level:], package, level)
  File "<frozen importlib._bootstrap>", line 1050, in _gcd_import
  File "<frozen importlib._bootstrap>", line 1027, in _find_and_load
  File "<frozen importlib._bootstrap>", line 1006, in _find_and_load_unlocked
  File "<frozen importlib._bootstrap>", line 688, in _load_unlocked
  File "<frozen importlib._bootstrap_external>", line 883, in exec_module
  File "<frozen importlib._bootstrap>", line 241, in _call_with_frames_removed
  File "/home/hightech/project.columbiatransportation.com/air/main/urls.py", line 2, in <module>
    from .views import index
  File "/home/hightech/project.columbiatransportation.com/air/main/views.py", line 5, in <module>
    from .forms import InquiryForm, ContactForm, ScheduleContactForm
ImportError: cannot import name 'ScheduleContactForm' from 'main.forms' (/home/hightech/project.columbiatransportation.com/air/main/forms.py)

During handling of the above exception, another exception occurred:

Traceback (most recent call last):
  File "/home/hightech/virtualenv/project.columbiatransportation.com/air/3.10/lib/python3.10/site-packages/django/core/handlers/exception.py", line 55, in inner
    response = get_response(request)
  File "/home/hightech/virtualenv/project.columbiatransportation.com/air/3.10/lib/python3.10/site-packages/django/utils/deprecation.py", line 120, in __call__
    response = response or self.get_response(request)
  File "/home/hightech/virtualenv/project.columbiatransportation.com/air/3.10/lib/python3.10/site-packages/django/core/handlers/exception.py", line 57, in inner
    response = response_for_exception(request, exc)
  File "/home/hightech/virtualenv/project.columbiatransportation.com/air/3.10/lib/python3.10/site-packages/django/core/handlers/exception.py", line 141, in response_for_exception
    response = handle_uncaught_exception(
  File "/home/hightech/virtualenv/project.columbiatransportation.com/air/3.10/lib/python3.10/site-packages/django/core/handlers/exception.py", line 182, in handle_uncaught_exception
    return debug.technical_500_response(request, *exc_info)
  File "/home/hightech/virtualenv/project.columbiatransportation.com/air/3.10/lib/python3.10/site-packages/django/views/debug.py", line 69, in technical_500_response
    html = reporter.get_traceback_html()
  File "/home/hightech/virtualenv/project.columbiatransportation.com/air/3.10/lib/python3.10/site-packages/django/views/debug.py", line 428, in get_traceback_html
    c = Context(self.get_traceback_data(), use_l10n=False)
  File "/home/hightech/virtualenv/project.columbiatransportation.com/air/3.10/lib/python3.10/site-packages/django/views/debug.py", line 411, in get_traceback_data
    c["raising_view_name"] = get_caller(self.request)
  File "/home/hightech/virtualenv/project.columbiatransportation.com/air/3.10/lib/python3.10/site-packages/django/views/debug.py", line 102, in get_caller
    resolver_match = resolve(request.path)
  File "/home/hightech/virtualenv/project.columbiatransportation.com/air/3.10/lib/python3.10/site-packages/django/urls/base.py", line 25, in resolve
    return get_resolver(urlconf).resolve(path)
  File "/home/hightech/virtualenv/project.columbiatransportation.com/air/3.10/lib/python3.10/site-packages/django/urls/resolvers.py", line 666, in resolve
    for pattern in self.url_patterns:
  File "/home/hightech/virtualenv/project.columbiatransportation.com/air/3.10/lib/python3.10/site-packages/django/utils/functional.py", line 47, in __get__
    res = instance.__dict__[self.name] = self.func(instance)
  File "/home/hightech/virtualenv/project.columbiatransportation.com/air/3.10/lib/python3.10/site-packages/django/urls/resolvers.py", line 718, in url_patterns
    patterns = getattr(self.urlconf_module, "urlpatterns", self.urlconf_module)
  File "/home/hightech/virtualenv/project.columbiatransportation.com/air/3.10/lib/python3.10/site-packages/django/utils/functional.py", line 47, in __get__
    res = instance.__dict__[self.name] = self.func(instance)
  File "/home/hightech/virtualenv/project.columbiatransportation.com/air/3.10/lib/python3.10/site-packages/django/urls/resolvers.py", line 711, in urlconf_module
    return import_module(self.urlconf_name)
  File "/opt/alt/python310/lib64/python3.10/importlib/__init__.py", line 126, in import_module
    return _bootstrap._gcd_import(name[level:], package, level)
  File "<frozen importlib._bootstrap>", line 1050, in _gcd_import
  File "<frozen importlib._bootstrap>", line 1027, in _find_and_load
  File "<frozen importlib._bootstrap>", line 1006, in _find_and_load_unlocked
  File "<frozen importlib._bootstrap>", line 688, in _load_unlocked
  File "<frozen importlib._bootstrap_external>", line 883, in exec_module
  File "<frozen importlib._bootstrap>", line 241, in _call_with_frames_removed
  File "/home/hightech/project.columbiatransportation.com/air/air/urls.py", line 24, in <module>
    path('',include('main.urls'))
  File "/home/hightech/virtualenv/project.columbiatransportation.com/air/3.10/lib/python3.10/site-packages/django/urls/conf.py", line 39, in include
    urlconf_module = import_module(urlconf_module)
  File "/opt/alt/python310/lib64/python3.10/importlib/__init__.py", line 126, in import_module
    return _bootstrap._gcd_import(name[level:], package, level)
  File "<frozen importlib._bootstrap>", line 1050, in _gcd_import
  File "<frozen importlib._bootstrap>", line 1027, in _find_and_load
  File "<frozen importlib._bootstrap>", line 1006, in _find_and_load_unlocked
  File "<frozen importlib._bootstrap>", line 688, in _load_unlocked
  File "<frozen importlib._bootstrap_external>", line 883, in exec_module
  File "<frozen importlib._bootstrap>", line 241, in _call_with_frames_removed
  File "/home/hightech/project.columbiatransportation.com/air/main/urls.py", line 2, in <module>
    from .views import index
  File "/home/hightech/project.columbiatransportation.com/air/main/views.py", line 5, in <module>
    from .forms import InquiryForm, ContactForm, ScheduleContactForm
ImportError: cannot import name 'ScheduleContactForm' from 'main.forms' (/home/hightech/project.columbiatransportation.com/air/main/forms.py)

During handling of the above exception, another exception occurred:

Traceback (most recent call last):
  File "/home/hightech/virtualenv/project.columbiatransportation.com/air/3.10/lib/python3.10/site-packages/django/core/handlers/exception.py", line 55, in inner
    response = get_response(request)
  File "/home/hightech/virtualenv/project.columbiatransportation.com/air/3.10/lib/python3.10/site-packages/django/utils/deprecation.py", line 120, in __call__
    response = response or self.get_response(request)
  File "/home/hightech/virtualenv/project.columbiatransportation.com/air/3.10/lib/python3.10/site-packages/django/core/handlers/exception.py", line 57, in inner
    response = response_for_exception(request, exc)
  File "/home/hightech/virtualenv/project.columbiatransportation.com/air/3.10/lib/python3.10/site-packages/django/core/handlers/exception.py", line 141, in response_for_exception
    response = handle_uncaught_exception(
  File "/home/hightech/virtualenv/project.columbiatransportation.com/air/3.10/lib/python3.10/site-packages/django/core/handlers/exception.py", line 182, in handle_uncaught_exception
    return debug.technical_500_response(request, *exc_info)
  File "/home/hightech/virtualenv/project.columbiatransportation.com/air/3.10/lib/python3.10/site-packages/django/views/debug.py", line 69, in technical_500_response
    html = reporter.get_traceback_html()
  File "/home/hightech/virtualenv/project.columbiatransportation.com/air/3.10/lib/python3.10/site-packages/django/views/debug.py", line 428, in get_traceback_html
    c = Context(self.get_traceback_data(), use_l10n=False)
  File "/home/hightech/virtualenv/project.columbiatransportation.com/air/3.10/lib/python3.10/site-packages/django/views/debug.py", line 411, in get_traceback_data
    c["raising_view_name"] = get_caller(self.request)
  File "/home/hightech/virtualenv/project.columbiatransportation.com/air/3.10/lib/python3.10/site-packages/django/views/debug.py", line 102, in get_caller
    resolver_match = resolve(request.path)
  File "/home/hightech/virtualenv/project.columbiatransportation.com/air/3.10/lib/python3.10/site-packages/django/urls/base.py", line 25, in resolve
    return get_resolver(urlconf).resolve(path)
  File "/home/hightech/virtualenv/project.columbiatransportation.com/air/3.10/lib/python3.10/site-packages/django/urls/resolvers.py", line 666, in resolve
    for pattern in self.url_patterns:
  File "/home/hightech/virtualenv/project.columbiatransportation.com/air/3.10/lib/python3.10/site-packages/django/utils/functional.py", line 47, in __get__
    res = instance.__dict__[self.name] = self.func(instance)
  File "/home/hightech/virtualenv/project.columbiatransportation.com/air/3.10/lib/python3.10/site-packages/django/urls/resolvers.py", line 718, in url_patterns
    patterns = getattr(self.urlconf_module, "urlpatterns", self.urlconf_module)
  File "/home/hightech/virtualenv/project.columbiatransportation.com/air/3.10/lib/python3.10/site-packages/django/utils/functional.py", line 47, in __get__
    res = instance.__dict__[self.name] = self.func(instance)
  File "/home/hightech/virtualenv/project.columbiatransportation.com/air/3.10/lib/python3.10/site-packages/django/urls/resolvers.py", line 711, in urlconf_module
    return import_module(self.urlconf_name)
  File "/opt/alt/python310/lib64/python3.10/importlib/__init__.py", line 126, in import_module
    return _bootstrap._gcd_import(name[level:], package, level)
  File "<frozen importlib._bootstrap>", line 1050, in _gcd_import
  File "<frozen importlib._bootstrap>", line 1027, in _find_and_load
  File "<frozen importlib._bootstrap>", line 1006, in _find_and_load_unlocked
  File "<frozen importlib._bootstrap>", line 688, in _load_unlocked
  File "<frozen importlib._bootstrap_external>", line 883, in exec_module
  File "<frozen importlib._bootstrap>", line 241, in _call_with_frames_removed
  File "/home/hightech/project.columbiatransportation.com/air/air/urls.py", line 24, in <module>
    path('',include('main.urls'))
  File "/home/hightech/virtualenv/project.columbiatransportation.com/air/3.10/lib/python3.10/site-packages/django/urls/conf.py", line 39, in include
    urlconf_module = import_module(urlconf_module)
  File "/opt/alt/python310/lib64/python3.10/importlib/__init__.py", line 126, in import_module
    return _bootstrap._gcd_import(name[level:], package, level)
  File "<frozen importlib._bootstrap>", line 1050, in _gcd_import
  File "<frozen importlib._bootstrap>", line 1027, in _find_and_load
  File "<frozen importlib._bootstrap>", line 1006, in _find_and_load_unlocked
  File "<frozen importlib._bootstrap>", line 688, in _load_unlocked
  File "<frozen importlib._bootstrap_external>", line 883, in exec_module
  File "<frozen importlib._bootstrap>", line 241, in _call_with_frames_removed
  File "/home/hightech/project.columbiatransportation.com/air/main/urls.py", line 2, in <module>
    from .views import index
  File "/home/hightech/project.columbiatransportation.com/air/main/views.py", line 5, in <module>
    from .forms import InquiryForm, ContactForm, ScheduleContactForm
ImportError: cannot import name 'ScheduleContactForm' from 'main.forms' (/home/hightech/project.columbiatransportation.com/air/main/forms.py)

During handling of the above exception, another exception occurred:

Traceback (most recent call last):
  File "/home/hightech/virtualenv/project.columbiatransportation.com/air/3.10/lib/python3.10/site-packages/django/core/handlers/exception.py", line 55, in inner
    response = get_response(request)
  File "/home/hightech/virtualenv/project.columbiatransportation.com/air/3.10/lib/python3.10/site-packages/django/utils/deprecation.py", line 120, in __call__
    response = response or self.get_response(request)
  File "/home/hightech/virtualenv/project.columbiatransportation.com/air/3.10/lib/python3.10/site-packages/django/core/handlers/exception.py", line 57, in inner
    response = response_for_exception(request, exc)
  File "/home/hightech/virtualenv/project.columbiatransportation.com/air/3.10/lib/python3.10/site-packages/django/core/handlers/exception.py", line 141, in response_for_exception
    response = handle_uncaught_exception(
  File "/home/hightech/virtualenv/project.columbiatransportation.com/air/3.10/lib/python3.10/site-packages/django/core/handlers/exception.py", line 182, in handle_uncaught_exception
    return debug.technical_500_response(request, *exc_info)
  File "/home/hightech/virtualenv/project.columbiatransportation.com/air/3.10/lib/python3.10/site-packages/django/views/debug.py", line 69, in technical_500_response
    html = reporter.get_traceback_html()
  File "/home/hightech/virtualenv/project.columbiatransportation.com/air/3.10/lib/python3.10/site-packages/django/views/debug.py", line 428, in get_traceback_html
    c = Context(self.get_traceback_data(), use_l10n=False)
  File "/home/hightech/virtualenv/project.columbiatransportation.com/air/3.10/lib/python3.10/site-packages/django/views/debug.py", line 411, in get_traceback_data
    c["raising_view_name"] = get_caller(self.request)
  File "/home/hightech/virtualenv/project.columbiatransportation.com/air/3.10/lib/python3.10/site-packages/django/views/debug.py", line 102, in get_caller
    resolver_match = resolve(request.path)
  File "/home/hightech/virtualenv/project.columbiatransportation.com/air/3.10/lib/python3.10/site-packages/django/urls/base.py", line 25, in resolve
    return get_resolver(urlconf).resolve(path)
  File "/home/hightech/virtualenv/project.columbiatransportation.com/air/3.10/lib/python3.10/site-packages/django/urls/resolvers.py", line 666, in resolve
    for pattern in self.url_patterns:
  File "/home/hightech/virtualenv/project.columbiatransportation.com/air/3.10/lib/python3.10/site-packages/django/utils/functional.py", line 47, in __get__
    res = instance.__dict__[self.name] = self.func(instance)
  File "/home/hightech/virtualenv/project.columbiatransportation.com/air/3.10/lib/python3.10/site-packages/django/urls/resolvers.py", line 718, in url_patterns
    patterns = getattr(self.urlconf_module, "urlpatterns", self.urlconf_module)
  File "/home/hightech/virtualenv/project.columbiatransportation.com/air/3.10/lib/python3.10/site-packages/django/utils/functional.py", line 47, in __get__
    res = instance.__dict__[self.name] = self.func(instance)
  File "/home/hightech/virtualenv/project.columbiatransportation.com/air/3.10/lib/python3.10/site-packages/django/urls/resolvers.py", line 711, in urlconf_module
    return import_module(self.urlconf_name)
  File "/opt/alt/python310/lib64/python3.10/importlib/__init__.py", line 126, in import_module
    return _bootstrap._gcd_import(name[level:], package, level)
  File "<frozen importlib._bootstrap>", line 1050, in _gcd_import
  File "<frozen importlib._bootstrap>", line 1027, in _find_and_load
  File "<frozen importlib._bootstrap>", line 1006, in _find_and_load_unlocked
  File "<frozen importlib._bootstrap>", line 688, in _load_unlocked
  File "<frozen importlib._bootstrap_external>", line 883, in exec_module
  File "<frozen importlib._bootstrap>", line 241, in _call_with_frames_removed
  File "/home/hightech/project.columbiatransportation.com/air/air/urls.py", line 24, in <module>
    path('',include('main.urls'))
  File "/home/hightech/virtualenv/project.columbiatransportation.com/air/3.10/lib/python3.10/site-packages/django/urls/conf.py", line 39, in include
    urlconf_module = import_module(urlconf_module)
  File "/opt/alt/python310/lib64/python3.10/importlib/__init__.py", line 126, in import_module
    return _bootstrap._gcd_import(name[level:], package, level)
  File "<frozen importlib._bootstrap>", line 1050, in _gcd_import
  File "<frozen importlib._bootstrap>", line 1027, in _find_and_load
  File "<frozen importlib._bootstrap>", line 1006, in _find_and_load_unlocked
  File "<frozen importlib._bootstrap>", line 688, in _load_unlocked
  File "<frozen importlib._bootstrap_external>", line 883, in exec_module
  File "<frozen importlib._bootstrap>", line 241, in _call_with_frames_removed
  File "/home/hightech/project.columbiatransportation.com/air/main/urls.py", line 2, in <module>
    from .views import index
  File "/home/hightech/project.columbiatransportation.com/air/main/views.py", line 5, in <module>
    from .forms import InquiryForm, ContactForm, ScheduleContactForm
ImportError: cannot import name 'ScheduleContactForm' from 'main.forms' (/home/hightech/project.columbiatransportation.com/air/main/forms.py)

During handling of the above exception, another exception occurred:

Traceback (most recent call last):
  File "/home/hightech/virtualenv/project.columbiatransportation.com/air/3.10/lib/python3.10/site-packages/django/core/handlers/exception.py", line 55, in inner
    response = get_response(request)
  File "/home/hightech/virtualenv/project.columbiatransportation.com/air/3.10/lib/python3.10/site-packages/django/utils/deprecation.py", line 120, in __call__
    response = response or self.get_response(request)
  File "/home/hightech/virtualenv/project.columbiatransportation.com/air/3.10/lib/python3.10/site-packages/django/core/handlers/exception.py", line 57, in inner
    response = response_for_exception(request, exc)
  File "/home/hightech/virtualenv/project.columbiatransportation.com/air/3.10/lib/python3.10/site-packages/django/core/handlers/exception.py", line 141, in response_for_exception
    response = handle_uncaught_exception(
  File "/home/hightech/virtualenv/project.columbiatransportation.com/air/3.10/lib/python3.10/site-packages/django/core/handlers/exception.py", line 182, in handle_uncaught_exception
    return debug.technical_500_response(request, *exc_info)
  File "/home/hightech/virtualenv/project.columbiatransportation.com/air/3.10/lib/python3.10/site-packages/django/views/debug.py", line 69, in technical_500_response
    html = reporter.get_traceback_html()
  File "/home/hightech/virtualenv/project.columbiatransportation.com/air/3.10/lib/python3.10/site-packages/django/views/debug.py", line 428, in get_traceback_html
    c = Context(self.get_traceback_data(), use_l10n=False)
  File "/home/hightech/virtualenv/project.columbiatransportation.com/air/3.10/lib/python3.10/site-packages/django/views/debug.py", line 411, in get_traceback_data
    c["raising_view_name"] = get_caller(self.request)
  File "/home/hightech/virtualenv/project.columbiatransportation.com/air/3.10/lib/python3.10/site-packages/django/views/debug.py", line 102, in get_caller
    resolver_match = resolve(request.path)
  File "/home/hightech/virtualenv/project.columbiatransportation.com/air/3.10/lib/python3.10/site-packages/django/urls/base.py", line 25, in resolve
    return get_resolver(urlconf).resolve(path)
  File "/home/hightech/virtualenv/project.columbiatransportation.com/air/3.10/lib/python3.10/site-packages/django/urls/resolvers.py", line 666, in resolve
    for pattern in self.url_patterns:
  File "/home/hightech/virtualenv/project.columbiatransportation.com/air/3.10/lib/python3.10/site-packages/django/utils/functional.py", line 47, in __get__
    res = instance.__dict__[self.name] = self.func(instance)
  File "/home/hightech/virtualenv/project.columbiatransportation.com/air/3.10/lib/python3.10/site-packages/django/urls/resolvers.py", line 718, in url_patterns
    patterns = getattr(self.urlconf_module, "urlpatterns", self.urlconf_module)
  File "/home/hightech/virtualenv/project.columbiatransportation.com/air/3.10/lib/python3.10/site-packages/django/utils/functional.py", line 47, in __get__
    res = instance.__dict__[self.name] = self.func(instance)
  File "/home/hightech/virtualenv/project.columbiatransportation.com/air/3.10/lib/python3.10/site-packages/django/urls/resolvers.py", line 711, in urlconf_module
    return import_module(self.urlconf_name)
  File "/opt/alt/python310/lib64/python3.10/importlib/__init__.py", line 126, in import_module
    return _bootstrap._gcd_import(name[level:], package, level)
  File "<frozen importlib._bootstrap>", line 1050, in _gcd_import
  File "<frozen importlib._bootstrap>", line 1027, in _find_and_load
  File "<frozen importlib._bootstrap>", line 1006, in _find_and_load_unlocked
  File "<frozen importlib._bootstrap>", line 688, in _load_unlocked
  File "<frozen importlib._bootstrap_external>", line 883, in exec_module
  File "<frozen importlib._bootstrap>", line 241, in _call_with_frames_removed
  File "/home/hightech/project.columbiatransportation.com/air/air/urls.py", line 24, in <module>
    path('',include('main.urls'))
  File "/home/hightech/virtualenv/project.columbiatransportation.com/air/3.10/lib/python3.10/site-packages/django/urls/conf.py", line 39, in include
    urlconf_module = import_module(urlconf_module)
  File "/opt/alt/python310/lib64/python3.10/importlib/__init__.py", line 126, in import_module
    return _bootstrap._gcd_import(name[level:], package, level)
  File "<frozen importlib._bootstrap>", line 1050, in _gcd_import
  File "<frozen importlib._bootstrap>", line 1027, in _find_and_load
  File "<frozen importlib._bootstrap>", line 1006, in _find_and_load_unlocked
  File "<frozen importlib._bootstrap>", line 688, in _load_unlocked
  File "<frozen importlib._bootstrap_external>", line 883, in exec_module
  File "<frozen importlib._bootstrap>", line 241, in _call_with_frames_removed
  File "/home/hightech/project.columbiatransportation.com/air/main/urls.py", line 2, in <module>
    from .views import index
  File "/home/hightech/project.columbiatransportation.com/air/main/views.py", line 5, in <module>
    from .forms import InquiryForm, ContactForm, ScheduleContactForm
ImportError: cannot import name 'ScheduleContactForm' from 'main.forms' (/home/hightech/project.columbiatransportation.com/air/main/forms.py)

During handling of the above exception, another exception occurred:

Traceback (most recent call last):
  File "/home/hightech/virtualenv/project.columbiatransportation.com/air/3.10/lib/python3.10/site-packages/django/core/handlers/exception.py", line 55, in inner
    response = get_response(request)
  File "/home/hightech/virtualenv/project.columbiatransportation.com/air/3.10/lib/python3.10/site-packages/django/utils/deprecation.py", line 120, in __call__
    response = response or self.get_response(request)
  File "/home/hightech/virtualenv/project.columbiatransportation.com/air/3.10/lib/python3.10/site-packages/django/core/handlers/exception.py", line 57, in inner
    response = response_for_exception(request, exc)
  File "/home/hightech/virtualenv/project.columbiatransportation.com/air/3.10/lib/python3.10/site-packages/django/core/handlers/exception.py", line 141, in response_for_exception
    response = handle_uncaught_exception(
  File "/home/hightech/virtualenv/project.columbiatransportation.com/air/3.10/lib/python3.10/site-packages/django/core/handlers/exception.py", line 182, in handle_uncaught_exception
    return debug.technical_500_response(request, *exc_info)
  File "/home/hightech/virtualenv/project.columbiatransportation.com/air/3.10/lib/python3.10/site-packages/django/views/debug.py", line 69, in technical_500_response
    html = reporter.get_traceback_html()
  File "/home/hightech/virtualenv/project.columbiatransportation.com/air/3.10/lib/python3.10/site-packages/django/views/debug.py", line 428, in get_traceback_html
    c = Context(self.get_traceback_data(), use_l10n=False)
  File "/home/hightech/virtualenv/project.columbiatransportation.com/air/3.10/lib/python3.10/site-packages/django/views/debug.py", line 411, in get_traceback_data
    c["raising_view_name"] = get_caller(self.request)
  File "/home/hightech/virtualenv/project.columbiatransportation.com/air/3.10/lib/python3.10/site-packages/django/views/debug.py", line 102, in get_caller
    resolver_match = resolve(request.path)
  File "/home/hightech/virtualenv/project.columbiatransportation.com/air/3.10/lib/python3.10/site-packages/django/urls/base.py", line 25, in resolve
    return get_resolver(urlconf).resolve(path)
  File "/home/hightech/virtualenv/project.columbiatransportation.com/air/3.10/lib/python3.10/site-packages/django/urls/resolvers.py", line 666, in resolve
    for pattern in self.url_patterns:
  File "/home/hightech/virtualenv/project.columbiatransportation.com/air/3.10/lib/python3.10/site-packages/django/utils/functional.py", line 47, in __get__
    res = instance.__dict__[self.name] = self.func(instance)
  File "/home/hightech/virtualenv/project.columbiatransportation.com/air/3.10/lib/python3.10/site-packages/django/urls/resolvers.py", line 718, in url_patterns
    patterns = getattr(self.urlconf_module, "urlpatterns", self.urlconf_module)
  File "/home/hightech/virtualenv/project.columbiatransportation.com/air/3.10/lib/python3.10/site-packages/django/utils/functional.py", line 47, in __get__
    res = instance.__dict__[self.name] = self.func(instance)
  File "/home/hightech/virtualenv/project.columbiatransportation.com/air/3.10/lib/python3.10/site-packages/django/urls/resolvers.py", line 711, in urlconf_module
    return import_module(self.urlconf_name)
  File "/opt/alt/python310/lib64/python3.10/importlib/__init__.py", line 126, in import_module
    return _bootstrap._gcd_import(name[level:], package, level)
  File "<frozen importlib._bootstrap>", line 1050, in _gcd_import
  File "<frozen importlib._bootstrap>", line 1027, in _find_and_load
  File "<frozen importlib._bootstrap>", line 1006, in _find_and_load_unlocked
  File "<frozen importlib._bootstrap>", line 688, in _load_unlocked
  File "<frozen importlib._bootstrap_external>", line 883, in exec_module
  File "<frozen importlib._bootstrap>", line 241, in _call_with_frames_removed
  File "/home/hightech/project.columbiatransportation.com/air/air/urls.py", line 24, in <module>
    path('',include('main.urls'))
  File "/home/hightech/virtualenv/project.columbiatransportation.com/air/3.10/lib/python3.10/site-packages/django/urls/conf.py", line 39, in include
    urlconf_module = import_module(urlconf_module)
  File "/opt/alt/python310/lib64/python3.10/importlib/__init__.py", line 126, in import_module
    return _bootstrap._gcd_import(name[level:], package, level)
  File "<frozen importlib._bootstrap>", line 1050, in _gcd_import
  File "<frozen importlib._bootstrap>", line 1027, in _find_and_load
  File "<frozen importlib._bootstrap>", line 1006, in _find_and_load_unlocked
  File "<frozen importlib._bootstrap>", line 688, in _load_unlocked
  File "<frozen importlib._bootstrap_external>", line 883, in exec_module
  File "<frozen importlib._bootstrap>", line 241, in _call_with_frames_removed
  File "/home/hightech/project.columbiatransportation.com/air/main/urls.py", line 2, in <module>
    from .views import index
  File "/home/hightech/project.columbiatransportation.com/air/main/views.py", line 5, in <module>
    from .forms import InquiryForm, ContactForm, ScheduleContactForm
ImportError: cannot import name 'ScheduleContactForm' from 'main.forms' (/home/hightech/project.columbiatransportation.com/air/main/forms.py)

During handling of the above exception, another exception occurred:

Traceback (most recent call last):
  File "/home/hightech/virtualenv/project.columbiatransportation.com/air/3.10/lib/python3.10/site-packages/django/core/handlers/exception.py", line 55, in inner
    response = get_response(request)
  File "/home/hightech/virtualenv/project.columbiatransportation.com/air/3.10/lib/python3.10/site-packages/django/utils/deprecation.py", line 120, in __call__
    response = response or self.get_response(request)
  File "/home/hightech/virtualenv/project.columbiatransportation.com/air/3.10/lib/python3.10/site-packages/django/core/handlers/exception.py", line 57, in inner
    response = response_for_exception(request, exc)
  File "/home/hightech/virtualenv/project.columbiatransportation.com/air/3.10/lib/python3.10/site-packages/django/core/handlers/exception.py", line 141, in response_for_exception
    response = handle_uncaught_exception(
  File "/home/hightech/virtualenv/project.columbiatransportation.com/air/3.10/lib/python3.10/site-packages/django/core/handlers/exception.py", line 182, in handle_uncaught_exception
    return debug.technical_500_response(request, *exc_info)
  File "/home/hightech/virtualenv/project.columbiatransportation.com/air/3.10/lib/python3.10/site-packages/django/views/debug.py", line 69, in technical_500_response
    html = reporter.get_traceback_html()
  File "/home/hightech/virtualenv/project.columbiatransportation.com/air/3.10/lib/python3.10/site-packages/django/views/debug.py", line 428, in get_traceback_html
    c = Context(self.get_traceback_data(), use_l10n=False)
  File "/home/hightech/virtualenv/project.columbiatransportation.com/air/3.10/lib/python3.10/site-packages/django/views/debug.py", line 411, in get_traceback_data
    c["raising_view_name"] = get_caller(self.request)
  File "/home/hightech/virtualenv/project.columbiatransportation.com/air/3.10/lib/python3.10/site-packages/django/views/debug.py", line 102, in get_caller
    resolver_match = resolve(request.path)
  File "/home/hightech/virtualenv/project.columbiatransportation.com/air/3.10/lib/python3.10/site-packages/django/urls/base.py", line 25, in resolve
    return get_resolver(urlconf).resolve(path)
  File "/home/hightech/virtualenv/project.columbiatransportation.com/air/3.10/lib/python3.10/site-packages/django/urls/resolvers.py", line 666, in resolve
    for pattern in self.url_patterns:
  File "/home/hightech/virtualenv/project.columbiatransportation.com/air/3.10/lib/python3.10/site-packages/django/utils/functional.py", line 47, in __get__
    res = instance.__dict__[self.name] = self.func(instance)
  File "/home/hightech/virtualenv/project.columbiatransportation.com/air/3.10/lib/python3.10/site-packages/django/urls/resolvers.py", line 718, in url_patterns
    patterns = getattr(self.urlconf_module, "urlpatterns", self.urlconf_module)
  File "/home/hightech/virtualenv/project.columbiatransportation.com/air/3.10/lib/python3.10/site-packages/django/utils/functional.py", line 47, in __get__
    res = instance.__dict__[self.name] = self.func(instance)
  File "/home/hightech/virtualenv/project.columbiatransportation.com/air/3.10/lib/python3.10/site-packages/django/urls/resolvers.py", line 711, in urlconf_module
    return import_module(self.urlconf_name)
  File "/opt/alt/python310/lib64/python3.10/importlib/__init__.py", line 126, in import_module
    return _bootstrap._gcd_import(name[level:], package, level)
  File "<frozen importlib._bootstrap>", line 1050, in _gcd_import
  File "<frozen importlib._bootstrap>", line 1027, in _find_and_load
  File "<frozen importlib._bootstrap>", line 1006, in _find_and_load_unlocked
  File "<frozen importlib._bootstrap>", line 688, in _load_unlocked
  File "<frozen importlib._bootstrap_external>", line 883, in exec_module
  File "<frozen importlib._bootstrap>", line 241, in _call_with_frames_removed
  File "/home/hightech/project.columbiatransportation.com/air/air/urls.py", line 24, in <module>
    path('',include('main.urls'))
  File "/home/hightech/virtualenv/project.columbiatransportation.com/air/3.10/lib/python3.10/site-packages/django/urls/conf.py", line 39, in include
    urlconf_module = import_module(urlconf_module)
  File "/opt/alt/python310/lib64/python3.10/importlib/__init__.py", line 126, in import_module
    return _bootstrap._gcd_import(name[level:], package, level)
  File "<frozen importlib._bootstrap>", line 1050, in _gcd_import
  File "<frozen importlib._bootstrap>", line 1027, in _find_and_load
  File "<frozen importlib._bootstrap>", line 1006, in _find_and_load_unlocked
  File "<frozen importlib._bootstrap>", line 688, in _load_unlocked
  File "<frozen importlib._bootstrap_external>", line 883, in exec_module
  File "<frozen importlib._bootstrap>", line 241, in _call_with_frames_removed
  File "/home/hightech/project.columbiatransportation.com/air/main/urls.py", line 2, in <module>
    from .views import index
  File "/home/hightech/project.columbiatransportation.com/air/main/views.py", line 5, in <module>
    from .forms import InquiryForm, ContactForm, ScheduleContactForm
ImportError: cannot import name 'ScheduleContactForm' from 'main.forms' (/home/hightech/project.columbiatransportation.com/air/main/forms.py)

During handling of the above exception, another exception occurred:

Traceback (most recent call last):
  File "/home/hightech/virtualenv/project.columbiatransportation.com/air/3.10/lib/python3.10/site-packages/django/core/handlers/wsgi.py", line 124, in __call__
    response = self.get_response(request)
  File "/home/hightech/virtualenv/project.columbiatransportation.com/air/3.10/lib/python3.10/site-packages/django/core/handlers/base.py", line 140, in get_response
    response = self._middleware_chain(request)
  File "/home/hightech/virtualenv/project.columbiatransportation.com/air/3.10/lib/python3.10/site-packages/django/core/handlers/exception.py", line 57, in inner
    response = response_for_exception(request, exc)
  File "/home/hightech/virtualenv/project.columbiatransportation.com/air/3.10/lib/python3.10/site-packages/django/core/handlers/exception.py", line 141, in response_for_exception
    response = handle_uncaught_exception(
  File "/home/hightech/virtualenv/project.columbiatransportation.com/air/3.10/lib/python3.10/site-packages/django/core/handlers/exception.py", line 182, in handle_uncaught_exception
    return debug.technical_500_response(request, *exc_info)
  File "/home/hightech/virtualenv/project.columbiatransportation.com/air/3.10/lib/python3.10/site-packages/django/views/debug.py", line 69, in technical_500_response
    html = reporter.get_traceback_html()
  File "/home/hightech/virtualenv/project.columbiatransportation.com/air/3.10/lib/python3.10/site-packages/django/views/debug.py", line 428, in get_traceback_html
    c = Context(self.get_traceback_data(), use_l10n=False)
  File "/home/hightech/virtualenv/project.columbiatransportation.com/air/3.10/lib/python3.10/site-packages/django/views/debug.py", line 411, in get_traceback_data
    c["raising_view_name"] = get_caller(self.request)
  File "/home/hightech/virtualenv/project.columbiatransportation.com/air/3.10/lib/python3.10/site-packages/django/views/debug.py", line 102, in get_caller
    resolver_match = resolve(request.path)
  File "/home/hightech/virtualenv/project.columbiatransportation.com/air/3.10/lib/python3.10/site-packages/django/urls/base.py", line 25, in resolve
    return get_resolver(urlconf).resolve(path)
  File "/home/hightech/virtualenv/project.columbiatransportation.com/air/3.10/lib/python3.10/site-packages/django/urls/resolvers.py", line 666, in resolve
    for pattern in self.url_patterns:
  File "/home/hightech/virtualenv/project.columbiatransportation.com/air/3.10/lib/python3.10/site-packages/django/utils/functional.py", line 47, in __get__
    res = instance.__dict__[self.name] = self.func(instance)
  File "/home/hightech/virtualenv/project.columbiatransportation.com/air/3.10/lib/python3.10/site-packages/django/urls/resolvers.py", line 718, in url_patterns
    patterns = getattr(self.urlconf_module, "urlpatterns", self.urlconf_module)
  File "/home/hightech/virtualenv/project.columbiatransportation.com/air/3.10/lib/python3.10/site-packages/django/utils/functional.py", line 47, in __get__
    res = instance.__dict__[self.name] = self.func(instance)
  File "/home/hightech/virtualenv/project.columbiatransportation.com/air/3.10/lib/python3.10/site-packages/django/urls/resolvers.py", line 711, in urlconf_module
    return import_module(self.urlconf_name)
  File "/opt/alt/python310/lib64/python3.10/importlib/__init__.py", line 126, in import_module
    return _bootstrap._gcd_import(name[level:], package, level)
  File "<frozen importlib._bootstrap>", line 1050, in _gcd_import
  File "<frozen importlib._bootstrap>", line 1027, in _find_and_load
  File "<frozen importlib._bootstrap>", line 1006, in _find_and_load_unlocked
  File "<frozen importlib._bootstrap>", line 688, in _load_unlocked
  File "<frozen importlib._bootstrap_external>", line 883, in exec_module
  File "<frozen importlib._bootstrap>", line 241, in _call_with_frames_removed
  File "/home/hightech/project.columbiatransportation.com/air/air/urls.py", line 24, in <module>
    path('',include('main.urls'))
  File "/home/hightech/virtualenv/project.columbiatransportation.com/air/3.10/lib/python3.10/site-packages/django/urls/conf.py", line 39, in include
    urlconf_module = import_module(urlconf_module)
  File "/opt/alt/python310/lib64/python3.10/importlib/__init__.py", line 126, in import_module
    return _bootstrap._gcd_import(name[level:], package, level)
  File "<frozen importlib._bootstrap>", line 1050, in _gcd_import
  File "<frozen importlib._bootstrap>", line 1027, in _find_and_load
  File "<frozen importlib._bootstrap>", line 1006, in _find_and_load_unlocked
  File "<frozen importlib._bootstrap>", line 688, in _load_unlocked
  File "<frozen importlib._bootstrap_external>", line 883, in exec_module
  File "<frozen importlib._bootstrap>", line 241, in _call_with_frames_removed
  File "/home/hightech/project.columbiatransportation.com/air/main/urls.py", line 2, in <module>
    from .views import index
  File "/home/hightech/project.columbiatransportation.com/air/main/views.py", line 5, in <module>
    from .forms import InquiryForm, ContactForm, ScheduleContactForm
ImportError: cannot import name 'ScheduleContactForm' from 'main.forms' (/home/hightech/project.columbiatransportation.com/air/main/forms.py)
Not Found: /static/img/he.jpeg
Not Found: /favicon.ico
Not Found: /wp-login.php
Not Found: /xmlrpc.php
Not Found: /xmlrpc.php
Not Found: /xmlrpc.php
Not Found: /xmlrpc.php
Not Found: /wp-login.php
Not Found: /wp-login.php
Not Found: /wp-login.php
Not Found: /wp-login.php
Not Found: /wp-login.php
Not Found: /wp-login.php
Not Found: /wp-login.php
Not Found: /wp-login.php
Not Found: /xmlrpc.php
Not Found: /xmlrpc.php
Not Found: /xmlrpc.php
Not Found: /xmlrpc.php
Not Found: /xmlrpc.php
Not Found: /xmlrpc.php
Not Found: /wp-login.php
Not Found: /wp-login.php
Not Found: /wp-login.php
Not Found: /wp-login.php
Not Found: /robots.txt
Not Found: /robots.txt
Not Found: /robots.txt
Not Found: /static/img/he.jpeg
Not Found: /favicon.ico
Not Found: /static/img/he.jpeg
Not Found: /static/img/he.jpeg
Not Found: /favicon.ico
Not Found: /static/img/he.jpeg
Not Found: /static/img/he.jpeg
Not Found: /favicon.ico
Not Found: /static/img/he.jpeg
Not Found: /static/img/he.jpeg
Not Found: /static/img/he.jpeg
Not Found: /static/img/he.jpeg
Not Found: /robots.txt
Not Found: /robots.txt
Not Found: /favicon.ico
Not Found: /static/img/he.jpeg
Not Found: /favicon.ico
Not Found: /static/img/he.jpeg
Not Found: /xmlrpc.php
Not Found: /xmlrpc.php
Not Found: /xmlrpc.php
Not Found: /robots.txt
Not Found: /robots.txt
Not Found: /xmlrpc.php
Not Found: /xmlrpc.php
Not Found: /wp-login.php
Not Found: /wp-login.php
Not Found: /xmlrpc.php
Not Found: /xmlrpc.php
Not Found: /xmlrpc.php
Not Found: /xmlrpc.php
Not Found: /wp-login.php
Not Found: /wp-login.php
Not Found: /wp-login.php
Not Found: /wp-login.php
Not Found: /robots.txt
Not Found: /robots.txt
Not Found: /robots.txt
Not Found: /robots.txt
Not Found: /robots.txt
Not Found: /static/img/he.jpeg
Not Found: /static/img/he.jpeg
Not Found: /robots.txt
Not Found: /robots.txt
Not Found: /robots.txt
Not Found: /robots.txt
Not Found: /wordpress/
Not Found: /static/img/he.jpeg
Not Found: /favicon.ico
Not Found: /_ignition/execute-solution
Not Found: /robots.txt
Not Found: /robots.txt
Not Found: /robots.txt
Not Found: /robots.txt
Not Found: /static/img/he.jpeg
Not Found: /robots.txt
Not Found: /robots.txt
Not Found: /apple-touch-icon-precomposed.png
Not Found: /apple-touch-icon.png
Not Found: /favicon.ico
Not Found: /robots.txt
Not Found: /static/img/he.jpeg
Not Found: /static/img/he.jpeg
Not Found: /favicon.ico
Not Found: /robots.txt
Not Found: /robots.txt
Not Found: /robots.txt
Not Found: /robots.txt
Not Found: /robots.txt
Not Found: /robots.txt
Not Found: /static/img/he.jpeg
Not Found: /favicon.ico
Not Found: /robots.txt
Not Found: /robots.txt
Not Found: /robots.txt
Not Found: /robots.txt
Not Found: /favicon.ico
Not Found: /static/img/he.jpeg
Not Found: /favicon.ico
Not Found: /static/img/he.jpeg
Not Found: /favicon.ico
Not Found: /robots.txt
Not Found: /robots.txt
Not Found: /robots.txt
Not Found: /robots.txt
Not Found: /robots.txt
Not Found: /robots.txt
Not Found: /xmlrpc.php
Not Found: /xmlrpc.php
Not Found: /wp-login.php
Not Found: /robots.txt
Not Found: /robots.txt
Not Found: /favicon.ico
Not Found: /robots.txt
Not Found: /robots.txt
Not Found: /robots.txt
Not Found: /static/img/he.jpeg
Not Found: /favicon.ico
Not Found: /robots.txt
Not Found: /robots.txt
Not Found: /apple-touch-icon.png
Not Found: /apple-touch-icon-precomposed.png
Not Found: /favicon.ico
Not Found: /wp-login.php
Not Found: /favicon.ico
Not Found: /robots.txt
Not Found: /robots.txt
Not Found: /robots.txt
Not Found: /robots.txt
Not Found: /static/img/he.jpeg
Not Found: /favicon.ico
Not Found: /wp-login.php
Not Found: /wp-login.php
Not Found: /wp-login.php
Not Found: /static/img/he.jpeg
Not Found: /robots.txt
Not Found: /robots.txt
Not Found: /robots.txt
Not Found: /enhancecp
Not Found: /robots.txt
Not Found: /robots.txt
Not Found: /robots.txt
Not Found: /robots.txt
Not Found: /robots.txt
Not Found: /robots.txt
Not Found: /static/img/he.jpeg
Not Found: /favicon.ico
Not Found: /robots.txt
Not Found: /robots.txt
Not Found: /static/img/he.jpeg
Not Found: /favicon.ico
Not Found: /static/img/he.jpeg
Not Found: /static/img/he.jpeg
Not Found: /static/img/he.jpeg
Not Found: /robots.txt
Not Found: /robots.txt
Not Found: /robots.txt
Not Found: /robots.txt
Not Found: /robots.txt
Not Found: /robots.txt
Not Found: /robots.txt
Not Found: /robots.txt
Not Found: /robots.txt
Not Found: /robots.txt
Not Found: /static/img/he.jpeg
Not Found: /favicon.ico
Not Found: /static/img/he.jpeg
Not Found: /favicon.ico
Not Found: /apple-touch-icon.png
Not Found: /favicon.ico
Not Found: /apple-touch-icon-precomposed.png
Not Found: /static/img/he.jpeg
Not Found: /favicon.ico
Not Found: /static/img/he.jpeg
Not Found: /static/img/he.jpeg
Not Found: /favicon.ico
Not Found: /robots.txt
Not Found: /static/img/he.jpeg
Not Found: /favicon.ico
Not Found: /favicon.ico
Not Found: /static/img/he.jpeg
Not Found: /favicon.ico
Not Found: /static/img/he.jpeg
Not Found: /favicon.ico
Not Found: /static/css/services.css
Not Found: /static/img/he.jpeg
Not Found: /static/css/contact.css
Not Found: /static/img/he.jpeg
Not Found: /static/img/he.jpeg
Not Found: /favicon.ico
Not Found: /static/img/he.jpeg
Not Found: /static/img/he.jpeg
Not Found: /static/img/he.jpeg
Not Found: /favicon.ico
Not Found: /robots.txt
Not Found: /robots.txt
Not Found: /static/img/he.jpeg
Not Found: /favicon.ico
Not Found: /favicon.ico
Not Found: /static/img/he.jpeg
Not Found: /static/img/he.jpeg
Not Found: /robots.txt
Not Found: /robots.txt
Not Found: /index.php
Not Found: /robots.txt
Not Found: /robots.txt
Not Found: /static/img/he.jpeg
Not Found: /favicon.ico
Not Found: /static/img/he.jpeg
Not Found: /favicon.ico
Not Found: /robots.txt
Not Found: /robots.txt
Not Found: /static/img/he.jpeg
Not Found: /static/img/he.jpeg
Not Found: /static/css/services.css
Not Found: /static/img/he.jpeg
Not Found: /favicon.ico
Not Found: /static/img/he.jpeg
Not Found: /static/img/he.jpeg
Not Found: /favicon.ico
Not Found: /static/img/he.jpeg
Not Found: /static/img/he.jpeg
Not Found: /static/img/he.jpeg
Not Found: /static/css/services.css
Not Found: /robots.txt
Not Found: /robots.txt
Not Found: /static/img/he.jpeg
Not Found: /static/img/he.jpeg
Not Found: /favicon.ico
Not Found: /robots.txt
Not Found: /robots.txt
Not Found: /static/img/he.jpeg
Not Found: /static/img/he.jpeg
Not Found: /favicon.ico
Not Found: /robots.txt
Not Found: /robots.txt
Not Found: /static/img/he.jpeg
Not Found: /favicon.ico
Not Found: /static/img/he.jpeg
Not Found: /favicon.ico
Not Found: /robots.txt
Not Found: /static/img/he.jpeg
Not Found: /favicon.ico
Not Found: /static/img/he.jpeg
Not Found: /static/img/he.jpeg
Not Found: /favicon.ico
Not Found: /robots.txt
Not Found: /static/img/he.jpeg
Not Found: /static/css/services.css
Not Found: /static/css/contact.css
Not Found: /static/css/services.css
Not Found: /6xBAm3vODE05BSzkJZRAws.php
Not Found: /static/img/he.jpeg
Not Found: /favicon.ico
Not Found: /static/css/services.css
Not Found: /static/css/contact.css
Not Found: /robots.txt
Not Found: /robots.txt
Not Found: /robots.txt
Not Found: /static/img/he.jpeg
Not Found: /favicon.ico
Not Found: /static/img/he.jpeg
Not Found: /favicon.ico
Not Found: /static/css/services.css
Not Found: /static/img/he.jpeg
Not Found: /static/img/he.jpeg
Not Found: /static/img/he.jpeg
Not Found: /favicon.ico
Not Found: /license.txt
Not Found: /robots.txt
Not Found: /favicon.ico
Not Found: /static/img/he.jpeg
Not Found: /favicon.ico
Not Found: /static/img/he.jpeg
Not Found: /favicon.ico
Not Found: /robots.txt
Not Found: /static/img/he.jpeg
Not Found: /robots.txt
Not Found: /robots.txt
Not Found: /favicon.ico
Not Found: /static/img/he.jpeg
Not Found: /index.php
Not Found: /static/img/he.jpeg
Not Found: /static/img/he.jpeg
Not Found: /static/img/he.jpeg
Not Found: /static/img/he.jpeg
Not Found: /static/img/he.jpeg
Not Found: /static/img/he.jpeg
Not Found: /favicon.ico
Not Found: /favicon.ico
Not Found: /static/css/services.css
Not Found: /static/css/contact.css
Not Found: /static/img/he.jpeg
Not Found: /favicon.ico
Not Found: /static/css/contact.css
Not Found: /favicon.ico
Not Found: /static/img/he.jpeg
Not Found: /static/css/contact.css
Not Found: /static/css/contact.css
Not Found: /favicon.ico
Not Found: /static/css/contact.css
Not Found: /favicon.ico
Not Found: /static/css/contact.css
Not Found: /favicon.ico
Not Found: /static/img/he.jpeg
Not Found: /static/img/he.jpeg
Not Found: /static/img/he.jpeg
Not Found: /static/img/he.jpeg
Not Found: /favicon.ico
Not Found: /favicon.ico
Not Found: /static/img/he.jpeg
Not Found: /static/img/he.jpeg
Not Found: /robots.txt
Not Found: /robots.txt
Not Found: /static/img/he.jpeg
Not Found: /favicon.ico
Not Found: /robots.txt
Not Found: /7UmdJeOSm1eKIeEF9obDHOH8ows.php
Not Found: /static/img/he.jpeg
Not Found: /favicon.ico
Not Found: /robots.txt
Not Found: /robots.txt
Not Found: /robots.txt
Not Found: /static/img/he.jpeg
Not Found: /favicon.ico
Not Found: /static/img/he.jpeg
Not Found: /static/css/services.css
Not Found: /static/css/services.css
Not Found: /favicon.ico
Not Found: /static/img/he.jpeg
Not Found: /static/img/he.jpeg
Not Found: /favicon.ico
Not Found: /static/img/he.jpeg
Not Found: /favicon.ico
Not Found: /static/img/he.jpeg
Not Found: /favicon.ico
Not Found: /static/img/he.jpeg
Not Found: /static/img/he.jpeg
Not Found: /favicon.ico
Not Found: /static/img/he.jpeg
Not Found: /static/img/he.jpeg
Not Found: /static/img/he.jpeg
Not Found: /static/img/he.jpeg
Not Found: /favicon.ico
Not Found: /static/img/he.jpeg
Not Found: /favicon.ico
Not Found: /static/img/he.jpeg
Not Found: /favicon.ico
Not Found: /static/img/he.jpeg
Not Found: /favicon.ico
Not Found: /static/img/he.jpeg
Not Found: /favicon.ico
Not Found: /static/img/he.jpeg
Not Found: /static/img/he.jpeg
Not Found: /favicon.ico
Not Found: /static/img/he.jpeg
Not Found: /favicon.ico
Not Found: /static/img/he.jpeg
Not Found: /static/img/he.jpeg
Not Found: /favicon.ico
Not Found: /static/css/services.css
Not Found: /static/css/services.css
Not Found: /static/css/contact.css
Not Found: /static/img/he.jpeg
Not Found: /static/img/he.jpeg
Not Found: /static/css/services.css
Not Found: /static/img/he.jpeg
Not Found: /favicon.ico
Not Found: /favicon.ico
Not Found: /static/css/contact.css
Not Found: /static/img/he.jpeg
Not Found: /favicon.ico
Not Found: /static/img/he.jpeg
Not Found: /favicon.ico
Not Found: /static/img/he.jpeg
Not Found: /favicon.ico
Not Found: /static/css/services.css
Not Found: /static/img/he.jpeg
Not Found: /favicon.ico
Not Found: /favicon.ico
Not Found: /static/css/services.css
Not Found: /static/css/contact.css
Not Found: /static/img/he.jpeg
Not Found: /favicon.ico
Not Found: /static/img/he.jpeg
Not Found: /favicon.ico
Not Found: /favicon.ico
Not Found: /static/img/he.jpeg
Not Found: /favicon.ico
Not Found: /static/img/he.jpeg
Not Found: /favicon.ico
Not Found: /favicon.ico
Not Found: /robots.txt
Not Found: /license.txt
Not Found: /robots.txt
Not Found: /favicon.ico
Not Found: /robots.txt
Not Found: /robots.txt
Not Found: /robots.txt
Not Found: /robots.txt
Not Found: /wp-content/imc83a0f/index.php
Not Found: /robots.txt
Not Found: /wp-content/imc83a0f/index.php
Not Found: /wp-content/imc83a0f/index.php
Not Found: /wp-content/imc83a0f/index.php
Not Found: /wp-content/imc83a0f/index.php
Not Found: /wp-content/imc83a0f/index.php
Not Found: /wp-content/imc83a0f/index.php
Not Found: /wp-content/imc83a0f/index.php
Not Found: /wp-content/imc83a0f/index.php
Not Found: /wp-content/imc83a0f/index.php
Not Found: /wp-content/imc83a0f/index.php
Not Found: /wp-content/imc83a0f/index.php
Not Found: /wp-content/imc83a0f/index.php
Not Found: /wp-content/imc83a0f/index.php
Not Found: /wp-content/imc83a0f/index.php
Not Found: /wp-content/imc83a0f/index.php
Not Found: /wp-content/imc83a0f/index.php
Not Found: /wp-content/imc83a0f/index.php
Not Found: /robots.txt
Not Found: /apple-touch-icon-precomposed.png
Not Found: /apple-touch-icon.png
Not Found: /favicon.ico
Not Found: /robots.txt
Not Found: /static/img/he.jpeg
Not Found: /favicon.ico
Not Found: /static/img/he.jpeg
Not Found: /wp-content/imc83a0f/index.php
Not Found: /robots.txt
Not Found: /robots.txt
Not Found: /wp-content/imc83a0f/index.php
Not Found: /wp-content/imc83a0f/index.php
Not Found: /wp-content/imc83a0f/index.php
Not Found: /robots.txt
Not Found: /robots.txt
Not Found: /static/img/he.jpeg
Not Found: /wp-content/imc83a0f/index.php
Not Found: /wp-content/imc83a0f/index.php
Not Found: /robots.txt
Not Found: /robots.txt
Not Found: /wp-content/imc83a0f/index.php
Not Found: /robots.txt
Not Found: /robots.txt
Not Found: /wp-content/imc83a0f/index.php
Not Found: /robots.txt
Not Found: /robots.txt
Not Found: /robots.txt
Not Found: /robots.txt
Not Found: /static/img/he.jpeg
Not Found: /favicon.ico
Not Found: /static/img/he.jpeg
Not Found: /static/img/he.jpeg
Not Found: /XCQavYy4SYZXRdezoMhjFMnYPws.php
Not Found: /robots.txt
Not Found: /static/img/he.jpeg
Not Found: /favicon.ico
Not Found: /robots.txt
Not Found: /favicon.ico
Not Found: /apple-touch-icon-precomposed.png
Not Found: /apple-touch-icon.png
Not Found: /favicon.ico
Not Found: /static/img/he.jpeg
Not Found: /favicon.ico
Not Found: /robots.txt
Not Found: /robots.txt
Not Found: /static/img/he.jpeg
Not Found: /favicon.ico
Not Found: /robots.txt
Not Found: /robots.txt
Not Found: /robots.txt
Not Found: /robots.txt
Not Found: /robots.txt
Not Found: /robots.txt
Not Found: /favicon.ico
Not Found: /robots.txt
Not Found: /robots.txt
Not Found: /robots.txt
Not Found: /robots.txt
Not Found: /robots.txt
Not Found: /robots.txt
Not Found: /robots.txt
Not Found: /robots.txt
Not Found: /favicon.ico
Not Found: /robots.txt
Not Found: /sitemap.xml
Not Found: /htzevfl4k9ey5hoaywdwiCdefault.php
Not Found: /static/img/he.jpeg
Not Found: /favicon.ico
Not Found: /favicon.ico
Not Found: /apple-touch-icon-precomposed.png
Not Found: /apple-touch-icon.png
Not Found: /robots.txt
Not Found: /robots.txt
Not Found: /robots.txt
Not Found: /robots.txt
Not Found: /robots.txt
Not Found: /robots.txt
Not Found: /robots.txt
Not Found: /enhancecp
Not Found: /robots.txt
Not Found: /robots.txt
Not Found: /robots.txt
Not Found: /robots.txt
Not Found: /robots.txt
Not Found: /robots.txt
Not Found: /robots.txt
Not Found: /robots.txt
Not Found: /robots.txt
Not Found: /robots.txt
Not Found: /static/img/he.jpeg
Not Found: /favicon.ico
Not Found: /apple-touch-icon.png
Not Found: /static/img/he.jpeg
Not Found: /favicon.ico
Not Found: /apple-touch-icon.png
Not Found: /apple-touch-icon-precomposed.png
Not Found: /favicon.ico
Not Found: /robots.txt
Not Found: /robots.txt
Not Found: /robots.txt
Not Found: /robots.txt
Not Found: /robots.txt
Not Found: /robots.txt
Not Found: /robots.txt
Not Found: /robots.txt
Not Found: /robots.txt
Not Found: /robots.txt
Not Found: /favicon.ico
Not Found: /robots.txt
Not Found: /robots.txt
Not Found: /robots.txt
Not Found: /robots.txt
Not Found: /static/img/he.jpeg
Not Found: /favicon.ico
Not Found: /static/img/he.jpeg
Not Found: /robots.txt
Not Found: /robots.txt
Not Found: /robots.txt
Not Found: /robots.txt
Not Found: /favicon.ico
Not Found: /robots.txt
Not Found: /robots.txt
Not Found: /robots.txt
Not Found: /robots.txt
Not Found: /robots.txt
Not Found: /robots.txt
Not Found: /robots.txt
Not Found: /static/img/he.jpeg
Not Found: /favicon.ico
Not Found: /apple-touch-icon-precomposed.png
Not Found: /apple-touch-icon.png
Not Found: /favicon.ico
Not Found: /robots.txt
Not Found: /robots.txt
Not Found: /robots.txt
Not Found: /favicon.ico
Not Found: /robots.txt
Not Found: /robots.txt
Not Found: /static/img/he.jpeg
Not Found: /favicon.ico
Not Found: /robots.txt
Not Found: /robots.txt
Not Found: /.env.production
Not Found: /.env.local
Not Found: /.env.development
Not Found: /.env.dev
Not Found: /.env.staging
Not Found: /.env.test
Not Found: /.env.old
Not Found: /.env.bak
Not Found: /.env.backup
Not Found: /.env.tmp
Not Found: /.env.save
Not Found: /.env.example
Not Found: /.env.development.local
Not Found: /.env.production.local
Not Found: /config/env
Not Found: /config/.env.local
Not Found: /.env.php
Not Found: /.env_backup
Not Found: /.env.json
Not Found: /.env~
Not Found: /.env2
Not Found: /.env1
Not Found: /.env.dist
Not Found: /.envrc
Not Found: /.env.dev.local
Not Found: /.env.orig
Not Found: /.env.prod
Not Found: /.env.production.bak
Not Found: /.env.docker
Not Found: /.env.container
Not Found: /docker-compose.env
Not Found: /docker/.env.local
Not Found: /.env_config
Not Found: /.env_secret
Not Found: /.env_settings
Not Found: /.env.local.backup
[UID:1788][1523256] Reached max children process limit: 6, extra: 2, current: 8, busy: 8, please increase LSAPI_CHILDREN.
[UID:1788][1523256] Reached max children process limit: 6, extra: 2, current: 8, busy: 8, please increase LSAPI_CHILDREN.
[UID:1788][1523256] Reached max children process limit: 6, extra: 2, current: 8, busy: 8, please increase LSAPI_CHILDREN.
[UID:1788][1523256] Reached max children process limit: 6, extra: 2, current: 8, busy: 8, please increase LSAPI_CHILDREN.
Not Found: /.env.local
Not Found: /.env.production
Not Found: /.env.development
[UID:1788][1523256] Reached max children process limit: 6, extra: 2, current: 8, busy: 8, please increase LSAPI_CHILDREN.
Not Found: /.env.dev
Not Found: /.env.test
Not Found: /.env.backup
Not Found: /.env.bak
[UID:1788][1523256] Reached max children process limit: 6, extra: 2, current: 8, busy: 8, please increase LSAPI_CHILDREN.
Not Found: /.env.old
Not Found: /.env.save
Not Found: /.env.example
Not Found: /.env.production.local
[UID:1788][1523256] Reached max children process limit: 6, extra: 2, current: 8, busy: 8, please increase LSAPI_CHILDREN.
Not Found: /.env.development.local
[UID:1788][1523256] Reached max children process limit: 6, extra: 2, current: 8, busy: 8, please increase LSAPI_CHILDREN.
[UID:1788][1523256] Reached max children process limit: 6, extra: 2, current: 8, busy: 8, please increase LSAPI_CHILDREN.
[UID:1788][1523256] Reached max children process limit: 6, extra: 2, current: 8, busy: 8, please increase LSAPI_CHILDREN.
[UID:1788][1523256] Reached max children process limit: 6, extra: 2, current: 8, busy: 7, please increase LSAPI_CHILDREN.
[UID:1788][1523256] Reached max children process limit: 6, extra: 2, current: 8, busy: 7, please increase LSAPI_CHILDREN.
[UID:1788][1523256] Reached max children process limit: 6, extra: 2, current: 8, busy: 8, please increase LSAPI_CHILDREN.
Not Found: /config/env
Not Found: /config/.env.local
Not Found: /.env.php
Not Found: /.env.json
[UID:1788][1523256] Reached max children process limit: 6, extra: 2, current: 8, busy: 8, please increase LSAPI_CHILDREN.
Not Found: /.env_backup
Not Found: /.env~
[UID:1788][1523256] Reached max children process limit: 6, extra: 2, current: 8, busy: 8, please increase LSAPI_CHILDREN.
Not Found: /.env1
Not Found: /.env2
Not Found: /.envrc
Not Found: /.env.staging
Not Found: /.env.tmp
Not Found: /.env.production.bak
[UID:1788][1523256] Reached max children process limit: 6, extra: 2, current: 8, busy: 8, please increase LSAPI_CHILDREN.
Not Found: /.env.prod
Not Found: /.env.dev.local
Not Found: /.env.orig
Not Found: /.env.docker
[UID:1788][1523256] Reached max children process limit: 6, extra: 2, current: 8, busy: 8, please increase LSAPI_CHILDREN.
Not Found: /.env.container
Not Found: /docker-compose.env
[UID:1788][1523256] Reached max children process limit: 6, extra: 2, current: 8, busy: 8, please increase LSAPI_CHILDREN.
[UID:1788][1523256] Reached max children process limit: 6, extra: 2, current: 8, busy: 8, please increase LSAPI_CHILDREN.
Not Found: /docker/.env.local
[UID:1788][1523256] Reached max children process limit: 6, extra: 2, current: 8, busy: 8, please increase LSAPI_CHILDREN.
Not Found: /.env_config
Not Found: /.env_secret
Not Found: /.env_settings
Not Found: /.env.local.backup
Not Found: /.env.dist
Not Found: /robots.txt
Not Found: /robots.txt
Not Found: /robots.txt
Not Found: /robots.txt
Not Found: /static/lib/owlcarousel/+a+
Not Found: /robots.txt
Not Found: /static/css/services.css
Not Found: /static/css/services.css
Not Found: /services
Not Found: /services
Not Found: /static/css/contact.css
Not Found: /static/css/services.css
Not Found: /static/css/contact.css
Not Found: /static/lib/owlcarousel/+a+
Not Found: /robots.txt
Not Found: /robots.txt
Not Found: /favicon.ico
Not Found: /apple-touch-icon.png
Not Found: /apple-touch-icon-precomposed.png
Not Found: /apple-touch-icon-120x120-precomposed.png
Not Found: /apple-touch-icon-120x120.png
Not Found: /apple-touch-icon-precomposed.png
Not Found: /apple-touch-icon.png
Not Found: /favicon.ico
Not Found: /apple-touch-icon-120x120-precomposed.png
Not Found: /apple-touch-icon-120x120.png
Not Found: /apple-touch-icon-precomposed.png
Not Found: /apple-touch-icon.png
Not Found: /favicon.ico
Not Found: /robots.txt
Not Found: /robots.txt
Not Found: /robots.txt
Not Found: /static/img/he.jpeg
Not Found: /favicon.ico
Not Found: /static/img/he.jpeg
Not Found: /robots.txt
Not Found: /robots.txt
Not Found: /robots.txt
Not Found: /license.txt
Not Found: /robots.txt
Not Found: /robots.txt
Not Found: /robots.txt
Not Found: /robots.txt
Not Found: /robots.txt
Not Found: /robots.txt
Not Found: /static/img/he.jpeg
Not Found: /favicon.ico
Not Found: /static/img/he.jpeg
Not Found: /favicon.ico
Not Found: /static/img/he.jpeg
Not Found: /static/img/he.jpeg
Not Found: /favicon.ico
Not Found: /robots.txt
Not Found: /robots.txt
Not Found: /robots.txt
Not Found: /robots.txt
Not Found: /robots.txt
Not Found: /static/img/he.jpeg
Not Found: /favicon.ico
Not Found: /robots.txt
Not Found: /robots.txt
Not Found: /favicon.ico
Not Found: /robots.txt
Not Found: /robots.txt
Not Found: /robots.txt
Not Found: /robots.txt
Not Found: /favicon.ico
Not Found: /static/img/he.jpeg
Not Found: /static/img/he.jpeg
Not Found: /static/img/he.jpeg
Forbidden (Referer checking failed - no Referer.): /
Not Found: /phpinfo.php
Not Found: /info.php
Not Found: /php.php
Not Found: /i.php
Not Found: /pi.php
Not Found: /pinfo.php
Not Found: /test.php
Not Found: /phpinfo
Not Found: /p.php
Not Found: /debug.php
Not Found: /test/phpinfo.php
Not Found: /dev/phpinfo.php
Not Found: /old/phpinfo.php
Not Found: /tmp/phpinfo.php
Not Found: /public/phpinfo.php
Not Found: /info
Not Found: /php-info.php
Not Found: /phpversion.php
Not Found: /_phpinfo.php
Not Found: /old_phpinfo.php
Not Found: /server-info.php
Not Found: /server-status.php
Not Found: /_profiler/phpinfo
Not Found: /_environment
Not Found: /webroot/index.php/_environment
Not Found: /mail/phpinfo.php
Not Found: /cpanel/phpinfo.php
Not Found: /hosting/phpinfo.php
Not Found: /smtp/phpinfo.php
Not Found: /robots.txt
Not Found: /robots.txt
Not Found: /favicon.ico
Not Found: /wp-login.php
Not Found: /robots.txt
Not Found: /robots.txt
Forbidden (Referer checking failed - no Referer.): /
[UID:1788][1857794] packetLen < 0
Forbidden (Referer checking failed - no Referer.): /
[UID:1788][1857794] packetLen < 0
Not Found: /en/
[UID:1788][1857794] packetLen < 0
Not Found: /api/
[UID:1788][1857794] packetLen < 0
Not Found: /_next/
[UID:1788][1857794] packetLen < 0
Forbidden (Referer checking failed - no Referer.): /
[UID:1788][1857794] packetLen < 0
Forbidden (Referer checking failed - no Referer.): /
[UID:1788][1857794] packetLen < 0
Not Found: /en/
[UID:1788][1857794] packetLen < 0
Not Found: /app/
[UID:1788][1857794] packetLen < 0
Not Found: /api/
[UID:1788][1857794] packetLen < 0
Not Found: /_next/
[UID:1788][1857794] packetLen < 0
Forbidden (Referer checking failed - no Referer.): /
[UID:1788][1857794] packetLen < 0
Forbidden (Referer checking failed - no Referer.): /
[UID:1788][1857794] packetLen < 0
Not Found: /en/
[UID:1788][1857794] packetLen < 0
Not Found: /app/
[UID:1788][1857794] packetLen < 0
Not Found: /api/
[UID:1788][1857794] packetLen < 0
Not Found: /_next/
[UID:1788][1857794] packetLen < 0
Forbidden (Referer checking failed - no Referer.): /
[UID:1788][1857794] packetLen < 0
Not Found: /en/
[UID:1788][1857794] packetLen < 0
Not Found: /app/
[UID:1788][1857794] packetLen < 0
Not Found: /app/
[UID:1788][1857794] packetLen < 0
Not Found: /api/
[UID:1788][1857794] packetLen < 0
Not Found: /_next/
[UID:1788][1857794] packetLen < 0
Forbidden (Referer checking failed - no Referer.): /
[UID:1788][1857794] packetLen < 0
Forbidden (Referer checking failed - no Referer.): /
[UID:1788][1857794] packetLen < 0
Not Found: /en/
[UID:1788][1857794] packetLen < 0
Not Found: /app/
[UID:1788][1857794] packetLen < 0
Not Found: /api/
[UID:1788][1857794] packetLen < 0
Not Found: /_next/
[UID:1788][1857794] packetLen < 0
Forbidden (Referer checking failed - no Referer.): /
[UID:1788][1857794] packetLen < 0
Forbidden (Referer checking failed - no Referer.): /
[UID:1788][1857794] packetLen < 0
Not Found: /en/
[UID:1788][1857794] packetLen < 0
Not Found: /app/
[UID:1788][1857794] packetLen < 0
Not Found: /api/
[UID:1788][1857794] packetLen < 0
Not Found: /_next/
[UID:1788][1857794] packetLen < 0
Forbidden (Referer checking failed - no Referer.): /
[UID:1788][1857794] packetLen < 0
Forbidden (Referer checking failed - no Referer.): /
[UID:1788][1857794] packetLen < 0
Forbidden (Referer checking failed - no Referer.): /
[UID:1788][1857794] packetLen < 0
Not Found: /en/
[UID:1788][1857794] packetLen < 0
Not Found: /app/
[UID:1788][1857794] packetLen < 0
Not Found: /api/
[UID:1788][1857794] packetLen < 0
Not Found: /_next/
[UID:1788][1857794] packetLen < 0
Forbidden (Referer checking failed - no Referer.): /
[UID:1788][1857794] packetLen < 0
Forbidden (Referer checking failed - no Referer.): /
[UID:1788][1857794] packetLen < 0
Not Found: /en/
[UID:1788][1857794] packetLen < 0
Not Found: /app/
[UID:1788][1857794] packetLen < 0
Not Found: /api/
[UID:1788][1857794] packetLen < 0
Not Found: /_next/
[UID:1788][1857794] packetLen < 0
Not Found: /robots.txt
Not Found: /robots.txt
Not Found: /robots.txt
Not Found: /robots.txt
Not Found: /robots.txt
Not Found: /robots.txt
Not Found: /robots.txt
Not Found: /robots.txt
Not Found: /wp-content/plugins/hellopress/wp_filemanager.php
Not Found: /aboutc.php
Not Found: /new4.php
Not Found: /hroxw.php
Not Found: /wp-blogs.php
Not Found: /set.php
Not Found: /lib.php
Not Found: /public/vx.php
Not Found: /ws57.php
Not Found: /domains.php
Not Found: /222.php
Not Found: /166.php
Not Found: /term.php
Not Found: /666.php
Not Found: /tt.php
Not Found: /sid3.php
Not Found: /66.php
Not Found: /wp-the.php
Not Found: /jga.php
Not Found: /wp-blog-header.php
Not Found: /bmi.php
Not Found: /byypas.php
Not Found: /wp-content/radio.php
Not Found: /wp-png.php
Not Found: /wen.php
Not Found: /plugin-install.php
Not Found: /ioxi001.PhP7
Not Found: /wp-kikikoko.php
Not Found: /hplfuns.php
Not Found: /shell.php
Not Found: /new.php
Not Found: /wp-admin/network/edit.php
Not Found: /ws48.php
Not Found: /8.php
Not Found: /dass.php
Not Found: /wp-p2r3q9c8k4.php
Not Found: /ok.php
Not Found: /eetu.php
Not Found: /ws66.php
Not Found: /file61.php
Not Found: /asd.php
Not Found: /xx.php
Not Found: /a5.php
Not Found: /cu.php
Not Found: /amax.php
Not Found: /mh.php
Not Found: /Jcrop.php
Not Found: /abc.php
Not Found: /inputs.php
Not Found: /bnm.php
Not Found: /ws80.php
Not Found: /wp-admin/network/users.php
Not Found: /s.php
Not Found: /tymn.php
Not Found: /wp-links-opml.php
Not Found: /wp5.php
Not Found: /ms.php
Not Found: /wp-access.php
Not Found: /wp-class-atom.php
Not Found: /ms-edit.php
Not Found: /press.php
Not Found: /900.php
Not Found: /wp-links-opml.php/wp-links-opml.php/wp-links-opml.php//wp-links-opml.php
Not Found: /jk.php
Not Found: /dx.php
Not Found: /aa.php
Not Found: /mini.php
Not Found: /fs.php
Not Found: /mode.php
Not Found: /1.php
Not Found: /wp-block.php
Not Found: /ws88.php
Not Found: /adoms.php
Not Found: /plugin-editor.php
Not Found: /8573.php
Not Found: /an.php
Not Found: /t.php
Not Found: /wp-admin/css/bolt.php
Not Found: /profile.php
Not Found: /gaza.php
Not Found: /kj.php
Not Found: /aboute.php
Not Found: /ws82.php
Not Found: /edit.php
Not Found: /yw5bi63u.php
Not Found: /tool.php
Not Found: /bgymj.php
Not Found: /wp-good.php
Not Found: /class-t.api.php
Not Found: /mk.php
Not Found: /gettest.php
Not Found: /a4.php
Not Found: /retu11.PhP7
Not Found: /rip.php/rip.php/rip.php//rip.php
Not Found: /ioxi-o.php
Not Found: /zoo.php
Not Found: /admlo.php
Not Found: /gcqoa.php
Not Found: /xxx.php
Not Found: /b.php
Not Found: /grsiuk.php
Not Found: /wp-class-api.php
Not Found: /bolt.php
Not Found: /gifclass.php
Not Found: /ccs.php
Not Found: /first.php
Not Found: /robots.txt
Not Found: /robots.txt
Not Found: /robots.txt
Not Found: /robots.txt
Not Found: /static/img/he.jpeg
Not Found: /robots.txt
Not Found: /robots.txt
Not Found: /robots.txt
Not Found: /robots.txt
Not Found: /robots.txt
Not Found: /robots.txt
Not Found: /robots.txt
Not Found: /static/img/he.jpeg
Not Found: /favicon.ico
Not Found: /favicon.ico
Not Found: /favicon.ico
Not Found: /static/img/he.jpeg
Not Found: /favicon.ico
Not Found: /static/img/he.jpeg
Not Found: /static/img/he.jpeg
Not Found: /robots.txt
Not Found: /robots.txt
Not Found: /robots.txt
Not Found: /robots.txt
Not Found: /robots.txt
Not Found: /static/img/he.jpeg
Not Found: /favicon.ico
Not Found: /apple-touch-icon.png
Not Found: /apple-touch-icon-precomposed.png
Not Found: /favicon.ico
Not Found: /robots.txt
Not Found: /robots.txt
Not Found: /robots.txt
Not Found: /robots.txt
Not Found: /robots.txt
Not Found: /asax.php
Not Found: /license.txt
Not Found: /robots.txt
Not Found: /asax.php
Not Found: /asax.php
Not Found: /asax.php
Not Found: /robots.txt
Not Found: /robots.txt
Not Found: /robots.txt
Not Found: /static/img/he.jpeg
Not Found: /favicon.ico
Not Found: /favicon.ico
Not Found: /static/img/he.jpeg
Not Found: /favicon.ico
Not Found: /robots.txt
Not Found: /favicon.ico
Not Found: /asax.php
Not Found: /robots.txt
Not Found: /.well-known/apple-app-site-association
Not Found: /apple-app-site-association
Not Found: /favicon.ico
Not Found: /robots.txt
Not Found: /robots.txt
Not Found: /robots.txt
Not Found: /robots.txt
Not Found: /.well-known/apple-app-site-association
Not Found: /apple-app-site-association
Not Found: /robots.txt
Not Found: /.well-known/apple-app-site-association
Not Found: /apple-app-site-association
Not Found: /robots.txt
Not Found: /static/img/he.jpeg
Not Found: /favicon.ico
Not Found: /favicon.ico
Not Found: /robots.txt
Not Found: /robots.txt
Not Found: /static/img/he.jpeg
Not Found: /favicon.ico
Not Found: /static/img/he.jpeg
Not Found: /robots.txt
Not Found: /robots.txt
Not Found: /robots.txt
Not Found: /robots.txt
Not Found: /robots.txt
Not Found: /robots.txt
Not Found: /robots.txt
Not Found: /robots.txt
Not Found: /favicon.ico
Not Found: /favicon.ico
Not Found: /robots.txt
Not Found: /_ignition/execute-solution
Not Found: /robots.txt
Forbidden (Referer checking failed - no Referer.): /
Not Found: /phpinfo.php
Not Found: /info.php
Not Found: /php.php
Not Found: /i.php
Not Found: /pi.php
Not Found: /pinfo.php
Not Found: /test.php
Not Found: /phpinfo
Not Found: /p.php
Not Found: /debug.php
Not Found: /test/phpinfo.php
Not Found: /dev/phpinfo.php
Not Found: /old/phpinfo.php
Not Found: /tmp/phpinfo.php
Not Found: /public/phpinfo.php
Not Found: /info
Not Found: /php-info.php
Not Found: /phpversion.php
Not Found: /_phpinfo.php
Not Found: /old_phpinfo.php
Not Found: /server-info.php
Not Found: /server-status.php
Not Found: /_profiler/phpinfo
Not Found: /_environment
Not Found: /webroot/index.php/_environment
Not Found: /mail/phpinfo.php
Not Found: /cpanel/phpinfo.php
Not Found: /hosting/phpinfo.php
Not Found: /smtp/phpinfo.php
Not Found: /phpinfo.php.bak
Not Found: /phpinfo.php.old
Not Found: /phpinfo.php~
Not Found: /info.php.bak
Not Found: /phpinfo.php.save
Not Found: /staging/phpinfo.php
Not Found: /beta/phpinfo.php
Not Found: /uat/phpinfo.php
Not Found: /qa/phpinfo.php
Not Found: /preview/phpinfo.php
Not Found: /www/phpinfo.php
Not Found: /htdocs/phpinfo.php
Not Found: /public_html/phpinfo.php
Not Found: /site/phpinfo.php
Not Found: /docs/phpinfo.php
Not Found: /wp-admin/phpinfo.php
Not Found: /administrator/phpinfo.php
Not Found: /core/phpinfo.php
Not Found: /includes/phpinfo.php
Not Found: /robots.txt
Not Found: /robots.txt
Not Found: /app/
Not Found: /login/
Not Found: /static/css/style.css.map
Not Found: /static/lib/animate/animate.min.css.map
Not Found: /static/lib/owlcarousel/owl.carousel.min.js.map
Not Found: /static/js/main.js.map
Not Found: /static/css/about.css.map
Not Found: /static/lib/wow/wow.min.js.map
Not Found: /static/lib/easing/easing.min.js.map
Not Found: /static/lib/waypoints/waypoints.min.js.map
Not Found: /static/css/bootstrap.min.css.map
Not Found: /static/lib/owlcarousel/assets/owl.carousel.min.css.map
Not Found: /robots.txt
Not Found: /robots.txt
Not Found: /robots.txt
Not Found: /robots.txt
Not Found: /static/img/he.jpeg
Not Found: /favicon.ico
Not Found: /static/img/he.jpeg
Not Found: /favicon.ico
Not Found: /static/img/he.jpeg
Not Found: /favicon.ico
Not Found: /static/css/services.css
Not Found: /robots.txt
Not Found: /robots.txt
Not Found: /robots.txt
Not Found: /robots.txt
Not Found: /favicon.ico
Not Found: /robots.txt
Not Found: /robots.txt
Not Found: /robots.txt
Not Found: /robots.txt
Not Found: /license.txt
Not Found: /robots.txt
Not Found: /robots.txt
Not Found: /robots.txt
Not Found: /robots.txt
Not Found: /robots.txt
Not Found: /wp-login.php
Not Found: /robots.txt
Not Found: /robots.txt
Not Found: /static/img/he.jpeg
Not Found: /favicon.ico
Not Found: /static/img/he.jpeg
Not Found: /robots.txt
Not Found: /robots.txt
Not Found: /robots.txt
Not Found: /robots.txt
Not Found: /static/img/he.jpeg
Not Found: /favicon.ico
Not Found: /robots.txt
Not Found: /robots.txt
Not Found: /robots.txt
Not Found: /robots.txt
Not Found: /wp-login.php
Not Found: /wp-login.php
Not Found: /robots.txt
Not Found: /robots.txt
Not Found: /robots.txt
Not Found: /robots.txt
Not Found: /robots.txt
Not Found: /robots.txt
Not Found: /static/img/he.jpeg
Not Found: /static/img/he.jpeg
Not Found: /robots.txt
Not Found: /robots.txt
Not Found: /robots.txt
Not Found: /robots.txt
Not Found: /static/img/he.jpeg
Not Found: /favicon.ico
Not Found: /static/img/he.jpeg
Not Found: /favicon.ico
Not Found: /favicon.ico
Not Found: /robots.txt
Not Found: /robots.txt
Not Found: /robots.txt
Not Found: /static/img/he.jpeg
Not Found: /app/
Not Found: /login/
Not Found: /static/lib/waypoints/waypoints.min.js.map
Not Found: /static/js/main.js.map
Not Found: /static/css/bootstrap.min.css.map
Not Found: /static/lib/owlcarousel/owl.carousel.min.js.map
Not Found: /static/lib/animate/animate.min.css.map
Not Found: /static/css/style.css.map
Not Found: /static/lib/owlcarousel/assets/owl.carousel.min.css.map
Not Found: /static/lib/wow/wow.min.js.map
Not Found: /static/css/about.css.map
Not Found: /static/lib/easing/easing.min.js.map
Not Found: /app/
Not Found: /login/
Not Found: /static/lib/animate/animate.min.css.map
Not Found: /static/lib/owlcarousel/assets/owl.carousel.min.css.map
Not Found: /static/css/bootstrap.min.css.map
Not Found: /static/lib/wow/wow.min.js.map
Not Found: /static/lib/easing/easing.min.js.map
Not Found: /static/css/about.css.map
Not Found: /static/css/style.css.map
Not Found: /static/js/main.js.map
Not Found: /static/lib/waypoints/waypoints.min.js.map
Not Found: /static/lib/owlcarousel/owl.carousel.min.js.map
Not Found: /app/
Not Found: /login/
Not Found: /static/js/main.js.map
Not Found: /static/lib/owlcarousel/assets/owl.carousel.min.css.map
Not Found: /static/lib/waypoints/waypoints.min.js.map
Not Found: /static/lib/owlcarousel/owl.carousel.min.js.map
Not Found: /static/css/about.css.map
Not Found: /static/lib/easing/easing.min.js.map
Not Found: /static/lib/wow/wow.min.js.map
Not Found: /static/css/style.css.map
Not Found: /static/lib/animate/animate.min.css.map
Not Found: /static/css/bootstrap.min.css.map
Not Found: /static/img/he.jpeg
Not Found: /favicon.ico
Not Found: /apple-touch-icon.png
Not Found: /robots.txt
Not Found: /robots.txt
Not Found: /robots.txt
Not Found: /robots.txt
Not Found: /favicon.ico
Not Found: /wp-login.php
Not Found: /wp-login.php
Not Found: /robots.txt
Not Found: /robots.txt
Not Found: /robots.txt
Not Found: /xmlrpc.php
Not Found: /robots.txt
Not Found: /robots.txt
Not Found: /static/lib/owlcarousel/+a+
Not Found: /static/css/contact.css
Not Found: /static/css/services.css
Not Found: /robots.txt
Not Found: /robots.txt
Not Found: /static/img/he.jpeg
Not Found: /wp-login.php
Not Found: /wp-login.php
Not Found: /robots.txt
Not Found: /robots.txt
Not Found: /static/img/he.jpeg
Not Found: /static/img/he.jpeg
Not Found: /favicon.ico
Not Found: /static/img/he.jpeg
Not Found: /favicon.ico
Not Found: /robots.txt
Not Found: /robots.txt
Not Found: /robots.txt
Not Found: /wp-admin/install.php
Not Found: /robots.txt
Not Found: /robots.txt
Not Found: /robots.txt
Not Found: /robots.txt
Not Found: /robots.txt
Not Found: /robots.txt
Not Found: /static/img/he.jpeg
Not Found: /favicon.ico
Not Found: /apple-touch-icon-precomposed.png
Not Found: /apple-touch-icon.png
Not Found: /favicon.ico
Not Found: /apple-touch-icon-120x120-precomposed.png
Not Found: /apple-touch-icon-120x120.png
Not Found: /apple-touch-icon-precomposed.png
Not Found: /apple-touch-icon.png
Not Found: /favicon.ico
Not Found: /apple-touch-icon-120x120-precomposed.png
Not Found: /apple-touch-icon-120x120.png
Not Found: /apple-touch-icon-precomposed.png
Not Found: /apple-touch-icon.png
Not Found: /favicon.ico
Not Found: /robots.txt
Not Found: /robots.txt
Not Found: /robots.txt
Not Found: /robots.txt
Not Found: /robots.txt
Not Found: /robots.txt
Not Found: /robots.txt
Not Found: /wp-includes/ID3/license.txt//wp-includes/ID3/license.txt
Not Found: /feed//feed/
Not Found: /xmlrpc.php//xmlrpc.php
Not Found: /blog/wp-includes/wlwmanifest.xml//blog/wp-includes/wlwmanifest.xml
Not Found: /web/wp-includes/wlwmanifest.xml//web/wp-includes/wlwmanifest.xml
Not Found: /wordpress/wp-includes/wlwmanifest.xml//wordpress/wp-includes/wlwmanifest.xml
Not Found: /wp/wp-includes/wlwmanifest.xml//wp/wp-includes/wlwmanifest.xml
Not Found: /2020/wp-includes/wlwmanifest.xml//2020/wp-includes/wlwmanifest.xml
Not Found: /2019/wp-includes/wlwmanifest.xml//2019/wp-includes/wlwmanifest.xml
Not Found: /2021/wp-includes/wlwmanifest.xml//2021/wp-includes/wlwmanifest.xml
Not Found: /shop/wp-includes/wlwmanifest.xml//shop/wp-includes/wlwmanifest.xml
Not Found: /wp1/wp-includes/wlwmanifest.xml//wp1/wp-includes/wlwmanifest.xml
Not Found: /test/wp-includes/wlwmanifest.xml//test/wp-includes/wlwmanifest.xml
Not Found: /site/wp-includes/wlwmanifest.xml//site/wp-includes/wlwmanifest.xml
Not Found: /cms/wp-includes/wlwmanifest.xml//cms/wp-includes/wlwmanifest.xml
Not Found: /xmlrpc.php
Not Found: /xmlrpc.php
Not Found: /robots.txt
Not Found: /robots.txt
Not Found: /robots.txt
Not Found: /robots.txt
Not Found: /apple-touch-icon-precomposed.png
Not Found: /apple-touch-icon.png
Not Found: /favicon.ico
Not Found: /robots.txt
Not Found: /robots.txt
Not Found: /static/img/he.jpeg
Not Found: /favicon.ico
Not Found: /robots.txt
Not Found: /robots.txt
Not Found: /robots.txt
Not Found: /robots.txt
Not Found: /robots.txt
Not Found: /robots.txt
Not Found: /robots.txt
Not Found: /robots.txt
Not Found: /robots.txt
Not Found: /robots.txt
Not Found: /favicon.ico
Not Found: /robots.txt
Not Found: /static/lib/owlcarousel/+a+
Not Found: /static/css/contact.css
Not Found: /static/css/services.css
Not Found: /robots.txt
Not Found: /robots.txt
Not Found: /robots.txt
Not Found: /robots.txt
Not Found: /robots.txt
Not Found: /robots.txt
Not Found: /robots.txt
Not Found: /robots.txt
Not Found: /robots.txt
Not Found: /apple-touch-icon.png
Not Found: /apple-touch-icon-precomposed.png
Not Found: /favicon.ico
Not Found: /robots.txt
Not Found: /robots.txt
Not Found: /robots.txt
Not Found: /static/img/he.jpeg
Not Found: /favicon.ico
Not Found: /favicon.ico
Not Found: /robots.txt
Not Found: /robots.txt
Not Found: /robots.txt
Not Found: /robots.txt
Not Found: /robots.txt
Not Found: /robots.txt
Not Found: /robots.txt
Not Found: /robots.txt
Not Found: /robots.txt
Not Found: /robots.txt
Not Found: /robots.txt
Not Found: /robots.txt
Not Found: /robots.txt
Not Found: /robots.txt
Not Found: /robots.txt
Not Found: /robots.txt
Not Found: /robots.txt
Not Found: /apple-touch-icon.png
Not Found: /favicon.ico
Not Found: /apple-touch-icon-precomposed.png
Not Found: /robots.txt
Not Found: /robots.txt
Not Found: /robots.txt
Not Found: /robots.txt
Not Found: /robots.txt
Not Found: /robots.txt
Not Found: /robots.txt
Not Found: /robots.txt
Not Found: /robots.txt
Not Found: /robots.txt
Not Found: /wp-login.php
Not Found: /apple-touch-icon-precomposed.png
Not Found: /favicon.ico
Not Found: /apple-touch-icon.png
Not Found: /robots.txt
Not Found: /robots.txt
Not Found: /robots.txt
Not Found: /robots.txt
Not Found: /robots.txt
Not Found: /wp-json/gravitysmtp/v1/config
Not Found: /wp-json/gravitysmtp/v1/tests/mock-data
Not Found: /wp-json/wp/v2/settings
Not Found: /wp-json/gravitysmtp/v1/settings
Not Found: /wp-json/gravitysmtp/v1/tests/mock-data
Not Found: /robots.txt
Not Found: /robots.txt
Not Found: /asax.php
Not Found: /favicon.ico
Not Found: /robots.txt
Not Found: /robots.txt
Not Found: /api/actuator/configprops
Not Found: /api/env
Not Found: /actuator/httptrace
Not Found: /api/heapdump
Not Found: /threaddump
Not Found: /api/actuator/logfile
Not Found: /actuator/threaddump
Not Found: /actuator/dump
Not Found: /actuator/configprops
Not Found: /api/configprops
Not Found: /app/actuator/configprops
Not Found: /actuator/heapdump
Not Found: /app/actuator/env
Not Found: /app/actuator/heapdump
Not Found: /dump
Not Found: /v1/actuator/env
Not Found: /actuator/env
Not Found: /app/actuator/logfile
Not Found: /v1/actuator/heapdump
Not Found: /app/heapdump
Not Found: /api/actuator/heapdump
Not Found: /env
Not Found: /logfile
Not Found: /configprops
Not Found: /actuator/trace
Not Found: /v2/actuator/heapdump
Not Found: /api/actuator/env
Not Found: /v1/actuator/configprops
Not Found: /actuator/auditevents
Not Found: /trace
Not Found: /backend/actuator/configprops
Not Found: /backend/actuator/heapdump
Not Found: /actuator/sessions
Not Found: /actuator/logfile
Not Found: /server/actuator/heapdump
Not Found: /backend/actuator/env
Not Found: /v2/actuator/configprops
Not Found: /heapdump
Not Found: /server/actuator/env
Not Found: /v2/actuator/env
Not Found: /.aws/credentials
Not Found: /.aws/config
Not Found: /.gcloud/credentials.json
Not Found: /.config/gcloud/credentials.db
Not Found: /internal/actuator/env
Not Found: /internal/actuator/heapdump
Not Found: /aws.json
Not Found: /.azure/credentials
Not Found: /credentials
Not Found: /aws-credentials.json
Not Found: /serviceaccount.json
Not Found: /service-account.json
Not Found: /aws_credentials.json
Not Found: /gcp-credentials.json
Not Found: /google-credentials.json
Not Found: /firebase-credentials.json
Not Found: /gcp.json
Not Found: /firebase-adminsdk.json
Not Found: /cloud.json
Not Found: /.credentials
Not Found: /config/aws.json
Not Found: /config/service-account.json
Not Found: /backend/service-account.json
Not Found: /config/.aws/credentials
Not Found: /app/service-account.json
Not Found: /backend/aws.json
Not Found: /private/service-account.json
Not Found: /deploy/credentials.json
Not Found: /api/credentials.json
Not Found: /private/credentials.json
Not Found: /secrets/gcp.json
Not Found: /deploy/service-account.json
Not Found: /secrets/aws.json
Not Found: /secrets/azure.json
Not Found: /secrets/credentials.json
Not Found: /php.php
Not Found: /debug.php
Not Found: /info.php
Not Found: /test.php
Not Found: /_profiler
Not Found: /phptest.php
Not Found: /_profiler/phpinfo
Not Found: /api/phpinfo.php
Not Found: /profiler
Not Found: /_profiler/open
Not Found: /docker-compose.yml
Not Found: /profiler/phpinfo
Not Found: /docker-compose.prod.yml
Not Found: /docker-compose.yaml
Not Found: /docker-compose.dev.yml
Not Found: /docker-compose.prod.yaml
Not Found: /docker-compose.staging.yml
Not Found: /docker-compose.production.yml
Not Found: /phpinfo.php
Not Found: /Dockerfile
Not Found: /docker-compose.override.yml
Not Found: /docker-compose.local.yml
Not Found: /api/docker-compose.yml
Not Found: /.docker/config.json
Not Found: /api/docker-compose.prod.yml
Not Found: /app/docker-compose.yml
Not Found: /app/docker-compose.prod.yml
Not Found: /backend/docker-compose.prod.yml
Not Found: /backend/docker-compose.yml
Not Found: /deploy/docker-compose.prod.yml
Not Found: /deploy/docker-compose.yml
Not Found: /infra/docker-compose.yml
Not Found: /infrastructure/docker-compose.yml
Not Found: /services/docker-compose.yml
Not Found: /docker/docker-compose.yml
Not Found: /config/docker-compose.yml
Not Found: /devops/docker-compose.yml
Not Found: /server/docker-compose.yml
Not Found: /kubernetes.yml
Not Found: /k8s.yml
Not Found: /kubernetes.yaml
Not Found: /helm/values.yaml
Not Found: /internal/docker-compose.yml
Not Found: /k8s.yaml
Not Found: /docker/docker-compose.prod.yml
Not Found: /helm/values.yml
Not Found: /helm/values-production.yaml
Not Found: /terraform.tfvars
Not Found: /terraform.tfstate
Not Found: /infra/terraform.tfvars
Not Found: /deploy/terraform.tfvars
Not Found: /.terraform/terraform.tfstate
Not Found: /api/aws.json
Not Found: /dump.sql
Not Found: /db.sql
Not Found: /backup.sql
Not Found: /database.sql
Not Found: /mysqldump.sql
Not Found: /data.sql
Not Found: /backup.sql.gz
Not Found: /dump.sql.gz
Not Found: /pg_dump.sql
Not Found: /db.sql.gz
Not Found: /dump.zip
Not Found: /backup.zip
Not Found: /backup.tar.gz
Not Found: /db.zip
Not Found: /site.zip
Not Found: /web.zip
Not Found: /www.zip
Not Found: /sql/backup.sql
Not Found: /sql/dump.sql
Not Found: /backup/db.sql
Not Found: /backup.tar.bz2
Not Found: /sql/db.sql
Not Found: /backups/dump.sql
Not Found: /tmp/dump.sql
Not Found: /backups/db.sql
Not Found: /exports/db.sql
Not Found: /tmp/backup.sql
Not Found: /backup/dump.sql
Not Found: /config.yml
Not Found: /settings.ini
Not Found: /settings.json
Not Found: /config.php
Not Found: /config.env
Not Found: /config.json
Not Found: /application.yaml
Not Found: /configuration.json
Not Found: /application.yml
Not Found: /configuration.yml
Not Found: /config.ini
Not Found: /config.yaml
Not Found: /settings.py
Not Found: /configuration.php
Not Found: /settings.yml
Not Found: /settings.php
Not Found: /app.yaml
Not Found: /appsettings.Production.json
Not Found: /application.properties
Not Found: /parameters.yml
Not Found: /app.json
Not Found: /application.json
Not Found: /appsettings.json
Not Found: /app.yml
Not Found: /config.js
Not Found: /parameters.yaml
Not Found: /appsettings.Development.json
Not Found: /database.yml
Not Found: /parameters.php
Not Found: /database.yaml
Not Found: /database.json
Not Found: /database.ini
Not Found: /db.php
Not Found: /db.yml
Not Found: /database.php
Not Found: /db.json
Not Found: /credentials.yml
Not Found: /credentials.json
Not Found: /secrets.yaml
Not Found: /secrets.json
Not Found: /credentials.yaml
Not Found: /secrets.yml
Not Found: /secrets.env
Not Found: /api_keys.yml
Not Found: /keys.json
Not Found: /api-keys.json
Not Found: /secret.json
Not Found: /api_keys.json
Not Found: /private.json
Not Found: /api/config.php
Not Found: /api/config.json
Not Found: /api/settings.json
Not Found: /api/config.yml
Not Found: /api/database.yml
Not Found: /api/database.php
Not Found: /api/application.yml
Not Found: /api/application.properties
Not Found: /api/settings.yml
Not Found: /api/appsettings.json
Not Found: /api/credentials.json
Not Found: /api/parameters.yml
Not Found: /api/secrets.json
Not Found: /api/keys.json
Not Found: /api/v2/config.json
Not Found: /api/v1/application.yml
Not Found: /api/v1/config.json
Not Found: /api/v2/application.yml
Not Found: /app/config.yml
Not Found: /app/config.php
Not Found: /app/config.json
Not Found: /app/database.yml
Not Found: /app/credentials.json
Not Found: /app/settings.php
Not Found: /app/database.php
Not Found: /app/settings.json
Not Found: /app/application.yml
Not Found: /app/application.properties
Not Found: /app/secrets.json
Not Found: /app/parameters.yml
Not Found: /backend/config.php
Not Found: /backend/settings.php
Not Found: /backend/config.yml
Not Found: /backend/config.json
Not Found: /backend/settings.py
Not Found: /backend/settings.json
Not Found: /backend/secrets.json
Not Found: /backend/credentials.json
Not Found: /backend/database.php
Not Found: /backend/application.yml
Not Found: /backend/database.yml
Not Found: /backend/appsettings.json
Not Found: /backend/application.properties
Not Found: /src/config.php
Not Found: /backend/parameters.yml
Not Found: /src/config.json
Not Found: /src/config.yml
Not Found: /src/settings.json
Not Found: /src/settings.py
Not Found: /src/credentials.json
Not Found: /src/database.yml
Not Found: /src/secrets.json
Not Found: /src/application.yml
Not Found: /src/application.properties
Not Found: /server/config.json
Not Found: /server/settings.json
Not Found: /server/config.yml
Not Found: /server/application.yml
Not Found: /server/database.yml
Not Found: /server/appsettings.json
Not Found: /server/application.properties
Not Found: /server/credentials.json
Not Found: /server/secrets.json
Not Found: /config/config.json
Not Found: /config/config.php
Not Found: /config/config.yml
Not Found: /config/settings.json
Not Found: /config/settings.php
Not Found: /config/database.php
Not Found: /config/database.yml
Not Found: /config/credentials.json
Not Found: /config/database.json
Not Found: /config/secrets.json
Not Found: /config/keys.json
Not Found: /config/application.yml
Not Found: /config/application.properties
Not Found: /config/parameters.yml
Not Found: /config/parameters.yaml
Not Found: /config/services.php
Not Found: /config/mail.php
Not Found: /config/cache.php
Not Found: /config/app.php
Not Found: /services/config.yml
Not Found: /services/config.json
Not Found: /services/database.yml
Not Found: /services/secrets.json
Not Found: /internal/config.json
Not Found: /services/application.yml
Not Found: /internal/config.yml
Not Found: /private/config.json
Not Found: /private/credentials.json
Not Found: /internal/credentials.json
Not Found: /internal/secrets.json
Not Found: /private/secrets.json
Not Found: /deploy/config.json
Not Found: /deploy/secrets.json
Not Found: /v1/config.json
Not Found: /v2/config.json
Not Found: /bootstrap/cache/config.php
Not Found: /local-config.php
Not Found: /wp-config.php
Not Found: /storage/logs/laravel.log
Not Found: /app/config/parameters.yml
Not Found: /app/config/config.yml
Not Found: /app/config/parameters.yaml
Not Found: /settings/production.py
Not Found: /settings/local.py
Not Found: /settings/base.py
Not Found: /core/settings.py
Not Found: /project/settings.py
Not Found: /application/config/database.php
Not Found: /application/config/config.php
Not Found: /system/application/config/database.php
Not Found: /WEB-INF/context.xml
Not Found: /WEB-INF/web.xml
Not Found: /WEB-INF/classes/application.properties
Not Found: /META-INF/context.xml
Not Found: /.idea/dataSources.xml
Not Found: /.idea/dataSources.local.xml
Not Found: /.idea/WebServers.xml
Not Found: /.idea/workspace.xml
Not Found: /.idea/deployment.xml
Not Found: /.vscode/settings.json
Not Found: /.vscode/sftp.json
Not Found: /.vscode/launch.json
Not Found: /.vscode/tasks.json
Not Found: /.travis.yml
Not Found: /.gitlab-ci.yml
Not Found: /.circleci/config.yml
Not Found: /.github/workflows/deploy.yml
Not Found: /.github/workflows/main.yml
Not Found: /.github/workflows/ci.yml
Not Found: /.github/workflows/production.yml
Not Found: /Jenkinsfile
Not Found: /jenkins/Jenkinsfile
Not Found: /.drone.yml
Not Found: /.drone.yaml
Not Found: /bitbucket-pipelines.yml
Not Found: /azure-pipelines.yml
Not Found: /.buildkite/pipeline.yml
Not Found: /debug.log
Not Found: /app.log
Not Found: /error.log
Not Found: /laravel.log
Not Found: /application.log
Not Found: /access.log
Not Found: /server.log
Not Found: /trace.log
Not Found: /logs/debug.log
Not Found: /logs/error.log
Not Found: /logs/app.log
Not Found: /log/error.log
Not Found: /logs/application.log
Not Found: /web.config
Not Found: /log/debug.log
Not Found: /nginx.conf
Not Found: /nginx.config
Not Found: /.gitconfig
Not Found: /server.xml
Not Found: /.netrc
Not Found: /.npmrc
Not Found: /.bash_history
Not Found: /.pypirc
Not Found: /.ssh/id_rsa
Not Found: /.ssh/authorized_keys
Not Found: /id_rsa
Not Found: /private.key
Not Found: /private_key.pem
Not Found: /server.key
Not Found: /server.pem
Not Found: /robots.txt
Not Found: /robots.txt
Not Found: /robots.txt
Not Found: /apple-touch-icon.png
Not Found: /favicon.ico
Not Found: /apple-touch-icon-precomposed.png
Not Found: /robots.txt
Not Found: /robots.txt
Not Found: /robots.txt
Not Found: /robots.txt
Not Found: /robots.txt
Not Found: /static/img/he.jpeg
Not Found: /favicon.ico
Not Found: /favicon.ico
Not Found: /robots.txt
Not Found: /robots.txt
Not Found: /robots.txt
Not Found: /robots.txt
Not Found: /wp-login.php
Not Found: /asax.php
Not Found: /asax.php
Not Found: /robots.txt
Not Found: /robots.txt
Not Found: /favicon.ico
Not Found: /apple-touch-icon.png
Not Found: /apple-touch-icon-precomposed.png
Not Found: /favicon.ico
Not Found: /static/img/he.jpeg
Not Found: /favicon.ico
Not Found: /static/img/he.jpeg
Not Found: /favicon.ico
Not Found: /static/img/he.jpeg
Not Found: /favicon.ico
Not Found: /static/img/he.jpeg
Not Found: /static/img/he.jpeg
Not Found: /favicon.ico
Not Found: /static/img/he.jpeg
Not Found: /favicon.ico
Not Found: /static/img/he.jpeg
Not Found: /favicon.ico
Not Found: /static/img/he.jpeg
Not Found: /favicon.ico
Not Found: /static/img/he.jpeg
Not Found: /favicon.ico
Not Found: /static/img/he.jpeg
Not Found: /favicon.ico
Not Found: /static/img/he.jpeg
Not Found: /favicon.ico
